ID,study_title,hypothesis_statement,effect_of_interest,statistical_result,df_t,t_statistic,p_value_t,es,ci_es,df1_f,df2_f,f_statistic,p_value_f,es_f,ci_f,preregistration,raw_data,access_raw_data,Any_stats?,p-values?,test_stats?,Df?,ES?,CI_ES?,,Colour Legend,
1,THE WEEK AFTER RUNNING A MARATHON: EFFECTS OF RUNNING vs ELLIPTICAL TRAINING vs RESTING ON NEUROMUSCULAR PERFORMANCE AND MUSCLE DAMAGE RECOVERY,"We hypothesized that muscle damage recovery would be faster in resting and elliptical training groups compared to the running group (Sherman et al., 1984; Wiewelhove et al., 2016), whereas neuromuscular performance recovery would be faster in the elliptical training group (Nakagawa et al., 2018).",difference of means,"Moreover, at 96h post-race SJ height was significantly and moderately better in RUN compared to REST group (108.29 ± 10.64% vs 100.58 ± 9.16%, p=0.020, d=0.80)Moreover, at 96h post-race SJ height was significantly and moderately better in RUN compared to REST group (108.29 ± 10.64% vs 100.58 ± 9.16%, p=0.020, d=0.80)",,,p = 0.02,not reported,not reported,,,,,,,clinical trial,no,,Yes,Yes,No,No,No,No,,Orange,incomplete information in paper
2,Sodium Bicarbonate Supplementation Does Not Improve Running Anaerobic Sprint Test Performance in Semiprofessional Adolescent Soccer Players,It was hypothesized that NaHCO3 supplementation would improve performance and reduce fatigue and perceptual measures of the semiprofessional athletes.,main effect,Supplementation with NaHCO3 did not improve total RAST time (p (treatment factor) = 0.533),,,,,,,,,p = 0.533,not reported,no,no,no,,Yes,Yes,No,No,No,No,,Yellow,Estimated incomplete information
3,Sweat Characteristics of Cramp-Prone and Cramp-Resistant Athletes,"We hypothesized sweat losses would be higher in cramp-prone athletes, these variables would be capable of identifying cramp-prone athletes, and sweat losses would be different across gender and sports.",main effect,"We did not observe a main effect for “EAMC history” for [Na+]sw, F(1, 313) = 2.28, p = .13",,,,,,1,313,2.28,p = 0.13,not reported,no,no,no,,Yes,Yes,Yes,Yes,No,No,,Green,All relevant information contained for reproducibility check
4,"Postexercise Glucose–Fructose Coingestion Augments Cycling Capacity During Short-Term and Overnight Recovery From Exhaustive Exercise, Compared With Isocaloric Glucose","We hypothesized that, compared with glucose alone, isocaloric glucose–fructose coingestion would augment cycling capacity in short and overnight experiments.",difference of means,Exercise capacity was greater in glucose + fructose com- pared with glucose only (28.0 ± 8.4 vs. 22.8 ± 7.3 min; p = .039; d = 0.65,,,p = 0.039,not reported,not reported,,,,,,,no,no,,Yes,Yes,No,No,No,No,,,
5,Cooling During Endurance Cycling in the Heat: Blunted Core Temperature but Not Inflammatory Responses,It was hypothesized that the cooling stimulus induced by percooling with an ice vest would be sufficient to reduce thermal strain but would not blunt desirable inflammatory and metabolic responses.,difference of means,"For Tcore, a statistical main effect was observed for interaction (P = .004). The increase in Tcore was statistically larger in CON compared with ICE (P = .004; ES = 1.37 [0.29–2.45]).",,,p = 0.004,not reported,not reported,,,,,,,no,no,,Yes,Yes,No,No,No,No,,,
6,Power attenuation from restricting range of motion is minimized in subjects with fast RTD and following isometric training,1) peak power would be greater in the unrestricted versus restricted ROM,interaction effect,"Peak power increased following training at both MTU lengths with a MTU length × training interaction [F(1, 51) = 5.97, P < 0.05, ηp2 = 0.11], no main effect of MTU length [F(1, 51) = 1.32, P = 0.26], and a main effect of training [F(1, 51) = 33.9, P < 0.05, ηp2 = 0.40]",,,,,,1,51,5.97,P < 0.05,standardised,no,no,no,,Yes,Yes,Yes,Yes,standardised,No,,,
7,Muscle fiber typology substantially influences time to recover from high- intensity exercise,We hypothesized that subjects with a FT are characterized by more pronounced fatigue and delayed recovery in the 5 h after the high-intensity exercise compared with subjects with a ST.,main effect,total power drop over three repeated Win- gate tests was significantly higher in the FT group (–61%) compared with the ST group (–41%) (Fig. 3A; P < 0.001).,,,,,,,,,p < 0.001,not reported,no,no,no,,Yes,Yes,No,No,No,No,,,
8,Effects of Four Different Velocity-Based Training Programming Models on Strength Gains and Physical Performance,"itwas hypothesized that all programming models would induce similar performance adaptations in young moderately strength-trained men because they would be performed under similar intensities, volume, level of effort (i.e., VL in the set), and interset rest periods.",interaction effect,No significant “group” 3 “time” interactions were observed for any of the SQ strength variables (1RM: p = 0.18),,,,,,,,,p = 0.18,not reported,no,no,no,,Yes,Yes,No,No,No,No,,,
9,Age-related differences in vastus lateralis fascicle behavior during fast accelerative leg-extension movements,"We hypothesized subjects would be able to generate a greater amount of upper extremity torque when performing a volitional isometric core contraction compared with when the core musculature was recruited in an automatic, subconscious fashion",difference of means,"Isometric shoulder flexion peak torque was greater when the abdominals were actively contracted (44.6 6 18.9 N 3 m) compared with ISFPT when the abdominals were recruited subconsciously (30.7 6 15.7 N 3 m) (t = 8.69, p , 0.001).",29,8.69,p < 0.001,not reported,not reported,,,,,,,no,no,,Yes,Yes,Yes,No,No,No,,,
10,Fatigue-related changes in vertical impact properties during normal and silent running,"It was hypothesized that fatigued runners would present increased vertical impact properties (peak sounds and loading rates) especially during silent running, as it may be

a more metabolically demanding locomotor task.",main effect,"There was a greater peak impact sound during normal running when compared to silent running (F (1,16) = 49.5, p < 0.0001, ŋp2 = 0.76,",,,,,,1,16,49.5,p < 0.0001,standardised,no,no,no,,Yes,Yes,Yes,Yes,standardised,No,,,
11,Changes to horizontal force-velocity and impulse measures during sprint running acceleration with thigh and shank wearable resistance,It was hypothesized that greater changes to the horizontal F-v and impulse measures would occur with shank WR due to the greater inherent rotational inertia.,difference of means,"(table 1) F0 was lower in the shank condition than in the thigh condtion ES=0.27, p = 0.04",,,p = 0.03,not reported,not reported,,,,,,,no,no,,Yes,Yes,No,No,No,No,,,
12,Resistance training intervention performed with different muscle action durations influences the maximal dynamic strength without promoting joint-angle specific strength gains,"larger MVIC gains would occur at initial angles of the ROM for faster training protocols. In contrast, larger MVIC

ments at the end of the ROM would be observed for slower training protocols.",main effect,"Results of relative change in MVIC showed only significant effects for group (F3, 36 = 4.78; p = 0.007; η2 = 0.121) and angle (F6, 216 = 4.81; p < 0.001; η2 = 0.063)",,,,,,6,216,4.81,p < 0.001,standardised,no,no,no,,Yes,Yes,Yes,Yes,standardised,No,,,
13,Exercise Performance Is Impaired during the Midluteal Phase of the Menstrual Cycle,"We hypothesized that an 8-km cycling time trial performance would be slower in the ML phase

compared with the MF phase and that this would coincide with

a more negative mood state during the ML compared with the

MF phase.",difference of means,"There was, on average, a difference of 26 ± 36 s (2.6%) between phases (P = 0.030, 95% CI = 3–49 s, Cohen’s dz = 0.72).",,,p = 0.03,standardised,"yes, only for the unstandardised",,,,,,,no,no,,Yes,Yes,No,No,standardised,"yes, only for the unstandardised",,,
14,Oral L-Tyrosine Supplementation Improves Core Temperature Maintenance in Older Adults,"we hypothesized that older adults supplemented with tyrosine will exhibit a greater

cutaneous VC response during 90min of whole-body cooling,

and the increased VC will correspond to a reduction in their

decline in TES.",difference of means,"Oral tyrosine ingestion augmented the cutaneous VC response to cooling in older adults (placebo, 14.4 ± 2.0; tyrosine, 32.7% ± 1.7% ΔCVC BASELINE; P < 0.05)",,,p < 0.05,not reported,not reported,,,,,,,no,no,,Yes,Yes,No,No,No,No,,,
15,Does a Loaded Warm-Up Influence Jump Asymmetry and Badminton-Specific Change of Direction Performance?,"It was hypothesized that the LWU would significantly improve CODS, but not SLCMJ perfor- mance or asymmetry.",difference of means,No significant differences between the CWU and LWU were observed for any variable (Table 3).,,,p = 0.075,standardised,Yes,,,,,,,no,no,,Yes,Yes,No,No,standardised,Yes,,,
16,"No effect of transcranial direct current stimulation of frontal, motor or visual cortex on performance of a self-paced visuomotor skill","it was hypothesised that frontal stimulation would have beneficial effects for both golf putting performance and QE duration, due to facilitation of executive areas involved in attentional control (Corbetta & Shulman, 2002).",main effect,"To examine the effect of stimulation group on golf putting perfor- mance a 4 (group) x 2 (condition) ANCOVA was conducted on radial error scores, no effect of group, F(3,66) = 2.09, p = .11, η2 = 0.053,",,,,,,3,66,2.09,p = 0.11,standardised,no,no,yes,yes,Yes,Yes,Yes,Yes,standardised,No,,,
17,Integrating visual trajectory and probabilistic information in baseball batting,i) Batting performance would be significantly better for later occlusion times.,main effect,"The ANOVA performed on these data revealed a significant main effect of occlusion time, F(2, 38) = 34.9, p < 0.001, η2p = .65. For both the 0.5 and 0.65 probability conditions the proportion of hits was significantly higher for the 150 ms occlusion time as compared to 50 ms, t(19) = 9.8, p < 0.001, d = 2.6 and t(19) = 7.2, p < 0.001, d = 1.9.",,,,,,2,38,34.9,p < 0.001,standardised,no,no,no,,Yes,Yes,Yes,Yes,standardised,No,,,
18,Effects of three neuromuscular electrical stimulation methods on muscle force production and neuromuscular fatigue,"It was hypothesized that the use of WP + VIB would increase TTI

and delay neuromuscular fatigue after stimulation when compared with NP and WP",difference of means,"TTI was higher during WP + VIB (19.63 ± 6.34 MVC.s, mean difference = 3.66, p < 0.001, Cohen's d = 0.501) than during WP (15.97 ± 4.79 MVC.s) condition",,,p < 0.001,not reported,not reported,,,,,,,no,no,,Yes,Yes,No,No,No,No,,,
19,Caffeine increases strength and power performance in resistance- trained females during early follicular phase,"We hypothesized a caffeine-induced increase in maximal strength and muscular

activation levels, vertical jump height, as well as in muscular

endurance, compared to placebo ingestion.",difference of means,"Caffeine significantly improved squat (4.5 ± 1.9%, effect size [ES]: 0.25)",,,p < 0.001,not reported,not reported,,,,,,,no,no,,Yes,Yes,No,No,No,No,,,
20,Cycling-specific isometric resistance training improves peak power output in elite sprint cyclists,"We hypothesized that the novel, cycling-specific isometric training stimulus would

elicit improvements in the PPO of already very well-trained athletes.",interaction effect,"from the change in CON (group × time interaction P = .14). Peak power output relative to body mass increased more in EXP compared to CON (group × time interaction P = .02),",,,,,,,,,p = 0.02,not reported,no,no,no,,Yes,Yes,No,No,No,No,,,
21,Hypohydration but not menstrual phase influences pain perception in healthy women,hypohydration would increase experimental pain sensitivity in women,main effect,"Pain tolerance was lower during HYPO than in EUH [by 34 (46) s; P = 0.02, η2p = 0.37)",,,,,,,,,p = 0.02,both types are reported,no,no,no,,Yes,Yes,No,No,Both,No,,,
22,The effects of fatiguing exercise and load carriage on the perception and initiation of movement,We hypothesized that fatigue and load carriage would negatively affect both accuracy (decreased) and initiation times (increased) for affordance perception.,interaction effect,"A repeated measures ANOVA (Figure 2) showed no significant interaction of exercise intensity and load carriage on RT (F (2.7,59.8) = 0.390, p = 0.82)",,,,,,2.7,59.8,0.39,p = 0.82,not reported,no,no,no,,Yes,Yes,Yes,Yes,No,No,,,
23,Priming exercise increases Wingate cycling peak power output,It was hypothesised that prior exercise will improve peak performance and resistance to fatigue in a following all out supra maximum effort.,main effect,"P = 0.009 In particular, the Priming30 condition exhibited greater values (595±84 W and 7.91±0.74 W/kg) compared to the control (567±85 W and 7.54± 0.79 W/kg)",,,,,,,,,p = 0.009,not reported,no,no,no,,Yes,Yes,No,No,No,No,,,
24,Influence of Dietary Nitrate Supplementation on High-Intensity Intermittent Running Performance at Different Doses of Normobaric Hypoxia in Endurance-Trained Males,it was hypothesized that BR supplementation would progressively enhance high-intensity intermittent running performance as the hypoxic dose was increased.,difference of means,"There were no differences in Tlim between PLA and BR supplementation at 0 m (445 [324, 508] and 410 [368, 548] s; ES = 0.26), 1,200 m (341 [270, 390] and 332 [314, 356] s; ES = 0.06) or 2,400 m (233 [177, 373] and 251 [221, 323] s; ES = 0.12) (p > .05).",,,p > 0.05,standardised,not reported,,,,,,,no,no,,Yes,Yes,No,No,standardised,No,,,
25,Effects of Adding Post-Workout Microcurrent in Males Cross Country Athletes,We hypothesised that combining microcurrent with endurance training induces additional performance benefits when compared to the training intervention alone (sham group).,main effect,"Both groups similarly increased MAS with no significant difference between groups Group: F(1,16)=0.03, p=0.876, η2=0.01",,,,,,1,16,0.03,p = 0.876,standardised,no,clinical trial,no,,Yes,Yes,Yes,Yes,standardised,No,,,
26,No Dose Response Effect of Carbohydrate Mouth Rinse on Cycling Time-Trial Performance,Our hypothesis was that greater carbohydrate concentrations in the rinsed solution would be associated with greater improvements in cycle time trial performance.,difference of means,no difference between the two CHO trials (p = .737),,,p = 0.737,not reported,not reported,,,,,,,no,no,,Yes,Yes,No,No,No,No,,,
27,L-Arginine Improves Endurance to High-Intensity Interval Exercises in Overweight Men,"hypothesized that such men receiving supplementation with L-arginine would have an enhanced exercise tolerance through HIIE (Álvares et al., 2012; Bailey et al., 2010; McKnight et al.,

2010), as measured by various markers of ventilatory function.",main effect,"The VE significantly increased during HIIE regardless of which supplement was consumed, F(24, 504)=68.56, p=.0001, ES= 0.76.",,,,,,24,504,68.56,p = 0.0001,standardised,no,no,no,,Yes,Yes,Yes,Yes,standardised,No,,,
28,Improving Utilization of Maximal Oxygen Uptake and Work Economy in Recreational Cross-Country Skiers With High-Intensity Double-Poling Intervals,"It can, therefore, be hypothesized that DP-specific high-intensity aerobic interval training

(HIT DP) could improve %RUN-VO2max in nonspecially DP

trained, but competitive, cross-country skiers.",difference of means,p = .085,,,p = 0.085,not reported,not reported,,,,,,,no,no,,Yes,Yes,No,No,No,No,,,
29,The Acute Physiological and Perceptual Effects of Individualizing the Recovery Interval Duration Based Upon the Resolution of Muscle Oxygen Consumption During Cycling Exercise,"Itwas hypothesized that the IND recovery duration would increase work interval power

output (PO) resulting in a greater acute physiological response during

the work intervals when compared with the STD recovery duration.",main effect,"No main effect of recovery duration F = 1.95, p = 0.18, n2p = 0.12",,,,,,2,26,1.95,p = 0.18,standardised,no,no,no,,Yes,Yes,Yes,No,standardised,No,,,
30,"Effects of 4, 8, and 12 Repetition Maximum Resistance Training Protocols on Muscle Volume and Strength","We hypothesized that the increase in the muscle strength would be greatest with the 4RM protocol, increase in muscle volume would be greatest with the 12RM protocol, and increases in muscle strength and volume would be intermediate with the 8RM protocol",difference of means,"The relative increase in 1RM in the 12RM group was significantly lower than that in the 4RM (p = 0.029, ES = 0.97) and 8RM (p = 0.021, ES = 1.03) groups",,,p = 0.029,standardised,not reported,,,,,,,no,no,,Yes,Yes,No,No,standardised,No,,,
31,Effects of a Strength-Dominated Exercise Program on Physical Fitness and Cognitive Performance in Preschool Children,"we hypothesized that the applied intervention program is more

effective to enhance primary (e.g., muscle strength of upper body,

muscle power of lower body) and secondary (e.g., static balance,

coordination, attention) outcomes compared with a regular

physical activity promoting kindergarten curriculum.",interaction effect,group x time interaction effects p < 0.001; d = 1.18,,,,,,,,,p < 0.001,standardised,no,no,no,,Yes,Yes,No,No,standardised,No,,,
32,"Acute Effect of Drop-Set, Traditional, and Pyramidal Systems in Resistance Training on Neuromuscular Performance in Trained Adults","Because the strategy adopted in RT session affects neuromuscular

responses (17,20), we hypothesized that lower- and

upper-limb performance will be impaired after RT session;",main effect,"for group (F(2,34) = 7.878, p 5 0.002)",,,,,,2,34,7.878,p = 0.002,not reported,no,no,no,,Yes,Yes,Yes,Yes,No,No,,,
33,"The effect of 1,3-butanediol and carbohydrate supplementation on running performance",It was hypothesised that CHO + BD supplementation would increase blood BHB concentrations and also enhance running performance.,difference of means,TT performances were similar in CHO-BD (1261±96s) and CHO trials (1265 ± 93 s) (p = 0.723),,,p = 0.723,not reported,not reported,,,,,,,no,no,,Yes,Yes,No,No,No,No,,,
34,Dynamic post-activation potentiation protocol improves rowing performance in experienced female rowers,"We hypothesized that both ISO and DYN protocols will improve rowing performance compared to the control condition, and that DYN will be superior to ISO.",main effect,A significant main effect for the condition was observed for total distance covered (p < 0.05),,,,,,,,,p < 0.05,standardised,no,no,no,,Yes,Yes,No,No,standardised,No,,,
35,Tibial acceleration and shock attenuation while running over different surfaces in a trail environment,"It was hypothesised dirt and gravelwould produce 1) lower tibial accelerations than running over apaved surface, 2) greater shock attenuation than running over apaved surface, and 3) no differences in tibial accelerations or shockattenuations between dirt and gravel running surfaces",main effect,No significant differences (Table 1) were found among running surfaces for peak tibial braking acceleration (p = 0.89) ES = 0.01,,,,,,,,,p = 0.89,standardised,no,no,no,,Yes,Yes,No,No,standardised,No,,,
36,Effect of photobiomodulation therapy on performance and running economy in runners: A randomized double-blinded placebo-controlled trial,our first hypothesis was that PBMT would result in a better performance (time reduction) during the 3000 m running test compared to the placebo condition,difference of means,The PBMT application before the 3000 m test resulted in running performance improvement (~7 seconds) compared to the placebo application (P < 0.007; ES = 0.610; Figure 3).,,,p < 0.007,not reported,not reported,,,,,,,no,no,,Yes,Yes,No,No,No,No,,,
37,Intermittent exercise-heat exposures and intense physical activity sustain heat acclimation adaptations,We hypothesize that regular intermittent exercise-heat exposures would retain HA adaptations 25 days after initial HA,difference of means,"Post-exercise HR was 28 bpm ([8,48], ES = 1.41, p = 0.01) lower in IHE compared to CON at +25d",,,p = 0.01,not reported,not reported,,,,,,,no,no,,Yes,Yes,No,No,No,No,,,
38,Mental fatigue independent of boredom and sleepiness does not impact self-paced physical or cognitive performance in normoxia or hypoxia,"mental fatigue, independently of hypoxia, will negatively impact both physical and cognitive performance;",main effect,"Mental fatigue had no effect on average power output during the time trial, p = 0.853 (η2p = 0.003)",,,,,,,,,p = 0.853,standardised,no,no,no,,Yes,Yes,No,No,standardised,No,,,
39,Blood Flow Restriction Improves Executive Function after Walking,we hypothesized that BFR exercise improves postexercise EF because of increases in blood lactate levels,main effect,there were no significant effects on EF parameters for both BFR and NBFR conditions (p = 0.77; reaction time in Congruent Task),,,,,,,,,p = 0.770,not reported,no,no,no,,Yes,Yes,No,No,No,No,,,
40,Exercise and Protein Effects on Strength and Function with Weight Loss in Older Women,"We hypothesized that although all treat- ments would confer favorable effects on weight status, body composition, and LEPF, the higher protein diet combined with exercise group would experience the greatest benefit in all out- comes of interest, especially LEPF, compared with the con- ventional protein control diet with exercise or protein diet alone groups.",interaction effect,"Group–time interactions were significant for all physical function variables (UPGO: F(3.1, 86.3) = 4.4, P < 0.01, η2 = 0.136;",,,,,,3.1,86.3,4.4,P < 0.01,standardised,no,clinical trial,no,,Yes,Yes,Yes,Yes,standardised,No,,,
41,The effects of coaches’ emotional expressions on players’ performance: Experimental evidence in a football context,We further predicted that expressed pride would benefit players’ performance.,interaction effect,"For original time, or the interaction (F1, 26 = 0.15, p = .70, η2p = 0.006)",,,,,,1,26,0.15,p = 0.70,standardised,no,no,no,,Yes,Yes,Yes,Yes,standardised,No,,,
42,Different task success criteria affect expectancies of success but do not improve golf putting performance,"Third, task performance and learning will improve with increased expectations of success and will decline when expectations of success are low.",interaction effect,"the interaction, F (4, 52) = 1.1, p = .37, ƞ2p = .08, power = .32, was not found to be significant",,,,,,4,52,1.1,p = 0.37,standardised,no,no,no,,Yes,Yes,Yes,Yes,standardised,No,,,
43,EEG neurofeedback improves cycling time to exhaustion,we hypothesized that increased relative left frontal cortical activity would allow individuals to cycle for longer during a constant load time-to-exhaustion task compared to both the opposite neurofeedback intervention (increased relative right frontal cortical activity) and a passive control intervention.,difference of means,"Orthogonal planned contrasts confirmed that the NFL group performed significantly better than the other two groups, t (37) = 2.03, p = .050, gs = 0.64, while the performance of the NFR and the passive control groups did not differ from each other, t (37) = 0.33, p = .744, gs = 0.10.",37,2.03,p = 0.050,not reported,not reported,,,,,,,no,no,,Yes,Yes,Yes,Yes,No,No,,,
44,Carbohydrates do not accelerate force recovery after glycogen-depleting followed by high-intensity exercise in humans,We hypothesized that glycogen resynthesis with CARB supplementation would improve recovery of PLFFD following an exercise task involving prolonged moderate-intensity exer- cise followed by sprint cycling.,main effect,CARB supplementation had no beneficial effect on the recovery of MVC torque,,,,,,,,,not reported,not reported,no,no,no,,Yes,No,No,No,No,No,,,
45,Superior performance improvements in elite cyclists following short-interval vs effort-matched long-interval training,we hypothesized that short intervals would result in su- perior improvements in the performance indicators as well as in the 20-minute cycling performance test.,main effect,"There was a larger (F = 14.43, P < .01; ES d = 0.67) percentage improvement in mean power output during the 20-minute test in SI than LI",,,,,,1,15,14.43,p < 0.01,standardised,no,no,no,,Yes,Yes,Yes,No,standardised,No,,,
46,Greater lactate accumulation following an acute bout of high-intensity exercise in males suppresses acylated ghrelin and appetite postexercise,"We hypothesized that, relative to a placebo-controlled session, exercise-induced increases in blood lactate following HIIT with NaHCO3 would decrease circulating plasma con- centrations of acylated ghrelin, leading to reductions in appetite.",interaction effect,There was no session by time interaction (P = 0.453;  np2 = 0.086),,,,,,,,,p < 0.453,standardised,no,no,no,,Yes,Yes,No,No,standardised,No,,,
47,Omission of a carbohydrate-rich breakfast impairs evening endurance exercise performance despite complete dietary compensation at lunch,We hypothesised that omission of a carbohydrate-rich breakfast would impair exercise performance.,difference of means,"This corresponded to more time taken to complete the time trial in the no breakfast compared with the breakfast condition (1113±326 vs 1075±294 secs, p=0.02).",,,p = 0.02,not reported,not reported,,,,,,,no,no,,Yes,Yes,No,No,No,No,,,
48,Voluntary hypocapnic hyperventilation lasting 5 min and 20 min similarly reduce aerobic metabolism without affecting power outputs during Wingate anaerobic test,"We hypothesized that 5 min of voluntary hypocapnic hyperventilation prior to exercise would decrease the aerobic metabolic rate to an extent similar to that achieved through 20-min of voluntary hyperventilation, without affecting the power output during the 30-s WAnT. If this is true, it would suggest the anaerobic energy supply increases to compensate for the reduced aerobic energy supply under these conditions.",difference of means,"Oxygen uptake during the 30-s WAnT was lower in the 5-min and 20-min hyperventilation trials than the control trial (1493 ± 257 vs. 1397 ± 447 vs. 1847 ± 286 mL min-1, P < 0.05, Figure 2A), with no difference between the two hyperventilation trials (P = 0.564)",,,P = 0.564,not reported,not reported,,,,,,,no,no,,Yes,Yes,No,No,No,No,,,
49,Sodium bicarbonate improves sprint performance in endurance cycling,The authors hypothe- size that stacked NaHCO3 loading by increasing extracellular buffer capacity can improve performance in a short all-out exercise bout at the end of a 3-h simulated cycling race.,difference of means,MPO over the full 90-sec bout was ∼3% higher in BIC (541 ± 59 W) than in PL (524±57W; 􏰢17±25W; t=−2.270; df=10; p=0.047; D = 0.29),10,-2.27,p = 0.047,standardised,not reported,,,,,,,no,no,,Yes,Yes,Yes,Yes,standardised,No,,,
51,The placebo effect on aerobic fitness test results is preserved following a multidisciplinary intervention program for treating childhood obesity,"We hypothesized that when an obese child is more familiar with physical exercise and is better trained, sham procedures, that is, placebos, would be less effective, if at all.",difference of means,Running time significantly increased in placebo in comparison to water (Table 2; p < 0.05).,,,p < 0.05,not reported,not reported,,,,,,,no,no,,Yes,Yes,No,No,No,No,,,
53,The biomechanical effects of pronated foot function on gait. An experimental study,we hypothesized that there would be increases in (a) knee and hip internal rotation and anterior pelvic tilt,difference of means,mean difference of 4.0  95%CI (1.0 to 6.7) ES 0.5 p = 0.01,,,p = 0.01,both types are reported,"yes, only for the unstandardised",,,,,,,no,no,,Yes,Yes,No,No,Both,"yes, only for the unstandardised",,,
54,Longitudinal hypertrophic and transcriptional responses to highload eccentric-concentric vs concentric training in males,"We hypothesized that in healthy, young male volunteers who were recreationally active, 12 weeks of unilateral combined maximal isokinetic concentric and eccentric resistance training would produce greater gains in muscle CSA, muscle volume, and isometric strength compared to maximal isokinetic concentric exercise training performed by the contralateral limb.",main effect,No difference was seen in change in muscle CSA with exercise training at any time point when comparing CON and ECC + CON legs.,,,,,,,,,not reported,not reported,no,no,no,,Yes,No,No,No,No,No,,,
55,Effects of eccentric training at long-muscle length on architectural and functional characteristics of the hamstrings,we hypothesized that the aforementioned eccentric training in a lengthened position would (a) increase fascicle length of the BFlh,interaction effect,"A significant interaction (time × group) effect was observed for fascicle length (F = 9.881, P = .004). Post-hoc testing revealed significant increase in fascicle length (+6.9%; P < .01; d = 1.12) in BFlh in the intervention group, while no significant changes were observed in the control group (P = .40-.42; d = 0.05-0.06).",,,,,,1,39,9.881,p = 0.004,not reported,no,no,no,,Yes,Yes,Yes,No,No,No,,,
56,Muscle fiber conduction velocity in the vastus lateralis and medialis muscles of soccer players after ACL reconstruction,we hypothesized that participants would present with reduced MFCV in both vasti muscles on the reconstructed side with respect to the contralateral limb.,difference of means,The MVIF was lower on the reconstructed side with respect to the contralateral one (655.6 ± 176.2 N vs 824.7 ± 137.2 N; P = .001; −20.5%).,,,p = 0.001,unstandardised,not reported,,,,,,,no,no,,Yes,Yes,No,No,unstandardised,No,,,
57,Neuromuscular determinants of explosive torque: Differences among strength-trained and untrained young and older men,We hypothesized that chronic resistance training would result in greater explosive torque in both young and older adults and that this would be associated with enhanced neural and muscular determinants in both groups.,main effect,"The absolute voluntary T50, T100, and T150 were greater for trained than untrained participants (P < 0.001),",,,,,,,,,p < 0.001,not reported,no,no,no,,Yes,Yes,No,No,No,No,,,
58,Comparison of balance performance between masters Olympic weightlifters and runners,"We hypothesized that the weightlifters would demonstrate better balance than the runners,

particularly under assessment conditions with visual inputs unavailable (ie, eyes closed).",main effect,"The two exercise groups demonstrated different balance proficiency (Figure 1) depending upon the vision/support surface condition (F3,258 = 3.6, P = .015, η2 p = 0.04).",,,,,,3,258,3.6,p = 0.015,standardised,no,no,no,,Yes,Yes,Yes,Yes,standardised,No,,,
59,Influence of stroke rate on coordination and sprint performance in elite male and female swimmers,We hypothesized that (a) the increase in stroke rate would lead to an increase in swimming speed and the IdC,main effect,"For the whole population, the swimmers on average swam significantly faster when the stroke rate was increased (H(8) = 21.83, P = .01; ε2 = 0.07, [0.04; 0.15]).",,,,,,,,,p = 0.01,standardised,yes,no,no,,Yes,Yes,No,No,standardised,Yes,,,
60,Increased oxygen extraction and mitochondrial protein expression after small muscle mass endurance training,We hypothesized that leg O2 extraction would be higher in TL than in CON due to increased oxidative capacity and larger recruitment of DMO2 after training.,difference of means,"During 2L-KE with equal absolute power output produced by both legs, O2 extraction was higher (difference: 1.7 ± 1.6%-points; P = 0.010; Fig. 3a) in TL compared to CON",,,p = 0.01,not reported,not reported,,,,,,,no,no,,Yes,Yes,No,No,No,No,,,
61,Caffeine improves various aspects of athletic performance in adolescents independent of their 163 C > A CYP1A2 genotypes,"We hypothesized that individuals with the AA genotype would have greater CAF-induced increases in strength, power, muscular endurance, agility, and aerobic performance than those with the AC and CC genotypes.",interaction effect,No genotype vs supplement interaction (P = .210),,,,,,,,,p = 0.210,not reported,no,no,no,,Yes,Yes,No,No,No,No,,,
63,Concentric versus eccentric cycling at equal power output or effort perception: Neuromuscular alterations and muscle pain,"we expected perception of effort to be lower during eccentric than concentric cycling at the same power output and, therefore, power output to be greater in eccentric when the exercises are matched for perception of effort.",difference of means,MVC declined after both conditions (all P < 0.001; all dz > 2.56) yet to a greater extent after ECCEFFORT than CON (-30.2 ± 15.8% vs -19 ± 6.5%; P = 0.03; dz = 1.2).,,,p = 0.03,standardised,not reported,,,,,,,clinical trial,no,,Yes,Yes,No,No,standardised,No,,,
64,Airflow restriction mask induces greater central fatigue after a non-exhaustive high-intensity interval exercise,"We hypothesized that wearing an ARM would cause a greater reduction in the SpO2 and blood pH, and a greater increase in the HR, plasma lactate concentration, dyspnea,

P-RPE, TEA, and greater end-exercise peripheral and central fatigue.",interaction effect,"There was a condition-moment interaction (F[1,13] = 9.2, p = 0.01) for MVC",,,,,,1,13,9.2,p = 0.01,not reported,no,no,no,,Yes,Yes,Yes,Yes,No,No,,,
65,Runners with mid-portion Achilles tendinopathy have greater triceps surae intracortical inhibition than healthy controls,"We hypothesized that runners with chronic mid-portion AT would present with greater levels of cortical inhibition in the triceps surae and lower plantar flexor isometric peak torque, RTD, and number of SLHR than controls.",main effect,"Triceps surae SICI was 14.3% (95%CI: -2.1 to 26.4; F=5.271, p=0.032, η2p=0.201) higher in AT than in controls (57.9%, 95%CI: 36.2 to 79.6; and 43.6%, 95%CI:16.2 to 71.1)",,,,,,1,22,5.271,p = 0.032,standardised,no,no,no,,Yes,Yes,Yes,No,standardised,No,,,
66,Effects of 16 weeks of pyramidal and polarized training intensity distributions in well-trained endurance runners,"Our hypothesis was that, consistent with the training cycles typically used by elite endurance athletes,7 switching from pyramidal to polarized TID in the final phase of a training period would result in higher performance improvements compared to maintaining the same distribution (pyramidal or polarized) or switching from polarized to pyramidal TID.",interaction effect,"an interaction group × time (F(6, 112) = 5.2; p = 0.0001;  2 p = 0.22) for the time trial performance",,,,,,6,112,5.2,p = 0.0001,standardised,no,no,no,,Yes,Yes,Yes,Yes,standardised,No,,,
67,"No thermoregulatory or ergogenic effect of dietary nitrate among physically inactive males, exercising above gas exchange threshold in hot and dry conditions","We hypothesised that the dry, hot conditions, coupled with the higher exercise intensity, would reveal the beneficial effects of NO3- supplementation on evaporative cooling, dry heat losses and metabolic cost of untrained participants.",interaction effect,"Tskin increased with time (F(9,90) = 7.179, P < 0.001), without condition effects (F(1,10) = 0.796, P = 0.096) or an interaction with time (F(9,90) = 0.122, P = 0.099) (Figure 1B).",,,,,,9,90,0.122,p = 0.099,not reported,no,no,no,,Yes,Yes,Yes,Yes,No,No,,,
68,Effect of glucose and sodium chloride mouth rinses on neuromuscular fatigue: a preliminary study,In this study it was hypothesised that both glucose and NaCl would improve MVC post cycling as compared to water.,interaction effect,"For MVC, two-way ANOVA showed a significant interaction effect (F2, 27 = 7.412, p = 0.0027)",,,,,,2,27,7.412,p = 0.0027,standardised,no,no,no,,Yes,Yes,Yes,Yes,standardised,No,,,
69,High rates of fat oxidation are maintained after the sleep low approach despite delayed carbohydrate feeding during exercise,"We hypothesised that carbohydrate feeding commenced 30 minutes after the start exercise would not alter the metabolic environment (e.g. substrate utilisation, plasma NEFA) thought to be critical for training adaptations during exercise performed after the sleep low strategy.",difference of means,there was no difference between PLA and DELAY for carbohydrate oxudation p = 0.87,,,p = 0.87,not reported,not reported,,,,,,,no,no,,Yes,Yes,No,No,No,No,,,
70,Effects of whole body vibration training combined with blood flow restriction on muscle adaptation,We hypothesized that exposure to WBV + BFR would increase both acute response and the effect of regular muscle training to a greater extent than exposure to WBV alone.,main effect,"Results ANCOVA in Table 1. Mean difference = 2.88, p < 0.05",,,,,,,,,p < 0.05,unstandardised,no,no,no,,Yes,Yes,No,No,unstandardised,No,,,
71,Acute citrulline-malate supplementation is ineffective during aerobic cycling and subsequent anaerobic performance in recreationally active males,we hypothesized CM supplementation would augment total work completed (TWC) total time to complete the Time-To-Exhaustion (TTE) test.,difference of means,no difference in total work (p = 0.86; PLA: 74.7 ± 34.1; CM: 74.1 ± 26.4) between supplement trials,,,p = 0.86,not reported,not reported,,,,,,,no,no,,Yes,Yes,No,No,No,No,,,
72,"Understanding the underlying mechanisms of Quiet Eye: the role of microsaccades, small saccades and pupil-size before final movement initiation in a soccer penalty kick","we can hypothesize from these elements that athletes, just before final movement initiation, maintain a steady fixation on the visual pivot to predict the outcome of a sporting action, shifting their attention, with microsaccades or small saccades, toward the side where they predict that the opponent will kick the ball",unclear,unclear,,,,,,Y,Y,Y,Y,standardised,no,no,no,,Yes,Yes,Yes,Yes,standardised,No,,,
73,Effects of Wearing a Full Body Compression Garment During Recovery from an Ultra-Trail Race,"We hypothesized that, in this extreme context, the FBCG would have an ergogenic effect on muscle damage, inflammatory response and DOMS.",difference of means,No ‘Intervention x Time’ interaction effects were revealed for the analytical variables (see Table 2) and Student's t-tests also presented no differences between FBCG and CG.,,,p = 0.46,standardised,not reported,,,,,,,no,no,,Yes,Yes,No,No,standardised,No,,,
74,Blackcurrant extract does not affect the speed–duration relationship during high-intensity running,The hypothesis was that BC supplementation would right-shift the S–Dtol in the severe exercise domain and thereby increase CS and D’; i.e. allow for longer-duration exercise at the same speed and/or allow for higher sustainable speed for the same duration of severe-intensity exercise.,difference of means,"Supplementation with BC did not change CS (placebo 12.1 ± 1.0 km/h vs BC 11.9 ± 1.0 km/h, p > .05)",,,p > 0.05,not reported,not reported,,,,,,,no,no,,Yes,Yes,No,No,No,No,,,
75,Weekly Vitamin D3 Supplementation Improves Aerobic Performance in Combat Sport Athletes,it is hypothesised that a larger dose of vitamin D will evoke greater aerobic performance benefits.,interaction effect,There was no significant group x time effect for LB (P=0.292; Table 1),,,,,,,,,p = 0.292,not reported,no,no,no,,Yes,Yes,No,No,No,No,,,
76,Bilateral deficit in strength but not rapid force during maximal handgrip contractions,"We hypothesized that our dependent variables would show a bilateral deficit, yet males would show a greater deficit compared to females.",difference of means,"There were no significant differences between sex for the bilateral index of MVC (p = 0.750, d = 0.114, 95% CI = -5.61, 7.69;p=0.885,d=0.051,95%CI=-5.04,5.81) for the left or right hands, respectively.",,,p = 0.750,standardised,"yes, only for the unstandardised",,,,,,,no,no,,Yes,Yes,No,No,standardised,"yes, only for the unstandardised",,,
77,Resistance training-induced improvement in exercise tolerance is not dependent on muscle mass gain in post-menopausal women,"it would seem reasonable to assume that if W′ is influenced by muscle mass, additional muscle mass gain with a HV-RT leads to additional Wʹ gains when compared to a lower-volume resistance training (LV-RT).",difference of means,"When the magnitude of increase in the W ́ (Δ = delta values adjusted by pre-values) were compared between the groups [ANCOVA: F (2.36) = 7.633; p = 0.002; ƞ2 = 0.30; OP= 0.93], the post-hoc revealed that both groups of training increased Wʹ (P < 0.05), however without differences (P = 0.163) between the LV-RT and HV-RT.",,,p = 0.163,not reported,not reported,,,,,,,no,no,,Yes,Yes,No,No,No,No,,,
78,"Montmorency tart cherry juice does not reduce markers of muscle soreness, function and inflammation following professional male Rugby League match-play.","We hypothesised that rugby match-play would increase markers of inflammation, increase muscle soreness and decrease markers of muscle function whilst ingestion of MC would have no beneficial effect on markers of recovery compared with a placebo.",difference of means,"Similarly, there was a decrease in PLB (2.16±0.34 m.s-1) and MC (2.17±0.33 m.s-1) drop jump performance from 24h pre-match to 48h post-match (PLB: 2.05±0.40 m.s-1 and MC: 2.06±0.41 m.s-1) although this was not statistically significant (P=0.228 and P=0.893, respectively).",,,p = 0.228,not reported,not reported,,,,,,,no,no,,Yes,Yes,No,No,No,No,,,
79,The intraocular pressure response to lower-body and upper-body isometric exercises is affected by the breathing pattern,we hypothesized that (i) greater IOP values would be observed when performing the Valsalva maneuver compared to the use of a constant breathing as it has been reported for dynamic resistance training,difference of means,"Post-hoc analyses showed that there were greater IOP values during the 25-sec Valsalva condition in comparison to the constant (corrected P-value < 0.001, d = 1.24)",,,p < 0.001,standardised,not reported,,,,,,,no,no,,Yes,Yes,No,No,standardised,No,,,
80,Effect of ambient temperature on fat oxidation during an incremental cycling exercise test,"We hypothesised that the fat oxidation-exercise intensity curve would be shifted downwards in the heat when compared to a temperate environment, producing notable reductions in MFO and in Fatmax.",main effect,"There was a main effect of the environment on fat oxidation rate (F = 9.35, P = 0.014)",,,,,,1,11,9.35,p = 0.014,not reported,no,no,no,,Yes,Yes,Yes,No,No,No,,,
81,What do you hear? The effect of stadium noise on football players’ passing performances,"Highly skilled sub-elite level football players’ passing performance scores and times (i.e., passing accuracy and passing time) will significantly decrease under stadium noise conditions compared to playing under a ‘baseline’ condition.",main effect,"The MANOVA revealed no significant main effect of passing accuracy score (H1), F(3,43) = .322, p = .809,",,,,,,3,43,0.322,p = 0.809,not reported,no,no,no,,Yes,Yes,Yes,Yes,No,No,,,
82,Effect of shoe cushioning on landing impact forces and spatiotemporal parameters during running: results from a randomized trial including 800+ recreational runners,we hypothesized that VIPF and VILR would be lower in participants using the Soft shoe version.,difference of means,"A significantly higher VIPF (95% CI: 0.07 to 0.13 BW; 6.9%) was observed in the Soft shoe group compared to the Hard shoe group, and the effect size was medium (Figure 2A). Mean difference, ES d and p-value reported in Table 2",,,p < 0.001,both types are reported,"yes, only for the unstandardised",,,,,,,clinical trial,no,,Yes,Yes,No,No,Both,"yes, only for the unstandardised",,,
83,"p-Synephrine, the main protoalkaloid of Citrus aurantium, raises fat oxidation during exercise in elite cyclists","We hypothesised that acute p-synephrine ingestion would enhance fat oxidation during a graded exercise protocol, particularly at low-to-moderate exercise intensities, with no effect on energy expenditure.",main effect,"there was a main effect of p-synephrine to increase the rate of fat oxidation over the placebo (F=5.1, P=0.04)",,,,,,1,14,5.1,p = 0.04,not reported,no,no,no,,Yes,Yes,Yes,No,No,No,,,
84,"Music attenuates a widened central pulse pressure caused by resistance exercise: a randomized, single-blinded, sham-controlled, crossover study","the working hypothesis was that classical music would restrain high-intensity resistance exercise-induced elevations of central systolic pressure and PP, but not diastolic pressure",unclear,unclear,,,,,,Y,Y,Y,Y,not reported,no,no,no,,Yes,Yes,Yes,No,No,No,,,
85,"Acute effects of caffeine supplementation on resistance exercise, jumping, and Wingate performance: no influence of habitual caffeine intake",We hypothesized that individuals with low habitual caffeine intake would experience greater improvements in exercise performance following caffeine ingestion compared to those with high habitual caffeine intake.,interaction effect,We did not find significant group × condition interaction effect (p>0.05) in any of the analyzed outcomes.,,,,,,,,,p > 0.05,not reported,no,no,no,,Yes,Yes,No,No,No,No,,,
86,Plyometric training increases gross motor coordination and associated components of physical fitness in children.,Our hypothesis was that plyometric training would improve performance in physical fitness and gross motor coordination tests.,interaction effect,"Figure 1. Interaction effect (F=6.07), p < 0.05",,,,,,1,114,6.07,p < 0.05,not reported,no,no,no,,Yes,Yes,Yes,No,No,No,,,
87,Tissue flossing of the thigh increases isometric strength acutely but has no effects on flexibility or jump height,"we hypothesized an increase in ROM, MVC, and CMJ height",interaction effect,The two-way repeated-measures ANOVA test for hip ROM showed no interaction effect (P = 0.58; F = 0.32; df =15; η2=0.02),,,,,,1,15,0.32,p = 0.93,standardised,no,no,no,,Yes,Yes,Yes,No,standardised,No,,,
88,Learner-adapted practice promotes skill transfer in unskilled adults learning the basketball set shot,"Given that the assigned task challenge would match the individual’s relative task difficulty, it was hypothesised that learner-adapted practice would lead to a greater proportion of skill repetitions performed at shooting locations of greater difficulty (i.e. greater distance and angle to basket). As a result, it was predicted that participants engaging in learner-adapted practice would demonstrate poorer performance throughout practice, compared to both blocked and random practice",main effect,"Analysis revealed a significant effect of shooting location on the number of trials executed, F (3,33) = 73.03, p < .05, n2p = .90.",,,,,,3,33,73.03,p < 0.05,standardised,no,no,no,,Yes,Yes,Yes,Yes,standardised,No,,,
89,Individual optimal step frequency during outdoor running,We hypothesized that (ii) during outdoor over-ground running trained recreational runners would run at a PSF slightly lower than their OSF,main effect,In the majority of runs PSF was lower than OSF (Figure 2(B)).,,,,,,,,,not reported,not reported,no,no,no,,Yes,No,No,No,No,No,,,
90,"Dim light, sleep tight, and wake up bright – Sleep optimization in athletes by means of light regulation","It was hypothesized that compared to a fixed sleep schedule only, carefully timed morning-light exposure and blue-light blocking in the evening, would improve (1) objective, actigraphy-based measures of sleep onset latency,",main effect,None of the actigraphy-based sleep estimates differed significantly between conditions (all p’s > .07),,,,,,1,7,0.005,p = 0.944,standardised,no,yes,no,,Yes,Yes,Yes,No,standardised,No,,,
91,Testing the deconditioning hypothesis of low back pain: A study in 1182 older women,"We hypothesized that (a) a higher percentage of women over 60 years with LBP will be inactive compared to those without LBP and (b) when physical activity matched, older women with LBP will have similar results in countermovement jump, gait speed, chair rise and grip strength to those without LBP.",main effect,"Results from the two-way ANOVA showed physical activity status (p = 0.004), but not LBP (p = 0.54), was related to countermovement jump height (Table II). There was no interaction between physical activity and LBP status (p = 0.15; Table II).",,,,,,,,,p = 0.541,not reported,no,no,no,,Yes,Yes,No,No,No,No,,,
93,Habitual Caffeine Consumption Does Not Interfere With the Acute Caffeine Supplementation Effects on Strength Endurance and Jumping Performance in Trained Individuals,we hypoth- esized that caffeine supplementation would improve strength endur- ance and jumping performance and reduce RPE and pain responses comparably in individuals differently habituated to caffeine.,main effect,"Analysis revealed a trial (p < .0001) but not a consumption main effect (p = .836) in total repetitions, showing that CAF supplemen- tation improved total repetitions when compared to PLA (p= .0002) and CON (p=.0001), regardless of CAF consumption habituation (low, moderate, and high tertiles). Moreover, no dif- ference was detected between CON and PLA (p = .988).",,,,,,,,,p = 0.836,not reported,no,no,no,,Yes,Yes,No,No,No,No,,,
94,Increasing Meal Frequency in Isoenergetic Conditions Does Not Affect Body Composition Change and Appetite During Weight Gain in Japanese Athletes,We hypothesized that frequent meals would be more advantageous for ease of eating even if there is no difference in weight gain due to isoenergetic condition.,difference of means,"Energy status, nutritional intake levels, and EB were not signifi- cantly different between the trials (Tables 1 and 2).",,,p = 0.70,not reported,not reported,,,,,,,no,no,,Yes,Yes,No,No,No,No,,,
95,No Effects of Different Doses of New Zealand Blackcurrant Extract on Cardiovascular Responses During Rest and Submaximal Exercise Across a Week in Trained Male Cyclists,We hypothesized that intake of NZBC would improve cardio- vascular activity at rest and during exercise mainly through an increment in CO and SV with a reduction in TPR in a dose- dependent manner.,interaction effect,"Similarly, no differences were observed for HR, SV, CO, and TPR for time condition and interaction effect (Table 2).",,,Yes,Yes,not reported,,,,,,,no,no,,Yes,Yes,No,No,Both,No,,,
96,Carbohydrate and Protein Co-Ingestion Postexercise Does Not Improve Next-Day Performance in Trained Cyclists,"We hypothesized that immediate protein supplementation postexercise would improve TT performance the next day due to increased glycogen resynthesis in the early phase of recovery,",main effect,"Work completed in the 30-min TT on Day 2 after glycogen- lowering exercise was not different between the conditions (401±75, 411±80, and 404±58 kJ in CHO, CHO+PRO, and CHO + PROH, respectively, p = .83; dz = 0.11 and 0.07 for CHO + PRO and CHO + PROH, respectively).",,,,,,,,,p = 0.83,not reported,no,no,no,,Yes,Yes,No,No,No,No,,,
97,Increased Performance in Elite Runners Following Individualized Timing of Sodium Bicarbonate Supplementation,"We hypothesized that individualized SBS would im- prove performance and increase blood HCO3−, pH, and lactate.",difference of means,Overall performance improved by ∼6 s (775.5 ± 16.2 s vs. 781.4 ± 16.1 s) following SBS compared with PLA (Table 1).,,,p < 0.05,not reported,not reported,,,,,,,no,no,,Yes,Yes,No,No,No,No,,,
99,"The Effects of a High-Protein Diet on Markers of Muscle Damage Following Exercise in Active Older Adults: A Randomized, Controlled Trial",We hypothesized that a higher protein intake would lessen muscle soreness and inflammation following the exercise bout and muscle function would be restored quicker in the subsequent 48 hr.,interaction effect,"The MIVC were lower following muscle-damaging exercise in both groups (time effect; p = .001, η2p = .421; Figure 1a), but no interaction effects were present (p = .822, η2p = .012).",,,,,,,,,p = 0.822,standardised,no,no,no,,Yes,Yes,No,No,standardised,No,,,
100,Caffeinated Chewing Gum Improves Bicycle Motocross Time-Trial Performance,It was hypothe- sized that CAF would improve TT time and power production.,main effect,"There was a significant condition effect on TT time F(1, 14) = 33.570, p = .001, η2p = .71; −1.5% ± 0.4 following CAF consumption compared with placebo.",,,,,,1,14,33.57,p = 0.001,standardised,no,no,no,,Yes,Yes,Yes,Yes,standardised,No,,,
101,"Effect of Dark Chocolate Supplementation on Tissue Oxygenation, Metabolism, and Performance in Trained Cyclists at Altitude",t was hypothesized that DC would improve the oxygenation status in the VL and the prefrontal cortex during exercise at simulated (normobaric) altitude while enhancing energy metabo- lism (evidenced by enhanced blood glucose stability and decreased blood lactate). It was hypothesized that these beneficial effects will result in improved TT performance in trained cyclists.,difference of means,"The TT performance did not differ between the DC and placebo conditions (19.04 [2.16] min, 95% CI [17.8, 20.3] vs. 19.21 [1.96] min, 95% CI [18.1, 20.3]; effect size = −0.09; p = .77).",,,p = 0.77,standardised,not reported,,,,,,,no,no,,Yes,Yes,No,No,standardised,No,,,
102,Acute and Chronic Citrulline Malate Supplementation on Muscle Contractile Properties and Fatigue Rate of the Quadriceps,We hypothesized that supplementing with CM both acutely and chronically would help attenuate quadriceps fatigue while maintaining contractile efficiency levels through an improved blood flow to the quadriceps.,interaction effect,There were no significant Supplement × Time interactions from BL to D1 (acute supplementation) in...fatigue rate (p = .631; η2p = .014),,,,,,,,,p = 0.631,standardised,no,no,no,,Yes,Yes,No,No,standardised,No,,,
104,No Effect of New Zealand Blackcurrant Extract on Recovery of Muscle Damage Following Running a Half-Marathon,"It was hypothesized that NZBC extract, when compared with a placebo (PLA), would facilitate recovery by accelerating the return of muscle function, reducing muscle soreness and fatigue, and inhibiting the exercise- induced inflammatory cascade.",interaction effect,"Apart from time to takeoff, no group or interaction effects were present at any time point for any of the CMJ outcome or neuromuscular variables (all ps > .05; Table 3).",,,,,,,,,p > 0.05,not reported,no,no,no,,Yes,Yes,No,No,No,No,,,
105,Acute Consumption of Varied Doses of Cocoa Flavanols Does Not Influence Exercise-Induced Muscle Damage,"The hypothesis for this study was that EIMD might be attenuated following acute consumption of CF, with the highest dose offering the most benefit.",difference of means,There were no significant differences between groups for knee flexor peak torque at MVIC60 (p = .99) or MVIC30 (p = .95) at baseline,,,p = 0.95,not reported,not reported,,,,,,,no,no,,Yes,Yes,No,No,No,No,,,
106,Metabolism and Whole-Body Fat Oxidation Following Postexercise Carbohydrate or Protein Intake,We hypothesized that there would be a marked increase in fat oxidation after prior exercise and that protein intake would not interfere with the increase whereas carbohydrate intake would.,interaction effect,"there was a significant increase in fat oxidation during the second test after all three drinks and at all intensities (Figure 2, p < 0.001 using 2-way ANOVA for all intensities). There was no significant difference in fat oxidation between PLA and PRO, whereas CHO was significantly lower than both PLA and PRO (p < 0.01).",,,,,,,,,p < 0.001,not reported,no,no,no,,Yes,Yes,No,No,No,No,,,
107,Difference in Interoception between Long-Distance Runners and Sprinters: An Event-related Potential Study,We hypothesized that the interoception of long-distance runners would be superior to that of sprinters because interoception is more im- portant in competitive endurance races than in sprint races.,difference of means,"Sprinters had a higher interoceptive ability of controlling their attention with respect to their own bodies than long-distance runners (at- tention regulation (MAIA subscale 4): 3.2 ± 0.5 (sprinters) vs 2.8 ± 0.4 (long-distance runners); t(30) = 2.47, P = 0.020, d = 0.87).",30,2.47,p = 0.02,standardised,not reported,,,,,,,no,no,,Yes,Yes,Yes,Yes,standardised,No,,,
108,Pectin-Alginate Does Not Further Enhance Exogenous Carbohydrate Oxidation in Running,It was hypothesized that a maltodextrin–fructose mixture would enhance exogenous carbohydrate oxidation rates com- pared with maltodextrin–glucose ingestion,difference of means,"At the end of 120 min of exercise, exogenous carbohydrate oxidation rates were 0.9 (SD 0.5) g·min−1 with MAL + GLU ingestion. MAL + FRU ingestion increased exogenous carbohydrate oxidation rates to 1.1 (SD 0.3) g·min−1 (P = 0.038)",,,p = 0.038,not reported,not reported,,,,,,,no,no,,Yes,Yes,No,No,No,No,,,
109,Impact of Menstrual Blood Loss and Oral Contraceptive Use on Oxygen-carrying Capacity,We hypothesized that hemoglobin mass would not change across phases of the menstrual cycle.,main effect,"Hemoglobin mass was not affected by menstrual cycle phase (early follicular, 618 ± 61; late follicular, 610 ± 65; luteal, 607 ± 68 g; P = 0.52)",,,,,,,,,p = 0.52,not reported,no,no,no,,Yes,Yes,No,No,No,No,,,
110,"A 30-Min Rest Protocol Does Not Affect W′, Critical Power, and Systemic Response","we hypothesized primed oxygen kinetics, elevated [BLa−], and faster HHb but nonsignifi- cant differences and a high agreement for W′ and CP between the protocols.",difference of means,"No significant differences, and trivial effect sizes, were found for W' and CP between protocols (p = 0.106, ES = 0.08)",,,p = 0.106,standardised,Yes,,,,,,,no,no,,Yes,Yes,No,No,standardised,Yes,,,
111,Altered Position Sense after Submaximal Eccentric Exercise–inducing Central Fatigue,We hypothesized that the submaximal eccentric fatiguing protocol would induce an acute central fatigue that would be associated with position sense alterations immediately after the exercise,main effect,"significant increase in position- matching errors was found for the JPM70 task (F3, 36 = 3.86, P = 0.017, η2p = 0.24)",,,,,,3,36,3.86,0.017,standardised,no,no,no,,Yes,Yes,Yes,Yes,standardised,No,,,
112,Athlete–Opponent Interdependency Alters Pacing and Information-Seeking Behavior,"It was hypothesized that a higher interdependency between athlete and opponent would evoke different pacing decisions, in response to the opponent’s pacing behavior, and would alter the information-seeking behavior of the exerciser.",interaction effect,"An interaction effect for condition–segment (F = 2.3, P = 0.042) was revealed, indicating differences in pacing profile between conditions",,,,,,6,66,2.3,P = 0.042,not reported,no,no,no,,Yes,Yes,Yes,No,No,No,,,
113,"Hydrogel Carbohydrate-Electrolyte Beverage Does Not Improve Glucose Availability, Substrate Oxidation, Gastrointestinal Symptoms or Exercise Performance, Compared With a Concentration and Nutrient-Matched Placebo","a carbohydrate-electrolyte solution with sodium alginate and pectin for hydrogel formation (CES- HGel) would result in an increased rate of appearance of blood glucose and total carbohydrate oxidation, but with no differences in carbohydrate malabsorption, GIS, or time to exhaustion (TTE).",difference of means,There was no significant difference between trials for TTE performance (CES- HGel 744 ± 182 s and CES-Std 756 ± 187 s; p = .080) (Figure 3).,,,p = 0.08,not reported,not reported,,,,,,,no,no,,Yes,Yes,No,No,No,No,,,
114,Effect of Drinking Rate on the Retention of Water or Milk Following Exercise-Induced Dehydration,the fluid retained from the consumption of a nutrient-dense beverage would be unaffected by drinking rate; and that slower intake of a hypotonic beverage would enhance subsequent fluid retention.,main effect,"cumulative urine output was lower for the DR90 trial (602 ± 183 g) compared with the DR45 (750 ± 373 g) and DR15 (754 ± 230 g) trials, but this did not reach statistical significance (p > .05)",,,,,,,,,p < 0.01,not reported,no,no,no,,Yes,Yes,No,No,No,No,,,
115,Presleep Protein Supplementation Does Not Improve Recovery During Consecutive Days of Intense Endurance Training: A Randomized Controlled Trial,We hypothesized that the ingestion of protein supplements every night prior to sleep would reduce muscle damage and the decline in performance after 1 week of intensified training compared with controls receiving an isocaloric carbohydrate supplement.,difference of means,no significant difference in decline between groups (p > .05; Figure 2).,,,p > 0.05,not reported,not reported,,,,,,,clinical trial,no,,Yes,Yes,No,No,No,No,,,
116,"Perception of Carbohydrate Availability Augments High-Intensity Intermittent Exercise Capacity Under Sleep-Low, Train-Low Conditions",We specifically hypothesized that perception of CHO availability would improve morning exercise capacity compared with known train-low conditions but that perception would not restore exercise capacity to that of true train-high conditions.,difference of means,"Exercise capacity was also greater in PERCEPTION compared with TRAIN LOW (p = .025: 95% CI for differences = 1–8 min, very likely beneficial; see Figure 3a).",,,p = 0.025,not reported,not reported,,,,,,,no,no,,Yes,Yes,No,No,No,No,,,
117,"Adding Fish Oil to Whey Protein, Leucine, and Carbohydrate Over a Six-Week Supplementation Period Attenuates Muscle Soreness Following Eccentric Exercise in Competitive Soccer Players","we hypothesized that coingesting n-3PUFA with whey protein, leucine and carbohydrate over a six- week supplementation period would reduce muscle soreness, attenuate the inflammatory response to exer- cise and improve soccer-specific performance during a 72-hour exercise recovery period compared to a protein control condition and a carbohydrate control condition.",difference of means,Dominant leg soreness was lower in FO compared with PRO (p=0.016) and CHO (p=0.006) after 24 hours. Posthoc comparison,,,p = 0.016,not reported,not reported,,,,,,,no,no,,Yes,Yes,No,No,No,No,,,
119,Frequent Carbohydrate Ingestion Reduces Muscle Glycogen Depletion and Postpones Fatigue Relative to a Single Bolus,"We hypothesized that time to exhaustion (TTE) will be significantly greater in the FREQ condition and that net muscle glycogen utilization (i.e., magnitude of depletion) will be higher in the BOL condition prior to the carbohydrate bolus ingestion.",difference of means,"TTE was greater for all participants in FREQ compared with BOL (105.7 ± 3.0 vs. 96.4 ± 5.0 min; Δ 9.3 min; 95% CI [2.8, 15.8] min; Figure 2).",,,not reported,unstandardised,"yes, only for the unstandardised",,,,,,,yes,no,,Yes,No,No,No,unstandardised,"yes, only for the unstandardised",,,
120,Ingesting a 12% Carbohydrate-Electrolyte Beverage Before Each Half of a Soccer Match Simulation Facilitates Retention of Passing Performance and Improves High-Intensity Running Capacity in Academy Players,"We hypothesized that ingesting 250 ml of a 12% CHO-E beverage before kickoff and during the halftime period, versus the ingestion of an equivalent volume of a placebo-electrolyte be- verage, would improve the retention of soccer-specific skills (dribbling speed and accuracy, passing speed and accuracy), sprint speed, and anaerobic endurance running capacity during and after a 90-min SMS conducted in a cool environment.",interaction effect,There was a significant time × trial interaction (p=0.02) on passing score (accuracy) for both feet. ,,,,,,,,,0.02,not reported,no,no,no,,Yes,Yes,No,No,No,No,,,
121,Effects of Carbohydrate Mouth Rinsing on Upper Body Resistance Exercise Performance,It was hypothesized that CMR would increase RE training session volume in resistance-trained males.,difference of means,"There were no differences between the total number of repetitions completed or the total session volume between treatments (CHO = 203±25 repetitions vs. placebo=201±23 repetitions, p=.46, Cohen’s d = 0.10).",,,p = 0.46,standardised,not reported,,,,,,,no,no,,Yes,Yes,No,No,standardised,No,,,
122,Movement strategy correspondence across jumping and cutting tasks after anterior cruciate ligament reconstruction,"It was hypothesized that the bilateral drop jump task and 90° pre-planned

cut would display a knee dominant strategy, whereas the unilateral drop jump would

demonstrate a similar proportion of work done between the ankle, knee and hip joints",difference of means,"a lower proportion of work done was observed at the knee (d = 0.447, p < 0.001) compared to the bilateral drop jump (Figure 1).",,,p < 0.001,standardised,not reported,,,,,,,no,no,,Yes,Yes,No,No,standardised,No,,,
123,Continuous Jumps Enhance Twitch Peak Torque and Sprint Performance in Highly Trained Sprint Athletes,The main hypothesis is that the CA will induce PAP on the quadriceps muscles and positively affect the performance of subsequent sprints (PAPE).,interaction effect,"For the 30-m sprint performance (Figure 3B), analysis of variance showed a condition×time interaction (P<.01; F= 3.61).",,,,,,5,55,3.61,p < 0.01,not reported,no,no,no,,Yes,Yes,Yes,No,No,No,,,
124,Small-Sided Games Are Not as Effective as Intermittent Running to Stimulate Aerobic Metabolism in Prepubertal Soccer Players,"We hypothesized that larger SSG would lead to greater physiological demand (ie, time spent at high intensity), while reducing technical demand (ie, less passes, more ball touches per possession), compared with a smaller SSG, in prepubertal players.",main effect,"T≥90%,HRmax was similar between the 3 SSG.",,,,,,,,,not reported,not reported,no,no,no,,Yes,No,No,No,No,No,,,
125,Enhanced Cycling Time-Trial Performance During Multiday Exercise With Higher-Pressure Compression Garment Wear,"We hypothesized that, compared with a CG with lower compression levels and loose-fitting gym attire, a high-pressure garment would signifi- cantly improve performance during consecutive-day aerobic cycling exercise.",main effect,"Specifically, there was a significant main effect for condition on TT performance (CON = 1010 [364], LC = 988 [319], HC = 947 [304] s, P = .04, η2 = .24, Figure 2).",,,,,,,,,p = 0.04,standardised,no,no,no,,Yes,Yes,No,No,standardised,No,,,
126,Effect of Resistance-Training Programs Differing in Set Configuration on Maximal Strength and Explosive-Action Performance,"we hypothesized that the gains in BP1RM, BPT30, and HTV would be comparable for both experimental groups (traditional group [TRG] and rest redistribution group [RRG]) in comparison with a control group (CG).",interaction effect,"The ANOVA applied on BP1RM revealed a significant time × group interaction (F2,32 = 14.4, P < .01, η2p = .474, statistical power = 1.00) due to higher values at posttest compared with pretest for TRG (P < .01; ES = 0.77; 95% CI, 0.39 to 1.25) and RRG (P < .01; ES = 0.59; 95% CI, 0.27 to 0.98) but not for CG (P = .66; ES = −0.03; 95% CI, −0.33 to 0.26).",,,,,,2,32,14.4,p < 0.01,standardised,no,no,no,,Yes,Yes,Yes,Yes,standardised,No,,,
127,Effect of Acute Interset Foot Cooling on Lower Limb Strength Training Workout,"We hypothesized that interset FC in- creases total exercise volume, amplifies EMG amplitude, and reduces RPE values during multiple sets of a leg press pyramid workout.",difference of means,"Overall, total exercise volume with FC (4774.7 [1032.6] kg) was significantly higher (t = 3.599, P = .004, ES = 1.259) than that with NC (3674.7 [1225.5] kg).",11,3.599,p = 0.004,standardised,not reported,,,,,,,no,no,,Yes,Yes,Yes,No,standardised,No,,,
128,Does Cold-Water Immersion After Strength Training Attenuate Training Adaptation?,We hypothesized that regular CWI would lead to reduced adaptations of leg press 1-repetition maximum (1RM) and countermovement jump (CMJ) height.,interaction effect,"No significant effects were found for strength performance (condition: F = 0.18, P = .86; time: F = 1.15, P = .34; condition × time: F = 2.66, P = .09)",,,,,,4,40,2.66,p = 0.09,not reported,no,clinical trial,no,,Yes,Yes,Yes,No,No,No,,,
129,The Effect of Upper-Body Positioning on the Aerodynamic– Physiological Economy of Time-Trial Cycling,It was hypothesized that there would be a reduction in power output at the lactate threshold (LT) as the hip angle decreased.,main effect,"There were no differences in power output at a blood lactate concentration of 4 mmol·L−1 (control = 286 [42] W, 12° = 271 [49] W, 16°=283 [52] W, 20°=286 [43] W, and 24°=284 [62] W, P=.222).",,,,,,,,,p = 0.222,not reported,no,no,no,,Yes,Yes,No,No,No,No,,,
131,Improved 2000-m Rowing Performance in a Cool Environment With an External Heating Garment,It was hypothesized that the heated jacket would improve performance in a cool environment by attenuating the decline in body temperature,difference of means,"Rowing performance was faster in HEAT versus CON (433.1 [12.7] s vs 437.9 [14.4] s, Δ1.1%, t = 4.3, P < .01, η2 = .92; Figure 2).",9,4.3,p < 0.01,standardised,not reported,,,,,,,no,no,,Yes,Yes,Yes,No,standardised,No,,,
132,Effects of balance training with stroboscopic glasses on postural control in chronic ankle instability patients,"We hypothesized that the strobe group (training with stroboscopic glasses) would

show more improvements in postural control than the control group (training without the glasses).",interaction effect,"There was a significant group × condition interaction in pretest-posttest mean differences for velocity in the mediolateral direction (VelML) (p = .01),",,,,,,,,,p = 0.01,not reported,no,no,no,,Yes,Yes,No,No,No,No,,,
133,Cross-education effects of unilateral accentuated eccentric isoinertial resistance training on lean mass and function,"it was hypothesized that a greater eccentric overload during RT would evoke greater increases in muscle strength, power and mass of the non-trained contralateral leg.",difference of means,"When comparing TL and NTL, no significant (p>0.05) differences were found in the 1-RM change (Figure 1B).",,,p > 0.05,not reported,not reported,,,,,,,no,no,,Yes,Yes,No,No,No,No,,,
134,Indirect Markers of Muscle Damage Throughout the Menstrual Cycle,"We hypothesize that muscle damage is lower when the estrogen concentration is higher, as it is observed in LFP.",interaction effect,"an interaction between phase and time(F2,44=3.098;P= .046) was observed",,,,,,2,44,3.098,0.046,not reported,no,no,no,,Yes,Yes,Yes,Yes,No,No,,,
135,No Influence of Acute Moderate Normobaric Hypoxia on Performance and Blood Lactate Concentration Responses to Repeated Wingates,"acute moderate hypoxia versus normoxia had no detrimental effect on RW performance, while both metabolic and perceptual responses would be slightly higher.",main effect,"Mean power output (−10.7% [5.3]% for bouts 1–2 and −9.3% [5.2%] for bouts 2–3) and peak power output (−4.5% [6.5%] for bouts 1–2 and −14.2% [8.5%] for bouts 2–3) progressively decreased across repetitions (both P<.001), independently of conditions (P = .92 and P = .63, respectively,",,,,,,,,,p = 0.92,not reported,no,no,no,,Yes,Yes,No,No,No,No,,,
136,The Effect of Compression Garments on Performance in Elite Winter Biathletes,It was hypothesized that wearing compression clothing would lead to significantly improved maximal TT performance and extend TTE.,difference of means,"Compared with CON, there were small beneficial effects of COMP on performance during the TT and TTE test (d = 0.31 and 0.37, respectively), but these effects were not statistically signifi- cant (P = .273 and .212, respectively)",,,p = 0.273,standardised,not reported,,,,,,,no,no,,Yes,Yes,No,No,standardised,No,,,
137,Muscle Fatigability After Hex-Bar Deadlift Exercise Performed With Fast or Slow Tempo,"It was hypothesized that both protocols would induce performance fatigability; however, the ST protocol would induce larger muscle fatigability due to longer TUT.",interaction effect,Only ES for differences between ST and FT,,,,,,,,,not reported,not reported,no,no,no,,Yes,No,No,No,No,No,,,
138,Effect of Stretching Protocols on Glenohumeral-Joint Muscle Activation in Elite Table Tennis Players,The main hypothesis considers that muscle activation decreases after static stretching when compared with the dynamic-stretching protocol in both tennis movements.,main effect,The statistical analysis for EMG amplitude indicated that there were significant differences in the backhand (F = 12.859; P = .035),,,,,,4,92,12.859,p = 0.035,not reported,no,no,no,,Yes,Yes,Yes,No,No,No,,,
139,Postexercise Hot-Water Immersion Does Not Further Enhance Heat Adaptation or Performance in Endurance Athletes Training in a Hot Environment,"It was hypothesized that the addition of postex- ercise HWI would has beneficial effects on physiological markers of heat adaptation, including core body temperature, heart rate, plasma volume and sweat rate, and endurance performance.",interaction effect,No interaction,,,,,,,,,not reported,not reported,no,no,no,,no,No,No,No,No,No,,,
140,Both Caffeine and Placebo Improve Vertical Jump Performance Compared With a Nonsupplemented Control Condition,We hypothesized that ingestion of placebo would improve performance compared with control condition and that ingestion of caffeine would improve performance compared with both placebo and control conditions.,difference of means,"The pairwise comparisons revealed significant differencesbetween: (1) placebo and control conditions (P= .018; ES = 0.13;95% CI, 0.03–0.24; +2.5%)",,,P = .018,standardised,Yes,,,,,,,no,no,,Yes,Yes,No,No,standardised,Yes,,,
141,Single and Combined Effect of Acute Sleep Restriction and Mental Fatigue on Basketball Free-Throw Performance,The authors hypothesized that there would be a significant decrement in FT accuracy when players are mentally fatigued and forced into acute SR.,main effect,"There was a significant difference between conditions for FT performance (F1,18 = 4.177, P = .010, η2p = .19, medium). FT accu- racy was higher in CON than in MF (P = .015, d = 0.41, small), SR (P = .021, d = 0.43, small), and SRMF (P = .019, d = 0.41, small), with a decline in performance of approximately 7% in all 3 con- ditions.",,,,,,1,18,4.177,p = 0.01,standardised,no,no,no,,Yes,Yes,Yes,Yes,standardised,No,,,
142,The Influence of Intensive Anaerobic Effort on the Rhythm of Movement,"We hypothesize that high-intensity anaerobic exercise, which induces the highest fatigue changes, significantly deteriorates the ability of whole-body timing performance",main effect,"Statistically significant differ-ences were observed in XfUAPbetween thefirst and third rhythmmeasurement (F2,28=4.98,P<.014,η2p=26.23%)",,,,,,2,28,4.98,P<.014,standardised,no,no,no,,Yes,Yes,Yes,Yes,standardised,No,,,
143,"The effect of two retraining programs, barefoot running vs increasing cadence, on kinematic parameters: A randomized controlled trial","The hypothesis was that both strategies of running retraining would reduce the RFS prevalence and FSA, and increase the cadence when compared to a control group.",interaction effect,"significant Time × Group interaction effect was seen for the foot kinematics, Figure 2.",,,,,,,,,P < 0.05,not reported,no,no,no,,Yes,Yes,No,No,No,No,,,
145,The effect of descriptive norms and social identification on performance and exertion during a physical fitness task,participants who were told that their baseline performance was below the norm would demonstrate greater improvements in their performance (H1a) than participants who were told that their baseline performance was above the norm.,interaction effect,"Supporting H1a, there was also a significant condition × time interaction: F(1,76) = 4.47, p = 0.038, ηp 2 = 0.056,",,,,,,1,76,4.47,p = 0.038,standardised,no,no,no,,Yes,Yes,Yes,Yes,standardised,No,,,
146,Effect of concurrent strength and endurance training on run performance and biomechanics: A randomized controlled trial,CSE training group would improve running performance more than the control group.,main effect,"CSE training improved 2-km running performance more than the control group (F(1,25) = 9.22, p = 0.006; SMD −1.19 [−1.99, −0.39]; Figure 2)",,,,,,1,25,9.22,p = 0.006,standardised,yes,clinical trial,no,,Yes,Yes,Yes,Yes,standardised,No,,,
147,Moderate- and High-Intensity Inspiratory Muscle Training Equally Improves Inspiratory Muscle Strength and Endurance—A Double-Blind Randomized Controlled Trial,"We hypothesized that the IMT performed with CIP load would lead to better responses such as an increase in IMS, IME, and physical performance (peak power and VO2peak) compared with training with the traditional load (60% MIP) and the sham group (SHAM) in recreational cyclists.",interaction effect,"No interaction reported reported for peak power, neither effect of IMT",,,,,,,,,not reported,not reported,no,clinical trial,no,,Yes,No,No,No,No,No,,,
148,Effects of Velocity Loss Threshold Within Resistance Training During Concurrent Training on Endurance and Strength Performance,it would be expected superior enhancements in endurance performance following a CT program including moderate VL thresholds during RT.,interaction effect,"A significant “group”×“time” interaction (P=.03) was noted for vVO2max, where the VL15 group attained greater gains in vVO2max than the ET group (Table 3).",,,,,,,,,p = 0.03,not reported,no,no,no,,Yes,Yes,No,No,No,No,,,
149,"Effect of Photobiomodulation on Critical Swimming Velocity: A Randomized, Crossover, Double-Blind, and Placebo-Controlled Study","Our hypothesis is that application of PBM prior to a swim test increases CV values and decreases the final ST at distances of 100, 200, and 400 m in front crawl swimming.",unclear,"The results showed that the prior application of PBM did not have ergogenic effects on CV and front crawl swimming performance: CV (PBM = 1.15 [0.15]; PLA = 1.20 [0.25]; C = 1.15 [0.14] m·s−1),",,,,,,,,,p = 0.357,standardised,no,no,no,,Yes,Yes,No,No,standardised,No,,,
150,Resistance training variable manipulations are less relevant than intrinsic biology in affecting muscle fiber hypertrophy,"We hypothesized that: (1) RT-CON and RT-VAR would similarly increase type I and

II muscle fCSA",difference of means,"Importantly, no significant differences were found between RT-CON and RT-VAR for any dependent variables at post (p > 0.05) (Table 1). The chosen result is the post-treatment difference in fCSA I. No test performed on ""change score"".",,,p > 0.05,not reported,not reported,,,,,,,no,no,,Yes,Yes,No,No,No,No,,,
151,Tapering and Repeated High-Intensity Effort Ability in Young Elite Rugby Union Players: Influence of Pretaper Fatigue Level,"It was hypothesized that the taper implemented would be more beneficial for players showing acute fatigue (AF), but players normally trained would show less or no supercompensation.",difference of means,A tendency was observed toward a small improvement in NT (P=.97; g=−0.37) and AF (P=.57; g=−0.45) between t1 and t2 in TST.,,,p = 0.57,both types are reported,not reported,,,,,,,no,no,,Yes,Yes,No,No,Both,No,,,
152,Running economy in recreational male and female runners with similar levels of cardiovascular fitness,"We hypothesized that, within a given percent difference from predicted V ̇O2max values, women would exhibit greater running economy than men.",interaction effect,"Follow-up analyses revealed that both parameters increased progressively in transition between running speeds (P < 0.05). However, although the magnitude of increase in this parameter was similar between sexes without scaling, this was not sustained after V ̇O2 was scaled allometrically (speed 􏰉 sex interaction: F 􏰈= 4.1, P 􏰈= 0.04).",,,,,,2,84,4.1,p = 0.04,not reported,no,no,no,,Yes,Yes,Yes,No,No,No,,,
153,"Effect of long-term maximum strength training on explosive strength, neural, and contractile properties","It was hypothesized that LT-MST individuals (vs UNT) would have higher absolute explosive strength but lower relative explosive strength (to MVT); slower evoked contractile properties; and equivalent neuromuscular activation during explosive

contractions.",difference of means,Absolute explosive torque of LT-MST was 41%–64% greater than UNT at 25–150 ms from torque onset ([all] p ≤ 0.001; 1.15 ≤ ES ≤ 2.36 [all] “Large”; Figure 1A).,,,p < 0.001,standardised,not reported,,,,,,,no,no,,Yes,Yes,No,No,standardised,No,,,
155,The effect of leg preference on mechanical efficiency during single-leg extension exercise,the PL would exhibit greater submaximal mechanical efficiency during exercise executed at absolute and relative submaximal workloads;,main effect,"During exercise executed at 35 W, gnet was significantly greater in PL (Table 1; F = 6.1, p = 0.00012)",,,,,,1,13,6.1,p = 0.00012,not reported,no,no,no,,Yes,Yes,Yes,No,No,No,,,
156,Caffeine alters thermoregulatory responses to exercise in the heat only in caffeine-habituated individuals: a double-blind placebo-controlled trial,We hypothesized that 1) acute caffeine ingestion would lead to a greater rise in core temperature during exercise compared with the ingestion of a placebo,main effect,"A main effect of CAF was observed for the rise in esopha- geal temperature from baseline (DTes), with a greater end- exercise DTes observed with CAF (0.94 ± 0.36C) relative to PLA (0.81 ± 0.41 C) (P = 0.006).",,,,,,,,,p = 0.006,not reported,no,no,no,,Yes,Yes,No,No,No,No,,,
157,The effect of cold exposure with shivering on glucose tolerance in healthy men,We hypothesized that the cold exposure would increase glucose tolerance (reduce the glucose concentration during the OGTT) compared with the thermoneutral condition.,difference of means,"The area under the glucose curve (Fig. 6C) tended to increase by 4.8% with cold exposure compared with that in the thermo- neutral condition (1387.8 ± 37.6 vs. 1324.1 ± 33.3 mmol·L1 180 min, P = 0.066, d = 0.46)",,,p = 0.066,standardised,not reported,,,,,,,clinical trial,no,,Yes,Yes,No,No,standardised,No,,,
158,Interrupting prolonged sitting with repeated chair stands or short walks reduces postprandial insulinemia in healthy adults,We hypothesized that postprandial glycemia and insulinemia would be similarly reduced when prolonged sitting was interrupted with short breaks of body-weight resistance exercise or treadmill walking.,difference of means,"Postprandial insulin concentra- tions did not differ in response to breakfast; however, follow- ing lunch the peak insulin concentration was lower in SQUAT (51.6 ± 26.7, P = 0.0008) and WALK (62.2 ± 34.9, P = 0.0195) compared with SIT (78.9 ± 43.0 μIU/mL; Table 2).",,,p = 0.008,not reported,not reported,,,,,,,clinical trial,no,,Yes,Yes,No,No,No,No,,,
159,"The combined effect of sprint interval training and postexercise blood flow restriction on critical power, capillary growth, and mitochondrial proteins in trained cyclists","It was hypothesized that SIT combined with BFR would result in a greater increase in CP, which would be associated with a greater increase in skeletal muscle capillarity and mitochondrial protein content compared with SIT alone.",interaction effect,"From Table 1, interaction effect p = 0.58",,,,,,,,,p = 0.93,not reported,no,no,no,,Yes,Yes,No,No,No,No,,,
160,Intermittent short-arm centrifugation is a partially effective countermeasure against upright balance deterioration following 60-day head-down tilt bed rest,"It was hypothesized that daily exposure to AG, either in a single long or multiple intermittent bouts, would mitigate the deterioration of standing balance quality and delayed APAs of the trunk muscles provoked by 60-day grav- itational unloading through HDT bed rest.",interaction effect,"A significant Time x Group interaction was found for Sway frequency power CoPy (F2,21 = 6.35; P = 0.007, g2 partial = 0.38)",,,,,,2,21,6.35,P = 0.007,standardised,no,clinical trial,no,,Yes,Yes,Yes,Yes,standardised,No,,,
161,"Differences in cerebrovascular regulation and ventilatory responses during ramp incremental cycling in children, adolescents, and adults","It was hypothesized that 1) children would have a smaller relative change in MCAv and PETCO2 during incremental exercise than adolescents and adults,",difference of means,"At the GET, D%MCAv was lower in children compared with adults (P = 0.03, d = 0.9) and adolescents (P = 0.01, d = 0.9)",,,p = 0.03,standardised,not reported,,,,,,,no,no,,Yes,Yes,No,No,standardised,No,,,
162,On the implication of dietary nitrate supplementation for the hemodynamic and fatigue response to cycling exercise,"We tested the hypotheses that DNS increases QL and attenuates the development of neuromuscular fatigue, leading to an improvement in cycling time to task failure.",difference of means,"there was no difference in cycling time to task failure between the DNS and PL conditions (PLA: 488 ± 23 s vs. DNS: 503 ± 27 s, P = 0.49)",,,p = 0.49,not reported,not reported,,,,,,,no,no,,Yes,Yes,No,No,No,No,,,
163,The impact of elevated body core temperature on critical power as determined by a 3-min all-out test,"We hypothesized that an elevated body core temperature, while performing a 3-min all-out test in a hot environment, would reduce EP with no change in peak power output, lead- ing to an increase in the finite work capacity above EP, or WEP.",difference of means,EP was similar between thermoneutral and hot conditions (2.5 ± 7%; Cohen’s d = 0.219),,,not reported,both types are reported,not reported,,,,,,,no,no,,Yes,No,No,No,Both,No,,,
164,Differential changes in muscle architecture and neuromuscular fatigability induced by isometric resistance training at short and long muscle-tendon unit lengths,"increased fascicle length will decrease neuromuscular fatigability, due to relative changes in the imposed resistance based on the torque-angle relationship",interaction effect,"There was no clear time x group interaction nor main effects of time or group; however, the main effect of time almost reached statistical significance [F(1, 24) = 3.325, P = 0.081, 􏰐2 􏰀 0.03]",,,,,,,,,not reported,not reported,no,no,no,,Yes,No,No,No,No,No,,,
165,Segment coordination and variability among prospectively injured and uninjured runners,it was hypothesized that prospectively injured runners would display less CAV compared with uninjured controls.,difference of means,"Vector coding analysis revealed significantly greater CAV in the injured group during initial-stance for the knee-ankle and knee-shank coupling relationships and late-stance for the shank ankle relationship (Figure 2; also see Table, Supplemental Digital Content 1 for mean CAV values for each group, p-values, and Cohen’s d effect sizes).",,,P < 0.05,standardised,not reported,,,,,,,no,no,,Yes,Yes,No,No,standardised,No,,,
166,"Effects of music tempo on perceived exertion, attention, affect, heart rate, and performance during isometric strength exercise","fast-tempo and slow-tempo music conditions will result in more dissociative attention, increased pleasantness and arousal, lower RPE scores, and a longer wall-sit and plank-hold compared to the no-music condition.",main effect,"There was no main effect of experimental condition on time to volitional exhaustion for the wall-sit, F(2, 60) = 0.81, p = .449, η2 = .02,",,,,,,2,60,0.81,p = 0.449,standardised,no,no,no,,Yes,Yes,Yes,Yes,standardised,No,,,
167,Bilateral differences in hamstring coordination in previously injured elite athletes,We tested the hypothesis that the contribution of the injured muscle to submaximal knee flexion torque will be reduced in the injured limb compared with the noninjured limb,difference of means,"The contribution of BF torque over the total hamstring torque (BF/Hams) was lower in the injured than in the uninjured limb at 20% MVC [−5.6 ± 10.2% (CI95%: −10.9%, −0.3%), P = 0.038, d = −0.49;",,,P = 0.038,both types are reported,"yes, only for the unstandardised",,,,,,,no,no,,Yes,Yes,No,No,Both,"yes, only for the unstandardised",,,
168,Skin tattooing impairs sweating during passive whole body heating,"Therefore, the aim of this study was to test the hypothesis that reflex increases in sweat rate and cutaneous vasodilation were blunted in tattooed skin compared with adjacent healthy skin during a passive WBH stress.",main effect,"The average change in sweat rates from normo-thermic baseline for TAT were significantly less than for CON during WBH, as indicated by a significant main effect of skin type (P = 0.033, 􏰍2 􏰀 0.413, Fig. 2).",,,,,,,,,p = 0.033,standardised,no,no,no,,Yes,Yes,No,No,standardised,No,,,
169,Effects of menstrual cycle on appetite-regulating hormones and energy intake in response to cycling exercise in physically active women,postexercise appetite and energy intake would be similar or lowered in the mid luteal phase than in the early follicular phase which might be induced by increasing PYY concentration through acute exercise in the luteal phase and high concentration of estradiol in the luteal phase contributes the appetite suppressing action of CCK,difference of means,No differences in appetite between phases p = 0.241 (Table1),,,p = 0.241,not reported,not reported,,,,,,,no,no,,Yes,Yes,No,No,No,No,,,
170,Mechanisms of neuromuscular fatigue and recovery in unilateral versus bilateral maximal voluntary contractions,UNIL IMVC would result in a higher magnitude of peripheral fatigue whereas exercise in the BIL condition would induce a greater reduction in central drive.,main effect,"All force and EMG parameters, except for MEP100 and MEP75, showed a significant time effect (P 􏰄 0.005), increas- ing during recovery compared with POST, but neither condi- tion nor condition 􏰆 time interaction was significant. MEP100 and MEP75 did not show any significant effects (Fig. 4).",,,,,,,,,not reported,not reported,no,no,no,,Yes,No,No,No,No,No,,,
171,Effect of carbohydrate ingestion on central fatigue during prolonged running exercise in moderate hypoxia,We hypothesized that moder- ate hypoxia would significantly increase both peripheral and central fatigue during running exercise and that ingesting carbohydrates during prolonged running in hypoxia would attenuate the development of central and peripheral fatigue.,difference of means,"The percent changes in Qtw,pot (􏰁Qtw,pot) for NORM-PLA (􏰂4.5 􏰃 1.3%), HYP-PLA (􏰂4.0 􏰃 1.5%), and HYP-CHO (􏰂6.9􏰃1.7%) were not significantly different between any of the three conditions (NORM-PLA vs. HYP- PLA: P 􏰀 0.61, ES 􏰀 0.12",,,p = 0.61,standardised,not reported,,,,,,,no,no,,Yes,Yes,No,No,standardised,No,,,
172,Effects of repeated local heat therapy on skeletal muscle structure and function in humans,"we hypothesized that daily exposure to heat stress would enhance muscle strength, pro- mote muscle capillary growth and the expression of angiogenic mediators, and increase muscle mitochondrial content.",main effect,Comparison of the changes from baseline in peak torque revealed a significant main effect of treatment (P 􏰀 0.007),,,,,,,,,p = 0.007,not reported,no,no,no,,Yes,Yes,No,No,No,No,,,
173,Aerobic exercise with blood flow restriction causes local and systemic hypoalgesia and increases circulating opioid and endocannabinoid levels,It was hypothesized that 1) BFR-AE would increase the EIH response compared with LI-AE and would be comparable to HI-AE,difference of means,"In the right quadriceps, PPT was higher following BFR40 (P < 0.05, d = 0.41), BFR80 (P < 0.01, d = 0.78), and HI-AE (P < 0.05, d = 0.17) compared with LI-AE (Fig. 2)",,,p < 0.05,standardised,not reported,,,,,,,no,no,,Yes,Yes,No,No,standardised,No,,,
174,"Menstrual cycle phase does not modulate whole body heat loss during exercise in hot, dry conditions","we hypothesized that whole body net heat loss would be lowered in both the early- and late-follicular phases relative to the midluteal phase, with the magnitude of that difference being greatest at the highest heat load of ~430 W (High).",main effect,"Evaporative heat loss (Fig. 2) and the subsequent change in net heat loss (Fig. 1B) increased across exercise bouts (both P < 0.01) but were both similar across menstrual phases (P = 0.88 and P = 0.94, respectively)",,,,,,,,,p = 0.94,not reported,no,no,no,,Yes,Yes,No,No,No,No,,,
175,Acute preexercise supplementation of combined carnosine and anserine enhances initial maximal power of Wingate tests in humans,"We hypothesized that the acute preexercise ingestion of pure carnosine and anserine would improve performance of the Wingate tests, especially in situations where fatigue is induced.",main effect,"For peak power, there was a significant main effect of condition (P = 0.003)",,,,,,,,,p = 0.003,not reported,no,no,no,,Yes,Yes,No,No,No,No,,,
176,Effects of roller massager on muscle recovery after exercise-induced muscle damage,"RM would decrease the negative functional and morphological effects

induced by EIMD",interaction effect,"p = 0.665, n2 = 0.003",,,,,,,,,p = 0.665,standardised,no,no,no,,Yes,Yes,No,No,standardised,No,,,
177,"How does mental fatigue affect soccer performance during small-sided games? A cognitive, tactical and physical approach",it was hypothesized that MF will result in: i) impaired perception peripheral performance; ii) decreased on accuracy in tactical actions; and iii) greater distance covered during SSGs.,difference of means,"In the PP test, a decrease in the visual field was observed between pre-(M = 189.9° ± 12.03°) and post-test (M = 181.6° ± 7.69°) moments in 12 participants (t(17) = 2.309; CI = 0.92 to 15.92; p = 0.035; d = 0.821) (Figure 2)",17,2.309,p = 0.035,standardised,"yes, only for the unstandardised",,,,,,,no,no,,Yes,Yes,Yes,Yes,standardised,"yes, only for the unstandardised",,,
179,High Cognitive Effort Prior to Velocity-Based Training Sessions Reduces Rate of Force Development but Not Maximum Strength Gains in Untrained Male Adults,We hypothesized that repeated high cognitive effort before velocity-based training sessions may cause reduced gains in RFD but might promote similar gains for 1RM and CMJ compared to a control group.,interaction effect,"A significant group × time interaction effect was found for the average RFD at 0–250ms (Figure 3; F(4,128)=18.22, p=0.001, ηp2=0.40, ES=very large)",,,,,,4,128,18.22,p = 0.001,standardised,no,no,no,,Yes,Yes,Yes,Yes,standardised,No,,,
180,Effects of 12 weeks of aerobic versus combined aerobic plus resistance exercise training on short-term blood pressure variability in patients with hypertension,The hypothesis tested was that CT would be more effective than AT modality alone in reduc- ing 24-h BP variability.,difference of means,"At the end of exercise training programs, 24-h systolic BPV by ARV decreased significantly in both groups, but to a greater extent in the CT group (P = 0.02)",,,p = 0.02,not reported,not reported,,,,,,,yes,no,,Yes,Yes,No,No,No,No,,,
181,Effects of aging on conditional visuomotor learning for grasping and lifting eccentrically weighted objects,we hypothesized that older adults will fail to use arbitrary color cues about object CM location to modulate their digit position in an anticipatory manner,interaction effect,"Older adults failed to use the correct modulation of index finger and thumb based on the arbitrary color cues about object CM location when compared with young adults (Group CM interaction: F1.09., 19.62 = 12.89, P = 0.002; gp2 = 0.42)",,,,,,1.09,19.62,12.89,p = 0.002,standardised,no,no,no,,Yes,Yes,Yes,Yes,standardised,No,,,
182,Time-course of V_ O2 kinetics responses during moderate-intensity exercise subsequent to HIIT versus moderate-intensity continuous training in type 2 diabetes,"both interventions (HIIT and MCIT) would speed the V_ O2 kinetics response and reduce the D[HHb þ Mb]/ DV_ O2 ratio (i.e., reflecting a better matching of O2 delivery to O2 utilization) early in training.",interaction effect,"After 3wk of training, sV_O2p was significantly reduced in both the HIIT and MICT groups with no further significant changes thereafter. In contrast, τV̇o2p was not changed throughout the 12-wk period in the control group (time × group interaction, P < 0.01)",,,,,,,,,p < 0.01,not reported,no,no,no,,Yes,Yes,No,No,No,No,,,
183,Isokinetic resistance training combined with eccentric overload improves athletic performance and induces muscle hypertrophy in young ice hockey players,"RT and eccentric overload would elicit greater increases in strength, power and muscle hypertrophy compared to traditional RT.",interaction effect,not reported,,,,,,,,,p > 0.05,not reported,no,no,no,,Yes,Yes,No,No,No,No,,,
184,Sex differences in postprandial glucose response to short bouts of exercise: A randomized controlled trial,We hypothesized that women would show larger reductions in their postprandial glucose response with stair stepping compared to men.,interaction effect,"For plasma glucose values, there was no significant interaction of sex with trial (p = 0.445, np2 = 0.03)",,,,,,,,,p = 0.445,standardised,no,no,no,,Yes,Yes,No,No,standardised,No,,,
185,"Self-paced exercise performance in the heat with neck cooling, menthol application, and abdominal cooling",it was hypothesised exercise performance would be the greatest in this trial (neck cooling with menthol (MEN)),main effect,"No influence of intervention on trial duration (p = 0.552, n2 = 0.056; Fig. 1A)",,,,,,,,,p = 0.395,standardised,no,no,no,,Yes,Yes,No,No,standardised,No,,,
186,Lower limb ischemic preconditioning combined with dietary nitrate supplementation does not influence time-trial performance in well-trained cyclists,"We hypothesized that IPC combined with dietary NO3− supplementation would result in a cumulative rise in plasma NO2− and improve muscle oxygenation, ·

VO2 kinetics, and exercise performance compared to a control or IPC alone.",main effect,"The time-trial completion time was not different between trials (BASE 1342.8±72.3s, PLA+IPC 1350±74.5s, NIT+IPC 1346.2±83.3s, P = 0.978, Fig. 2C)",,,,,,,,,p = 0.978,not reported,no,no,no,,Yes,Yes,No,No,No,No,,,
187,"Evening electronic device use: The effects on alertness, sleep and next-day physical performance in athletes",that any observed sleep impairment would be related to poorer next-day athletic performance.,interaction effect,There were no significant differences in any next-day performance measure between the 4 conditions (Table 5).moderate effect size for SEBT on the right leg (d = 0.50) suggested that reach distance was shorter after tablet-based puzzles than tablet based reading.,,,,,,,,,not reported,standardised,no,no,no,,Yes,No,No,No,standardised,No,,,
188,Joint work is not shifted proximally after a long run in rearfoot strike runners,a long submaximal run would not lead to a distal-to-proximal shift in positive lower limb joint work in well-trained RFS runners.,difference of means,Relative positive ankle (p = 0.35; d = 0.17) work were unchanged following the long run (Figure 1A),,,p = 0.53,standardised,not reported,,,,,,,no,no,,Yes,Yes,No,No,standardised,No,,,
189,Optimised force-velocity training during pre-season enhances physical performance in professional rugby league players,"force-velocity optimised training resulted in a greater magnitude of improvement in 3RM squat, sprint acceleration performance, SJ height,

peak power, and reduction in FVimb.",main effect,"Changes in 3RM squat across the training programme are presented in Figure 2. There was a group effect (F(1,26) = 12.72, P = 0.001), with greater values in the OP group postintervention (95% CI [1.76, 6.56] P = 0.001, Figure 2). Pre-post effect sizes for the OP group versus the GP group were 0.47 (CI [−1.05, 0.16]) vs 0.26 (CI [−0.89, 0.36]).",,,,,,1,26,12.72,p = 0.001,standardised,yes,no,no,,Yes,Yes,Yes,Yes,standardised,Yes,,,
190,Maximalist shoes do not alter performance or joint mechanical output during the countermovement jump,"no differences in CMVJ performance would be observed between STND and MAX shoes,",difference of means,"Jump height and all temporal and vertical GRF variables were not significantly different between STND and MAX, and all associated ES magnitudes were trivial to small (p ≥ 0.191; ES ≤ 0.35; Table 2). p = 0.577, ES = 0.04",,,p = 0.577,standardised,not reported,,,,,,,no,no,,Yes,Yes,No,No,standardised,No,,,
192,Isometric exercise and pain in patellar tendinopathy: A randomized crossover trial,The primary hypothesis is that isometric exercise will induce greater pain reduction during a pain aggravating activity in comparison to dynamic exercises.,interaction effect,"In the ANOVA there was no significant interaction between mode of exercise and time on NRS scores of pain during SLDS (F(238) = 0.6, p = 0.561, partial 􏰂2 = 0.03; Fig. 2; Table 2).",,,,,,2,38,0.6,p = 0.561,standardised,no,clinical trial,no,,Yes,Yes,Yes,No,standardised,No,,,
193,Sex differences in the Buffalo Concussion Treadmill Test in adolescents with acute sport-related concussion,we hypothesized that concussed adolescent males and females would differ in BCTT performance and physiological responses.,difference of means,Females had signifi- cantly higher resting HR (p = 0.009) and HRt (p = 0.050) than males,,,p = 0.05,not reported,not reported,,,,,,,no,no,,Yes,Yes,No,No,No,No,,,
194,"Repeated sprints alter mechanical work done by hip and knee, but not ankle, sagittal moments","We hypothesised that mechanical work done by lower limb joint moments would decline following the repeated running protocol, particularly at the hip",main effect,"Relative to baseline, positive work done by the hip flexion joint moment during early swing (H3, MD −0.43 J/kg, 95%CI −0.69 to −0.18, p = 0.001, 􏰂p 2 = 0.266) and positive work done by the hip extension joint moment during late swing (H4, MD −0.82 J/kg, 95%CI −1.19 to −0.46, p < 0.001, 􏰂p 2 = 0.381) were sig- nificantly reduced following the repeated running protocol",,,,,,,,,p = 0.001,standardised,no,no,no,,Yes,Yes,No,No,standardised,No,,,
195,A passive increase in muscle temperature enhances rapid force production and neuromuscular function in healthy adults,It was hypothesised that the elevated Tc would conceal the rapid contraction force response after heat exposure.,interaction effect,Significant interaction (time vs. water immersion condition) was observed for RTDV50 (p = 0.01),,,,,,1.37,19.21,6.93,p = 0.01,standardised,no,no,no,,Yes,Yes,Yes,Yes,standardised,No,,,
196,Kinesiology tape length and ankle inversion proprioception at step-down landing in individuals with chronic ankle instability,"We hypothesized that: individuals with CAI may benefit from KT, and the effects may depend on the length of tape applied; while individuals without CAI may not benefit from the application of KT.",main effect,"and that there was a significant KT main effect (F = 7.489, p < 0.001), suggesting that, overall, KT significantly improved ankle inversion proprioception in landing (Table 2).",,,,,,1,28,7.489,p < 0.001,not reported,no,no,no,,Yes,Yes,Yes,No,No,No,,,
197,A comparison of heat acclimation by post-exercise hot water immersion and exercise in the heat,"post-exercise HWI would accelerate the speed of adaptation compared to EHA, and that the benefits of EHA beyond that of TNE would be modest.",main effect,"A two-way mixed model ANCOVA, with baseline as the covariate, detected a main effect of group for end-exercise Tre (f = 5.299, p = 0.013, Fig. 2B)",,,,,,2,23,5.299,p = 0.013,not reported,no,no,no,,Yes,Yes,Yes,No,No,No,,,
198,Beetroot juice supplementation increases concentric and eccentric muscle power output. Original investigation,"The purpose of the current study was to test the hypothesis that acute NO3− supplementation would enhance power output during CON and ECC contractions during a half-squat movement completed at various moment inertias,",main effect,There were significant main effects for supplement (p < 0.01),,,,,,,,,p < 0.001,not reported,no,no,no,,Yes,Yes,No,No,No,No,,,
199,Biomechanical effects following footstrike pattern modification using wearable sensors,"after the sensor-based gait retraining, runners would demonstrate a footstrike pattern transition from RFS to non-RFS in all running conditions.",main effect,"Results of the two-way repeated measures ANOVAs (Table 1) indicated that there was no interaction between gait retraining and slopes for all variables of interest (p-values ≥ 0.06), but there were significant main effects of gait retraining (p-values ≤ 0.02)",,,,,,,,,p < 0.01,standardised,no,no,no,,Yes,Yes,No,No,standardised,No,,,
200,Branched-chain amino acid supplementation improves cycling performance in untrained cyclists,We hypothesised that acute supplemen- tation of BCAA would improve performance and reduce central fatigue during a prolonged cycling TT with BCAA supplementation.,difference of means,Supplementation (287.9 ± 549.7 s; p = 0.04) reduced time-to-completion compared to PLA (Fig. 1; 6.7% improvement),,,p = 0.04,unstandardised,not reported,,,,,,,no,no,,Yes,Yes,No,No,unstandardised,No,,,
201,The effect of acute and repeated ischemic preconditioning on recovery following exercise-induced muscle damage,It was hypothesised that repeated IPC would attenuate the markers of EIMD during recovery in healthy recreational males to a greater extent than acute IPC and a control group.,interaction effect,"there was an effect of time for MVIC (P < 0.05) and an interaction between time and group (F(8,80) = 2.31, P = 0.027), with higher (P < 0.05) values demonstrated in the repeated IPC group at 24-h, 48-h and 72-h (90.4 ± 7.0 %, 101.5 ± 8.4% and 103.1 ± 4.7%, respectively) compared to the sham (81.4 6.7 %, 84.4 ± 7.0% and 89.7 ± 7.1%, respectively).",,,,,,8,80,2.31,P = 0.027,not reported,no,no,no,,Yes,Yes,Yes,Yes,No,No,,,
202,Progressive hyperthermia elicits distinct responses in maximum and rapid torque production,"It was hypothesised that (1) early- and middle-phase voluntary RTD would remain unaffected by whole-body hyperthermia, likely due to the counter effects of reduced early-phase neural drive and improved electrically evoked contractile responses",main effect,"T50, T100 and T150 were unchanged in HOT (p ≥ 0.121; Fig. 2A–C), as were RTD0-50 and RTD50-100 (p > 0.99; Fig. 2D–E),",,,,,,,,,p > 0.99,not reported,no,no,no,,Yes,Yes,No,No,No,No,,,
203,"Short term heat acclimation reduces heat strain during a first, but not second, consecutive exercise-heat exposure",STHA would mitigate the cardiovascular and thermoregulatory strain during both a first and second consecutive exercise session in the heat.,Unclear,Unclear,,,,,,,,,Y,standardised,no,clinical trial,no,,Yes,Yes,No,No,standardised,No,,,
204,The effect of mental fatigue on the performance of Australian football specific skills amongst amateur athletes,"It was hypothesised that mental fatigue would impair players endurance capacity, agility, sprinting ability and AF-specific technical skills.",difference of means,Participants ran a significantly longer distance in the Yo- Yo IR1 test in the control condition than in the mentally fatigued condition.,,,p = 0.03,standardised,not reported,,,,,,,no,no,,Yes,Yes,No,No,standardised,No,,,
205,"Ankle proprioception, range of motion and drop landing ability differentiates competitive and non-competitive surfers",better ankle proprioception will be a characteristic of higher-level surfers and that ankle discrimination scores will be highly correlated with surf-specific experience attained.,difference of means,"Post hoc tests revealed FF ankle discrimination scores were significantly higher in the senior-elite group compared to the junior-elite (p=0.03, d=1.67 [1.01,2.33])",,,p = 0.03,standardised,Yes,,,,,,,no,no,,Yes,Yes,No,No,standardised,Yes,,,
206,Psychological responses to HIIT and MICT over a 2-week progressive randomized trial among individuals at risk of type 2 diabetes,"in-task affect would be less pleasurable during HIIT in comparison to MICT, but enjoyment of HIIT would be greater than MICT.",main effect,"Significant main effects of time [F(3, 276) = 24.93, p < .001, η2 = .213] and group [F(1, 92) = 11.76, p = .001, η2 = .113] were observed, with participants in MICT reporting higher affective attitudes than those in HIIT throughout the intervention.",,,,,,1,92,11.76,p = 0.001,standardised,no,clinical trial,no,,Yes,Yes,Yes,Yes,standardised,No,,,
207,"Cognitive effects of acute aerobic exercise: Exploring the influence of exercise duration, exhaustion, task complexity and expectancies in endurance-trained individuals","(1) short (i.e. 15 min) and longer (i.e. 45 min) duration moderate-intensity exercise would improve simple and complex

cognitive abilities;",interaction effect,unclear,,,,,,Y,Y,Y,Y,standardised,no,no,no,,Yes,Yes,Yes,Yes,standardised,No,,,
208,High vibration frequency of soft tissue occurs during gait in power-trained athletes,"(1) The lower extremity soft tissue compartment (rectus femoris, RF and gastrocnemius

medialis, GMS) vibration frequencies acquired from

power-trained athletes are significantly higher than those

acquired from non-power-trained athletes.",main effect,"The main effects for the group factor in the RF (F0.95(1,22) = 63.357, p < 0.001, η2 = 0.687, power = 0.999)",,,,,,1,22,63.357,p < 0.001,standardised,no,no,no,,Yes,Yes,Yes,Yes,standardised,No,,,
209,Blood oxidative stress and post-exercise recovery are unaffected byhypobaric and hypoxic environments,We hypothesized that both hypoxic and hypobaric conditions would result in a blunting of the oxidative stress response during the post-exercise recovery period.,interaction effect,"Analysis of LOOH findings indicated a main effect of trial (p = 0.005) and time (p = 0.019); however, no trial x time interaction was observed (p = 0.064). At 2-HR, LOOH was significantly higher than the POST time point (p = 0.011). It is plausible that the observed main effect was not caused by the environmental conditions considering the values were also elevated at PRE, before exercise and any environmental condition was introduced.",,,,,,,,,p = 0.064,not reported,no,no,no,,Yes,Yes,No,No,No,No,,,
210,Effects of Nordic hamstring exercise combined with glider exercise on hip flexion flexibility and hamstring passive stiffness,"Based on the findings of previous studies, we postulated that isoinertial eccentric training at long muscle length would increase maximal ROM and reduce passive resistive torque.",interaction effect,"A significant interaction (time × group) effect was found for maximal passive ROM (F = 34.32, p < 0.001). Post-hoc testing revealed a significant increase in the intervention group for maximal passive ROM (11.2%; p < 0.001; d = 1.55), while no significant changes were observed in the control group (p = 0.46; d = 0.19).",,,,,,1,32,34.32,p < 0.001,not reported,no,no,no,,Yes,Yes,Yes,No,No,No,,,
211,The effects of Ramadan intermittent fasting on sleep-wake behaviour and daytime sleepiness in team sport referees,"Ramadan fasting would negatively affect sleep duration and quality, and would increase daytime sleepiness in Muslim referees.",difference of means,The values during Ramadan were significantly higher compared with before Ramadan (p < 0.001). ES (biserial correlation) = 0.56. Wilcoxon statistic = 545,78,W = 545,p < 0.001,both types are reported,not reported,,,,,,,no,no,,Yes,Yes,Yes,No,Both,No,,,
212,Attenuation of stress-induced cardiovascular reactivity following high-intensity interval exercise in untrained males,"a single session of HIIE is effective at lowering cardiovascular reactivity in response

to a stress challenge, and that the magnitude of the lowering effect is greater than that produced by moderate-intensity exercise.",main effect,"Univariate ANCOVA ( ling for pre-CPT values) indicated that there were significant effects of experimental conditions on SBP (F(3, 35) = 5.61, p = 0.008, η2 = 0.24), Post-hoc analyses revealed that ing HIIE resulted in lower SBP (p = 0.009), DBP (p = 0.010) and MAP (p = 0.014) responses during CPT compared to CON. SBP responses during CPT were also lower in MIE (p = 0.044) pared to CON.",,,,,,3,35,5.61,p = 0.008,standardised,no,no,no,,Yes,Yes,Yes,Yes,standardised,No,,,
213,"No Influence of Low-, Medium-, or High-Dose Tyrosine on Exercise in a Warm Environment","a tyrosine dose similar to that used in the majority of previous exercise studies (defined as a low dose for the purpose of this study) (11–15) would not influence, but that a medium or high dose would enhance cycling performance in in a warm environment,

compared with a placebo containing no tyrosine.",main effect,The time trial performance relative to PLA was unaffected by tyrosine ingestion (P = 0.579).,,,,,,,,,p = 0.579,not reported,no,no,no,,Yes,Yes,No,No,No,No,,,
214,Accelerated Muscle Recovery in Baseball Pitchers Using Phase Change Material Cooling,"PCM cooling would accelerate recovery of muscle function (15,16).",interaction effect,(treatment–time P = 0.007; Fig. 2),,,,,,,,,p = 0.007,not reported,no,no,no,,Yes,Yes,No,No,No,No,,,
215,Bicarbonate Unlocks the Ergogenic Action of KetoneMonoester Intake in Endurance Exercise,the prevention of KE-induced acidosis by concomitant oral bicarbonate (NaHCO3) ingestion may unlock the ergogenic potential of KE.,interaction effect,"A KE–BIC interaction effect was detected for mean power output during TT15′ (P = 0.04, η2 = 0.44; Fig. 5A). Post hoc analyses indicated that mean power output during TT15′ was similar (~254W) for KE and BIC compared with CON (both P > 0.99). Conversely, mean power output in KE + BIC was 5% (+12 W) higher than in CON (95% CI = +2 to +22 W, d = 0.93, P = 0.02) and KE (95% CI = +0 to +23 W, d = 0.77, P = 0.049) and tended to be 5% higher comparedwith BIC (95% CI = −3 to+31W, d=1.01, P = 0.11; Fig. 5B).",,,,,,,,,p = 0.04,standardised,no,no,no,,Yes,Yes,No,No,standardised,No,,,
216,Can Creatine Combat the Mental Fatigue–associated Decrease in Visuomotor Skills?,a 7-d creatine supplementation protocol would postpone the occurrence of MF and improve sport-specific psychomotor skills in a mentally fatigued state.,main effect,No effect of the creatine supplementation was observed on visuomotor RT,,,,,,,,,not reported,not reported,no,no,no,,Yes,No,No,No,No,No,,,
217,Dynamic Changes of Performance Fatigability and Muscular O2 Saturation in a 4-km Cycling Time Trial,"performance fatigability etiology would display a similar time course as that observed in our previous study (4), but with an exacerbated amplitude because

of the minimal time delay between exercise cessation and the

performance fatigability etiology measurements",interaction effect,"The comparison between familiarization and ES conditions for performance fatigability variables only showed a main effect of time for IMVC (η2p = 0.823), VA (η2p = 0.611), Db100 (η2p = 0.895), Db10:100 (η2p = 0.891), and TwPt (η2p = 0.890) (all P < 0.001) but no main effect of condition nor interaction (P > 0.05).",,,,,,,,,p > 0.05,not reported,no,no,no,,Yes,Yes,No,No,No,No,,,
218,Effects of 8 wk of 16:8 Time-restricted Eating in Male Middle- and Long-Distance Runners,"Stated as a null hypothesis, we hypothesized that 8 wk of 16:8 TRE would have no effect on either the primary outcome measure, that being body mass, or the aforementioned secondary outcome measures.",main effect,"After adjustment for values in the respective parameters at PRE, body mass in TRE was significantly lower at POST compared with CON (mean difference of −1.92, 95% confidence interval [CI] = −3.52 to −0.32 kg, P = 0.022, ηp 2 = 0.321) (Fig. 3).",,,,,,,,,p = 0.022,both types are reported,"yes, only for unstandadrdised",no,no,,Yes,Yes,No,No,Both,"yes, only for the unstandardised",,,
219,Effects of the Turbine™ on Ventilatory and Sensory Responses to Incremental Cycling,Turbine™ would modestly reduce the WOB at rest and low exercise intensities but would have no effect on the WOB at moderate to high intensities because of the shift to predominantly oral breathing.,interaction effect,no interaction effect and no main effect of condition on the WOBTot or WOB Ires during exercise,,,,,,,,,not reported,not reported,no,no,no,,Yes,No,No,No,No,No,,,
220,Ischemic Preconditioning Blunts Loss of Knee Extensor Torque Complexity with Fatigue,"We hypothesized that IPC would increase time to task failure and attenuate the rate

of the fatigue-induced reduction in muscle torque complexity,

quantified by a slower rate of decrease in ApEn and a slower

rate of increase in the DFA α scaling exponent.",unclear,IPC significantly increased time to task failure by 7.4 ± 3.2 min (95% CI = 0.1–14.7 min) or by 43% ± 13% (Table 2),,,,,,,,Y,Y,not reported,"yes, only for unstandadrdised",no,no,,Yes,Yes,Yes,No,No,"yes, only for the unstandardised",,,
221,"Relative Effort while Walking Is Higher among Women Who Are Obese, and Older Women","relative effort would be higher among women who were obese compared with healthyweight women,",main effect,peak relative effort among women who were obese was 23% higher in knee extension p = 0.028 (table 2),,,,,,,,,p = 0.028,standardised,no,no,no,,Yes,Yes,No,No,standardised,No,,,
223,Skeletal Effects of Nine Months of Physical Activity in Obese and Healthy Weight Children,"We hypothesized that obese/overweight children have lower BMAD for their weight, and that PA training increases BMAD in both groups relative to nonexercise controls.",main effect,"Over a period of 9 months, the change in BMAD (difference of posttrial and pretrial values) shows a significant increase in leg (P < 0.001)",,,,,,,,,p < 0.001,not reported,no,clinical trial,no,,Yes,Yes,No,No,No,No,,,
225,The Effect of Preexercise Expiratory Muscle Loading on Exercise Tolerance in Healthy Men,"We hypothesized that acute submaximal expiratory threshold loading at 40% of maximal expiratory gastric pressure (PgaMAX) would enhance expiratory muscle function and improve subsequent exercise tolerance primarily through a reduction in the perception of dyspnea and/or a reduction in the severity

of exercise-induced expiratory muscle fatigue.",difference of means,"group mean TLIM was not different in EML-EX versus SHAM-EX (7.91 ± 1.96 vs 8.09 ± 1.77 min, 95% CI = −1.02 to 0.67, P = 0.651).",,,p = 0.651,not reported,"yes, only for the unstandardised",,,,,,,no,no,,Yes,Yes,No,No,No,"yes, only for the unstandardised",,,
226,The Effects of Transcranial Direct Current Stimulation on Chronic Ankle Instability,"We hypothesized that although eccentric training would contribute to improvements across all participants, the individuals receiving aTDCS could demonstrate earlier, greater, and more durable improvements in outcome variables",interaction effect,"There was a significant time–group interaction effect for DPSI ( F [3,60] = 2.952; P = 0.040; η 2 p = 0.129)",,,,,,3,60,2.952,P = 0.040,standardised,no,no,no,,Yes,Yes,Yes,Yes,standardised,No,,,
228,The effects of acute resistance exercise on young and older males' working memory*,We hypothesized that working memory performance can be facilitated by acute bouts of moderate intensity RE.,interaction effect,"the interaction of Treatment by Time (F(1,19) = 21.59, p < .001, partial n2 = 0.53) were also significant",,,,,,1,19,21.59,p <0.001,standardised,no,no,no,,Yes,Yes,Yes,Yes,standardised,No,,,
229,The influence of transcranial direct current stimulation on pain affect and endurance exercise,"it was hypothesised that active tDCS with the anodal electrode placed over the left DLPFC would reduce ratings of exercise induced pain unpleasantness, but not pain intensity, and enhance muscular endurance time when compared to a placebo control.",difference of means,The analysis revealed no significant difference in TTE between active (173.30 ± 56.68 s) and sham (182.17 ± 74.77 s) tDCS conditions; t(22)=−0.773 p=.448.,22,0.773,p = 0.448,not reported,not reported,,,,,,,no,yes,yes,Yes,Yes,Yes,Yes,No,No,,,
230,Effects of visualized PETTLEP imagery on the basketball 3-point shot: A comparison of internal and external perspectives,"intermediate skill basketball players would benefit from visualized PETTLEP imagery after training with both internal and external imagery. Further, because intermediate skill basketball players have experience in the 3-point shot we hypothesized

that the internal PETTLEP imagery group would perform better

than the external imagery group.",interaction effect,"The 2 by 2 mixed design ANOVA analyses showed a significant group × time interaction on 3-point shot scores, F (2, 46) = 7.90, p = .001, η2 = 0.256, as Table 1 and Fig. 2 illustrate.",,,,,,2,46,7.9,p = 0.001,standardised,no,no,no,,Yes,Yes,Yes,Yes,standardised,No,,,
231,The effects of mindfulness training on beginners' skill acquisition in dart throwing: A randomized controlled trial,"mindfulness, experiential acceptance, flow, and dart throwing performance in the mindfulness training group would be significantly higher than the attention control group immediately-after and two-weeks after the intervention",interaction effect,"Repeated measure ANOVA of dart throwing performance revealed a significant time by group interaction effect of the, F (2, 40) = 6.83, p = 0.003, n2 = 0 .26",,,,,,2,40,6.83,p = 0.003,standardised,no,no,no,,Yes,Yes,Yes,Yes,standardised,No,,,
232,Prior self-control exertion and perceptions of pain during a physically demanding task,"engaging in a cognitively demanding task previously shown to require self-control (i.e., an incongruent Stroop task) would result in poorer performance (hypothesis

1)",main effect,"The results revealed that there was a significant main effect for experimental trial on wall sit performance (F(1,60) = 7.62, p = 0.01, r = 0 .78).",,,,,,1,60,7.62,p = 0.01,not reported,no,no,no,,Yes,Yes,Yes,Yes,No,No,,,
233,Higher power of sensorimotor rhythm is associated with better performance in skilled air-pistol shooters,"Based on previous findings, we expected that lower activation of the sensorimotor cortex, as reflected by higher SMR power, would be associated with better performance.",interaction effect,"Two-way ANOVA with the factors of performance (2) and time window (3) revealed a significant interaction effect, F(2, 46) = 3.224, p = 0.049, np2 =  0.123.",,,,,,2,46,3.224,p = 0.049,standardised,no,no,no,,Yes,Yes,Yes,Yes,standardised,No,,,
234,"Worksite intervention effects on motivation, physical activity, and health: A cluster randomized controlled trial","a need-supportive group-based PA intervention (relative to a standard control condition) would lead to increases in regular PA and CRF, as well as improvements in biomedical outcome variables related to health (i.e., reduced systolic and diastolic BP, waist circumference, increased HDL-C, and lower non- HDL-C levels).",interaction effect,"Treatment x time effect F 18.14, p = 0.000, d = 0.49",,,,,,1,141,18.14,P = 0.000,standardised,no,clinical trial,no,,Yes,Yes,Yes,No,standardised,No,,,
235,"The effects of facial expression and relaxation cues on movement economy, physiological, and perceptual responses during running","RE would be improved (i.e., lower VO2) and heart rate reduced during smiling in comparison with frowning and control.",main effect,"RM-ANOVA revealed a difference in VO2 between conditions, F (3, 69) = 5.88, p  = 0.001. Mean VO2 (Table 2 and Fig. 1) was lower during smiling than frowning (Mean difference, [MD] ¼ 0.94 ml/ min/kg, p ¼ 0.006, d¼0.23) and control (MD¼0.76 ml/min/kg, p ¼ 0.040, d ¼ 0.19).",,,,,,3,69,5.88,p = 0.001,standardised,no,no,no,,Yes,Yes,Yes,Yes,standardised,No,,,
236,The effects of competitiveness and challenge level on virtual reality rowing performance,"participants high in competitiveness were expected to row more metres, show higher power output, and exert greater physiological effort than those low in competitiveness",interaction effect,"A significant main effect of epoch was found for all performance measures, all Fs > 9.56, all ps < .001, all ηp 2 > .13, showing a general decline in performance across time before stabilising in the last 3 min. However, the trend across epochs differed across challenge level groups, as reflected in a significant challenge level×epoch interaction for distance, F (2, 153)=5.07, p=.004, ηp 2=.08,",,,,,,2,153,5.07,p = 0.004,standardised,no,no,no,,Yes,Yes,Yes,Yes,standardised,No,,,
237,Enhancing performance expectancies through positive comparative feedback facilitates the learning of basketball free throw in children,positive comparative feedback group would demonstrate higher learning of the task than the control group.,main effect,"Punctuation scores were significantly higher for the PF group compared with the control group on the transfer test, F (1, 24)=4.86, p=.037, ηp 2=0.168 (Fig. 1)",,,,,,1,24,4.86,p = 0.037,standardised,no,no,no,,Yes,Yes,Yes,Yes,standardised,No,,,
238,Heart rate biofeedback attenuates effects of mental fatigue on exercise performance,"receiving HR biofeedback would attenuate declines in performance such that when people were mentally-fatigued, they would exercise at the same intensity and perform the same amount of work as when not mentally fatigued.",unclear,"Results revealed significant main effects for Cognitive Control, F (1, 35)=11.21 p=.002, ηp 2=0.24, Biofeedback, F (1, 35)=9.96, p=.003, ηp 2=0.22, and a significant interaction, F (1, 35)=5.23, p=.028, ηp 2=0.13. Decomposition of the interaction using post-hoc planned contrasts (Bonferroni) between each condition revealed significantly lower total work in the HCC/no feedback condition compared to both LCC conditions (ps≤.002) and the HCC/biofeedback condition (p=.004). However, there were no differences between any of the LCC/no feedback, LCC/biofeedback and HCC/biofeedback conditions (ps > .99).",,,,,,Y,Y,Y,Y,both types are reported,no,no,no,,Yes,Yes,Yes,Yes,Both,No,,,
239,Intensity and workload related dose-response effects of acute resistance exercise on domain-specific cognitive function and affective response – A four-armed randomized controlled crossover trial,exercise intensity and workload are related to the effect on lower or higher cognitive function,main effect,Repeated measures ANCOVAs revealed no effects of exercise re- gimes on post to pre changes of Stroop I (F(3)=0.936; p=0.428; η2p=0.039),,,,,,3,24,0.936,p = 0.428,standardised,no,no,no,,Yes,Yes,Yes,No,standardised,No,,,
240,"Primed to perform: Comparing different pre-performance routine interventions to improve accuracy in closed, self-paced motor tasks","We hypothesized that the intervention groups would perform better than the control group, with the combined group showing the best performance.",difference of means,"Subsequent simple main effects analysis indicated no group differences pretest, F(3, 42 = 1.28, p = .29, ηp2 = 0.08, a significant group difference in the first posttest, F(3, 42) = 3.45, p = .025, ηp2 = 0.20, and no group differences in the second posttest, F(3, 42) = 0.97, p = .42, ηp2 = 0.07. Contrast-coded analysis (−1, −1, −1, +3, for the three intervention groups and the control group, respectively) in the first posttest was significant, corrected t(15.66) = 2.18, p = .045, indicating that participants in the intervention groups outperformed control participants.",15.66,2.18,p = 0.045,standardised,not reported,,,,,,,no,no,,Yes,Yes,Yes,Yes,standardised,No,,,
241,The acute effects of analogy and explicit instruction on movement and performance,"reduced accuracy, greater joint angle variability, slower angular velocity, and longer throw times would suggest more active manipulation of the instructions in working memory in line with Fitts

and Posner’s three-stage cognitive framework for motor learning (1967) and associated models of choking, such as Masters’ (1992) conscious processing hypothesis.",main effect,"A two-way repeated-measures analysis of variance (ANOVA) did not reveal a significant main effect of instruction type on accuracy, F(1, 19)=0.421, p=.524, ƞ2p =.02,",,,,,,1,19,0.421,p = 0.524,standardised,no,no,no,,Yes,Yes,Yes,Yes,standardised,No,,,
242,Effect of exposure time to smartphone apps on passing decision-making in male soccer athletes,higher exposure time to smartphone applications leads to higher impairment in passing decision making in professional soccer athletes.,main effect,"Effect of exposure time to smartphone F = 30.5 p = 0.001, h2 = 0.7",,,,,,3,57,30.5,p = 0.001,not reported,no,no,no,,Yes,Yes,Yes,No,No,No,,,
243,Mental fatigue impairs visuomotor response time in badminton players and controls,We hypothesized that mental fatigue would negatively affect performance on the visuomotor task in controls,interaction effect,"an interaction between the effects of condition and time was present (condition x time; F(1,19) = 10.0; p = 0.005)",,,,,,1,19,10,p = 0.005,not reported,no,no,no,,Yes,Yes,Yes,Yes,No,No,,,
244,Approach-achievement goals and motivational context on psychophysiological functioning and performance among novice basketball players,"1) pursuit of an OAp, relative to SAp and TAp goals, would lead to significantly reduced (1a) physiological functioning (e.g., higher HR & BP recordings)",interaction effect,"There were also significant two-way effects between context and time on HR, F (3, 324)=8.88, p < .001, η2=0.16",,,,,,3,324,8.88,p < 0.001,standardised,no,no,no,,Yes,Yes,Yes,Yes,standardised,No,,,
245,The effect of unilateral hand contractions on psychophysiological activity during motor performance: Evidence of verbal-analytical engagement,"we predicted that unilateral hand contractions would influence verbal-analytical engagement (i.e., inferred by changes in T7-Fz connectivity) during movement planning. Specifically, we predicted that the left-hand contractions would lower verbal analytical engagement during motor planning compared to right-hand and no-hand contractions, and that right-hand contractions would raise verbal-analytical engagement in motor planning compared to left-hand and no-hand contractions.",main effect,"The results revealed a main effect of Condition, F(2,48) = 122.5, p < .001, ηp 2 = 0.84. Post-hoc tests revealed that left-hand contractions led to significantly lower T7-Fz connectivity, than right-hand contractions (p < .001) or no-hand contractions (p < .001,",,,,,,2,48,122.5,p < 0.001,standardised,no,no,no,,Yes,Yes,Yes,Yes,standardised,No,,,
246,Specific internal and external attentional focus instructions have differential effects on rowing performance,"a focus on proximal external cues (i.e., focusing on the movement and exerted

force on the handle) would result in increased physical effort than a focus on distal external cues (i.e., sounds of the ergometer, movement of the seat).",interaction effect,"an attentional focus × epoch interaction, F(11, 704) = 4.85, ε = 0.45, p < .001, ηp 2 = 0.07.",,,,,,11,704,4.85,p < 0.001,standardised,no,no,no,,Yes,Yes,Yes,Yes,standardised,No,,,
247,OXYGEN UPTAKE SLOW COMPONENT AND THE EFFICIENCY OF RESISTANCE EXERCISES,"as V_O2sc increases in a prolonged constant-load test at LT intensity, work efficiency in resistance exercises such as HS should be reduced, and therefore, it would be plausible to propose a causal inverse relationship between the V_O2sc, energy expended (EE), and mechanical efficiency",main effect,"A significant slight and sustained increases of EE was identified (F6, 108 = 10.54, p , 0.001, h2 p = 0.369, SP = 1)",,,,,,6,108,10.54,p < 0.001,standardised,no,no,no,,Yes,Yes,Yes,Yes,standardised,No,,,
248,CARDIOVASCULAR EFFECTS OF COMPRESSION GARMENTS DURING UNCOMPENSABLE HEAT STRESS,"by augmenting venous return from the lower extremities, the use of CGs would preserve intravascular volume leading to a lower HR while working in a hot environment simulating fire suppression.",difference of means,There were no differences in HR rise between the 2 conditions (p = 0.36),,,p = 0.36,not reported,not reported,,,,,,,no,no,,Yes,Yes,No,No,No,No,,,
249,HOW TO SERVE FASTER IN TENNIS: THE INFLUENCE OF AN ALTERED FOCUS OF ATTENTION AND AUGMENTED FEEDBACK ON SERVICE SPEED IN ELITE PLAYERS,"an immediate performance-enhancing effect was expected for EF, AF, and AF + EF compared to CON.",main effect,"Repeated-measures ANOVA revealed a significant main effect of “condition” (Figure 2A; F4,36 = 5.54, h2 p = 0.38; p < 0.001)",,,,,,4,36,5.54,p < 0.001,standardised,no,no,no,,Yes,Yes,Yes,Yes,standardised,No,,,
250,POSTACTIVATION POTENTIATION IMPROVES ACUTE RESISTANCE EXERCISE PERFORMANCE AND MUSCULAR FORCE IN TRAINED MEN,We hypothesized that PAP would increase acute total volume in resistance exercise and force during MVIC.,difference of means,"Total repetitions were greater in the PAP condition (56.2 6 17.3 repetitions [CI 95% = 43.8–68.6 repetitions]) compared with the No-PAP condition (48.8 6 14.5 repetitions [CI 95% = 38.4–59.2 repetitions]), and effect sizes ranged from small to medium (d = 0.46).",,,p = 0.001,standardised,not reported,,,,,,,no,no,,Yes,Yes,No,No,standardised,No,,,
251,Exploring the Utility of Performing a Down Set as a Postactivation Potentiation Strategy,We hypothesized that there would be no increase in concentric velocity during the down sets because of accumulated fatigue from working sets.,difference of means,"There was no statistical difference (t(11) 5 0.852, p 5 0.412, Cohen’s d 5 0.246) for working-set MCVs between the DS condition (0.621 6 0.116 m·s21) and the NDS condition (0.636 6 0.129 m·s21).",11,0.852,p = 0.412,standardised,not reported,,,,,,,no,no,,Yes,Yes,Yes,Yes,standardised,No,,,
252,Postactivation Potentiation Effect of Heavy Sled Towing on Subsequent Sprints,heavy sled-towing loads between 40 and 50% Vdec will significantly improve peak post sled-towing sprint times compared with peak baseline sprint times.,difference of means,"The results of a one-tailed, paired samples t-test indicted a mean difference between peak baseline sprint times and peak post sled-towing sprint times (p < 0.001, observed power 5 0.99). A Cohen’s d = 0.92 indicated a moderate to large magnitude of effect size,",,,p < 0.001,standardised,not reported,,,,,,,no,no,,Yes,Yes,No,No,standardised,No,,,
253,"Physiological Impact of a Single Serving Slow Absorption Carbohydrate on Metabolic, Hemodynamic, and Performance Markers in Endurance Athletes During a Bout of Exercise",the modified starch would result in a superior high-intensity TTF performance after a 3-hour treadmill run through the maintenance of blood glucose.,main effect,"There were no significant differences between the trials for the TTF at 110% V̇O2max (F = 156.16 ± 35.5, S = 223.7 ± 42.9, W = 161.1 ± 21.4 seconds, p = 0.18; ES = 0.54; 95% CI, 139.4–221.2).",,,,,,,,,p = 0.18,standardised,no,no,no,,Yes,Yes,No,No,standardised,No,,,
254,Stretch-Shortening Cycle Potentiation and Resistance Training-Induced Changes in Walking Economy/Ease and Activity-Related Energy Expenditure in Older Women,"It is hypothesized that subjects with low to moderate baseline SSCP will increase SSCP and AEE to a

greater extent than those with higher baseline SSCP.",interaction effect,Changes in SSCP (h2p 5 0.250) and AEE (h2p 5 0.119) displayed the only time-by-group interactions (SSCP h2p 5 0.205 and AEE h2p 5 0.067).,,,,,,,,,p < 0.02,standardised,no,no,no,,Yes,Yes,No,No,standardised,No,,,
255,Electromyographical Differences Between the Hyperextension and Reverse-Hyperextension,"It was hypothesized that peak and mean EMG would be greater overall in the

RHE compared with the HE due to there being a greater lever length.",difference of means,"For all muscle groups, peak EMG during the extension phase was significantly greater activation during the RHE, with moderate magnitudes (p # 0.024; g $ 0.95; ES 5 107.3 6 37.9%, GMax 5 49.3 6 37.5%, and BF 5 58.8 6 21.7%) compared with HE (ES573.1625.4%, GMax518.1613.1%, and BF5 38.7 6 18.6%).",,,p < 0.024,standardised,not reported,,,,,,,no,no,,Yes,Yes,No,No,standardised,No,,,
256,Evaluation of High-Intensity Interval Training and Beta-Alanine Supplementation on Efficiency of Electrical Activity and Electromyographic Fatigue Threshold,"We have hypothesized that EMGFT or work rate at which an individual could theoretically sustain for a prolonged duration without neuromuscular evidence of fatigue could be improved with anaerobic training or aerobic ergogenic supplements, such as HIIT and BA, respectively.",interaction effect,"Two-way mixed factorial results for EMGFT indicated there was no significant interaction for treatment group x time (F4,76 = 1.346; p = 0.26; effect size: partial eta-squared (h2p 50.066)",,,,,,4,76,1.346,p = 0.26,standardised,no,no,no,,Yes,Yes,Yes,Yes,standardised,No,,,
257,ACUTE EFFECTS OF BALLISTIC VS. PASSIVE STATIC STRETCHING INVOLVED IN A PREMATCH WARM-UP ON VERTICAL JUMP AND LINEAR SPRINT PERFORMANCE IN SOCCER PLAYERS,that stretching included in soccer warm-up can influence the jump and sprint performance,main effect,"With respect of the jump height in CMJ (ES = 0.43; 0.62; 20.31; 0.88), no significant differences were found in any of the groups or based on the type of stretching included in the warm-up",,,,,,,,,not reported,standardised,no,no,no,,Yes,No,No,No,standardised,No,,,
258,"Bone Mineral Density Differences Across Female Olympic Lifters, Power Lifters, and Soccer Players",Olympic-style lifters and PL have a greater lumbar spine BMD compared with soccer players (SP) because both lifting sports require high-impact mechanical loading at the lumbar spine.,difference of means,OL or PL did not have more bone mineral density than soccer players (p > 0.05). No ES or CI reported,,,p > 0.05,not reported,not reported,,,,,,,no,no,,Yes,Yes,No,No,No,No,,,
259,Comparision of Low and High Volume of Resistance Training on Body Fat and Blood Biomarkers in Untrained Older Women: A Randomized Clinical Trial,a higher RT volume would promote greater improvements in these variables.,interaction effect,A group vs. time interaction (p < 0.05) revealed the effectiveness of high volume of RT for the improvement of all variables analyzed,,,,,,,,,p < 0.05,standardised,no,no,no,,Yes,Yes,No,No,standardised,No,,,
260,Effects of Cluster Set Configuration on Mechanical Performance and Neuromuscular Activity,"the more frequent the number of intraset rests, the greater the strength, velocity, and power values and the lower the neuromuscular markers

of fatigue.",main effect,"Significant differences between protocols were observed for all variables analyzed, except for RMS-TB and MDF-PM. The CS configurations (i.e., CS4 and CS2) showed higher MPF values during the entire session compared with TRDs.",,,,,,,,,p < 0.05,standardised,no,no,no,,Yes,Yes,No,No,standardised,No,,,
261,Higher Peak Fat Oxidation During Rowing vs. Cycling in Active Men and Women,"It was predicted that rowing would elicit significantly higher FOx vs. CHOOx at all intensities, similar to prior work (20).",difference of means,"there was a main effect of mode (p= 0.03), Peak FOx was significantly higher in rowing vs. cycling (0.23 6 0.09 g·min21 [95% CI 5 0.20–0.27 g·min21] vs. 0.18 6 0.07 g·min21 [95% CI 5 0.15–0.22 g·min21]), (t(21) 5 2.84, p 5 0.01, d 5 0.65),",21,2.84,p = 0.01,standardised,"yes, only for the unstandardised",,,,,,,no,no,,Yes,Yes,Yes,Yes,standardised,"yes, only for the unstandardised",,,
262,INFLUENCE OF CONSTANT TORQUE STRETCHING AT DIFFERENT STRETCHING INTENSITIES ON FLEXIBILITY AND MECHANICAL PROPERTIES OF PLANTAR FLEXORS,higher intensity CTS would induce greater increases in maximal ROM and greater decreases in MTU stiffness.,interaction effect,"For maximal ROM, a significant 2-way interaction (stretching 3 time) was found (p < 0.01, h2p = 0.64).",,,,,,,,,p < 0.01,standardised,no,no,no,,Yes,Yes,No,No,standardised,No,,,
263,INFLUENCE OF DIFFERENT TREADMILL INCLINATIONS ON V_ O2MAX AND VENTILATORY THRESHOLDS DURING MAXIMAL RAMP PROTOCOLS,"both maximal and submaximal respiratory responses would be affected by treadmill inclination, due to variations in peripheral fatigue

during CPETs.",main effect,"Table 1 presents total duration of CPETs, maximal heart rate (HRmax), V_ O2max, VT1, and VT2 (with corresponding speeds andV_ O2). Although test durations were shorter when treadmill inclination increased, no difference was detected for V_ O2max or HRmax",,,,,,,,,p = 0.76,not reported,no,no,no,,Yes,Yes,No,No,No,No,,,
264,"Sex Comparison of Knee Extensor Size, Strength And Fatigue Adaptation to Sprint Interval Training","12 weeks cycling SIT would promote knee extensor hypertrophy, increased torque and fatigue resistance. Based on the limited available data indicating larger gains in type IIx fibre CSA in females than males, females were hypothesised to have a greater hypertrophic adaptation compared with males",interaction effect,"Analysis of leg lean mass and thigh lean mass from DXA scans showed no significant changes after training. However, the more detailed analysis of CSA Q from MRI showed a significant increase of 3.25 cm 2 after SIT ( p = 0.023), with both males and females increasing CSAQ similarly after training (sex x time interaction: p=0.140",,,,,,,,,p = 0.140,not reported,no,no,no,,Yes,Yes,No,No,No,No,,,
265,Moderate Load Resisted Sprints Do Not Improve Subsequent Sprint Performance in Varsity Level Sprinters,"A small, but meaningful, change in sprint performance was expected following the moderate load (~45% body mass sled equivalent load) resisted sprint intervention, as recent work has shown improvements in sprint performance following similar loads.",main effect,"No significant changes in sprint times over 0-5 m (Δ URS = 177 -0.003 s ± 0.03 s, RST Δ = 0.0008 s ± 0.03 s, p=0.63)",,,,,,,,,p = 0.33,unstandardised,no,no,no,,Yes,Yes,No,No,unstandardised,No,,,
266,"HIGH- VS. LOW-INTENSITY FATIGUING ECCENTRIC EXERCISE ON MUSCLE THICKNESS, STRENGTH, AND BLOOD FLOW",we hypothesized that muscle thickness and muscle blood flow would increase to a greater extent as a result of the 40 vs. 80% intensity eccentric exercise.,interaction effect,"There was no significant (p = 0.152, h2p = 0.118) Intensity 3 Time interaction",,,,,,,,,p = 0.152,standardised,no,no,no,,Yes,Yes,No,No,standardised,No,,,
267,DOES INTRA-ABDOMINAL PRESSURE HAVE A CAUSAL EFFECT ON MUSCLE STRENGTH OF HIP AND KNEE JOINTS?,"hypothesize that IAP has a causal effect on muscle strength, at least of hip extensor and thereby an increase in IAP leads to an enhancement of muscle strength of hip extensor",main effect,"There was no significant main effect in the maximal torque of hip flexor (F = 1.972, p = 0.155, partial h2 = 0.104)",,,,,,1,17,1.972,P = 0.155,standardised,no,no,no,,Yes,Yes,Yes,No,standardised,No,,,
268,Starving Your Performance? Reduced Preexercise Hunger Increases Resistance Exercise Performance,the semisolid meal would suppress hunger and increase performance.,difference of means,"Total repetitions completed for BS (Figure 1A) were 11.6% (95% confidence interval, + 5.6% to + 17.5%; dz = 0.99) greater in SEM",,,p < 0.01,standardised,"yes, only for the unstandardised",,,,,,,no,no,,Yes,Yes,No,No,standardised,"yes, only for the unstandardised",,,
269,Effect of Moderate- or High-Intensity Inspiratory Muscle Strength Training on Maximal Inspiratory Mouth Pressure and Swimming Performance in Highly Trained Competitive Swimmers,"we hypothesized that high-intensity IMST would lead to greater swimming performance with MIP improvement than moderate-intensity IMST in highly trained competitive

swimmers.",difference of means,There was a significant interaction (group × training phase) for MIP (P = .0001). The MIP values after 2 and 6 weeks of IMST in the HI and MOD groups were significantly higher than those before IMST intervention (P = .0001). The magnitudes of the increased MIP after 6 weeks of IMST did not differ between the HI (13.4% [8.7%]) and MOD (13.1% [10.1%]) groups (P = .44). The MIP after 6 weeks of IMST in the MOD group was significantly higher than that in the control group (P = .044).,,,P = 0.44,not reported,not reported,,,,,,,no,no,,Yes,Yes,No,No,No,No,,,
270,Comparison of Physiological Responses and Muscle Activity During Incremental and Decremental Cycling Exercise,"We postulated that a higher V˙ O2max would be present during the DEC exercise test and that, in spite of a lower power output at V˙ O2max, the electromyography (EMG) activity would be higher, indicating greater muscle activation.",difference of means,"During DEC (parts A and B pooled), V˙ O2max values were on average 3.0% higher than during INC (4259 [695] vs 4139 [657] mL·min−1 respectively, 95% CI, 16 to 224 mL·min−1, dz = 0.56, P = .025; Figure 2),",,,p = 0.025,standardised,"yes, only for the unstandardised",,,,,,,no,no,,Yes,Yes,No,No,standardised,"yes, only for the unstandardised",,,
271,Effects of Increased Load of Low- Versus High-Intensity Endurance Training on Performance and Physiological Adaptations in Endurance Athletes,we hypothesized that more HIT would elicit superior VO2max adaptations and thereby greater performance improvements compared to more LIT over 8 weeks,difference of means,"There were no between-group differences in running TT performance changes (P = .44),",,,,,,,,,P = 0.44,not reported,no,no,no,,Yes,Yes,No,No,No,No,,,
272,Effect of intra-session exercise sequence of an 8-week concurrent training program on the components of physical fitness in recreationally trained young adults,we hypothesised that the exercise sequence would not influence the adaptive response of the components of physical fitness,interaction effect,There was no significant “training group × time” interaction for any of the variables evaluated,,,,,,,,,not reported,not reported,,no,no,,no,No,No,No,No,No,,,
273,Lower knee flexion and hip extension rate of torque development in athletes with previous hamstring strain injury,"It was hypothesized previously injured limbs and muscles would exhibit a slower rate of torque and sEMG development during eccentric knee flexor and isometric hip extensor contractions compared with control limbs and contralateral limbs with no

injury history.",main effect,"During anticipated eccentric knee flexor contractions, there was a main effect of limb (df = 2, F = 5.99, p = 0.004)",,,,,,2,,5.99,0.004,not reported,no,no,no,,Yes,Yes,Yes,No,No,No,,,
274,Effects of dietary nitrate on the O2 cost of submaximal exercise: Accounting for “noise” in pulmonary gas exchange measurements,We hypothesised that the O2 cost of exercise would be significantly lower following BR compared to PL supplementation when multiple step transitions were ensemble-averaged,difference of means,"When data were analysed using paired-samples t-tests, endexercise _V O2 was significantly lower in BR compared to PL and CON for four transitions (PL: 1.33 ± 0.34 vs. BR: 1.31 ± 0.34 L·min−1, P < 0.05),",,,p < 0.05,not reported,not reported,,,,,,,no,no,,Yes,Yes,No,No,No,No,,,
275,A randomised controlled trial of 1- versus 2-day per week formats of Nordic hamstring training on explosive athletic tasks in prepubertal soccer players,"We hypothesised that NHE training would result in improved performance in all the dependent variables and that the 1-day format would be just as effective as

the 2-day format.",interaction effect,"After the intervention, our analyses revealed significant group by time interactions for SLJ (df = 1, F = 12.194, p = 0.001, d = 1.27)",,,,,,1,43,12.194,p = 0.001,standardised,no,no,no,,Yes,Yes,Yes,No,standardised,No,,,
276,Caffeine reverts loss of muscular performance during the early-follicular phase in resistance-trained naturally menstruating women,"It was hypothesized that muscle strength, muscle power, and muscular endurance would decrease during the early-follicular phase, and caffeine ingestion would attenuate

this decline.",interaction effect,"There was a supplement and menstrual cycle phase interaction for jump height (F(1.13) = 6.33, ηp2 = 0.33, p = 0.026, Figure 3)",,,,,,1,13,6.33,p = 0.026,standardised,no,no,no,,Yes,Yes,Yes,Yes,standardised,No,,,
277,A distal external focus of attention facilitates compensatory coordination of body parts,We hypothesised that a distal external focus would result in higher accuracy scores as well as increased functional variability compared to a more proximal or internal focus,main effect,"F (2,38) = 21.43, p <.001  np2 0.53",,,,,,2,38,21.43,p < 0.001,standardised,no,no,no,,Yes,Yes,Yes,Yes,standardised,No,,,
278,Grip socks improve slalom course performance and reduce in-shoe foot displacement of the forefoot in male and female sports players,"slender instep of the female foot (Wunderlich & Cavanagh, 2001) would result in increased in-shoe motion due to there being more space within the shoe. Grip socks may therefore have an increased perfor- mance benefit in female sports players.",main effect,"there was a significant main effect for sock condition (p = .001), with faster times in GS compared to RS (Table 5)",,,,,,,,,P < 0.05,standardised,no,no,no,,Yes,Yes,No,No,standardised,No,,,
279,Detrimental effects on executive function and mood following consecutive days of repeated highintensity sprint interval exercise in trained male sports players,We first hypothesised that a cumulative effect of multiple exercise bouts would have a negative effect on cognitive performance and mood on day 2 compared to day 1.,interaction effect,"A condition x day interaction effect (F(1,20)=6.24, p = 0.02, ηp2 = 0.21) revealed FCRT to be slower across day 2 in the exercise condition when compared to day 1 (p < 0.05) with no such effect in the control condition (Figure 2a).",,,,,,1,20,6.24,p = 0.02,standardised,no,no,no,,Yes,Yes,Yes,Yes,standardised,No,,,
280,A Single Bout of Premeal Resistance Exercise Improves Postprandial Glucose Metabolism in Obese Men with Prediabetes,"We hypothesized that a single bout of RE would reduce the glycemic response to a mixed meal by increasing glucose clearance rates, insulin sensitivity, and carbohydrate oxidation",difference of means,both the meal-induced rise in glucose Ra and Rd (Ra iAUC and Rd iAUC) were significantly reduced in the RE condition compared with rest (P = 0.002 for both measures; Fig. 3C and F).,,,p = 0.002,not reported,not reported,,,,,,,no,no,,Yes,Yes,No,No,No,No,,,
281,Blood Flow Restriction Combined with Electrical Stimulation Attenuates Thigh Muscle Disuse Atrophy,repeated BFR + EMS treatment would be more effective than repeated BFR treatment without EMS for attenuating the loss of quadriceps mass and knee extension strength during a 14-d leg unloading period.,interaction effect,"There was a statistically significant in- teraction by intervention group (partial η2 = 0.84, P = 0.004) over the course of the unloading period when considering whole-thigh lean tissue mass",,,,,,,,,P = 0.004,standardised,no,no,no,,Yes,Yes,No,No,standardised,No,,,
282,Continuous versus Intermittent Dieting for Fat Loss and Fat-Free Mass Retention in Resistance-trained Adults: The ICECAP Trial,"We hypothesized that, compared with moderate CER (mCER), moderate IER (mIER) will result in lower fat mass, with equivalent or greater fat-free mass at the end of 12 wk of energy restriction.",main effect,"There was no significant difference between groups (mIER and mCER) in our co-primary outcomes of fat mass (in kilograms) or fat-free mass (in kilograms) after 12 wk of energy restriction, which corresponds to 15 wk in the mIER intervention and 12 wk in the mCER intervention",,,,,,,,,not reported,not reported,no,no,no,,no,No,No,No,No,No,,,
283,Effect of Leg Eccentric Exercise on Muscle Damage of the Elbow Flexors after Maximal Eccentric Exercise,"The present study tested the hypotheses that the initial bout of knee extensor or KF maximal eccentric exercise would attenuate the extent of muscle damage induced by the subse- quent bout of maximal eccentric exercise of the EF, but the ipsilateral and contralateral sides of the leg exercise would not confer the protective effect on muscle damage by the EF eccentric exercise differently.",interaction effect,"The extent of muscle soreness devel- oped after EF MaxEC of the Cont-KE-EF, Ipsi-KE-EF, Cont- KF-EF, and Ipsi-KF-EF groups was similar to that of the first bout of the control group (interaction effect: P = 0.992, η2 = 0.035; Fig. 3).",,,,,,,,,p = 0.992,standardised,no,no,no,,Yes,Yes,No,No,standardised,No,,,
284,Effects of 150- and 450-mL Acute Blood Losses on Maximal Oxygen Uptake and Exercise Capacity,V ̇O and peak power output (W ̇ ) during incremental 2max peak exercise to exhaustion are maintained after BVR150mL but reduced after BVR450mL.,difference of means,"The reduction in V ̇ O2max per milliliter blood removed was larger after BVR450mL than after BVR150mL (−0.7 ± 0.3 vs −0.3 ± 0.6 mL·min−1·mL−1, respec- tively, P = 0.029)",,,P = 0.029,not reported,not reported,,,,,,,no,no,,Yes,Yes,No,No,No,No,,,
285,Effects of Judo on Neurocognitive Indices of Response Inhibition in Preadolescent Children: A Randomized Controlled Trial,"Based on the neurocognitive profile of martial arts athletes (29–31), greater increases in N2 negativity and/or P3a/b amplitudes over the intervention period were assumed in the judo training group compared with the control group.",interaction effect,"Moreover, there was a time–group interaction for N2 amplitude (F(1,40) = 6.0, P = 0.019, η2 = 0.13)",,,,,,1,40,6,p = 0.019,standardised,no,clinical trial,no,,Yes,Yes,Yes,Yes,standardised,No,,,
286,Effects of Prior Voluntary Hyperventilation on the 3-min All-Out Cycling Test in Men,We hy- pothesized that prior voluntary hyperventilation would in- crease WEP but decrease EP.,difference of means,"WEP was 10% higher in HYP than CONT (mean difference = 1.8 ± 1.8 kJ, 95% confidence interval [CI] = 0.7–3.0 kJ; t10 = 3.47, P = 0.006, dz = 1.05)",10,3.47,p = 0.006,both types are reported,"yes, only for the unstandardised",,,,,,,no,no,,Yes,Yes,Yes,Yes,Both,"yes, only for the unstandardised",,,
287,"Running into Fatigue: The Effects of Footwear on Kinematics, Kinetics, and Energetics",We hypothesized that using a racing flat shoe in comparison to a cushioned shoe leads to a more pronounced and earlier fatigue-related redistribution of positive work from distal to proximal joints during a fatiguing near-maximal effort run.,interaction effect,"No significant shoe by distance interaction ef- fects or shoe main effects for any joint work parameter other than for the negative work at the ankle were observed (Table 1) p = 0.259, n2p = 0.072",,,,,,,,,p = 0.259,standardised,no,no,no,,Yes,Yes,No,No,standardised,No,,,
288,Short- and Long-Term Stroboscopic Training Effects on Visuomotor Performance in Elite Youth Sports. Part 1: Reaction and Behavior,It was hypothesized that athletes training under stroboscopic conditions outperform the control group in both the laboratory and field test.,interaction effect,"a significant TIME–GROUP interaction was observed (F2,60 = 6.01, P = 0.004, η2p = 0.167)",,,,,,2,60,6.01,P = 0.004,standardised,no,no,no,,Yes,Yes,Yes,Yes,standardised,No,,,
289,The Change in Core Temperature and Sweating Response during Exercise Are Unaffected by Time of Day within the Wake Period,"It was hypothesized that when heat production is matched between a.m. and p.m., changes in core temperature and sweating would be similar.",main effect,"after accounting for the different absolute rectal temperature at baseline, the ΔTre throughout exercise was similar at a fixed Hprod between a.m. and p.m. at 7.5 W·kg−1 in 23°C (exercise time–time of day, P = 0.55; Fig. 1C) and 33°C (exercise time–time of day, P = 0.85; Fig. 1D), and 5.5 W·kg−1 in 33°C (exercise time– time of day, P = 0.22; Fig. 1D).",,,,,,,,,p = 0.55,not reported,no,no,no,,Yes,Yes,No,No,No,No,,,
290,The Effect of a Multi-ingredient Supplement on Resistance Training–induced Adaptations,"we hypothesized that the combined effect of whey protein, leucine, creatine, calcium citrate, and vitamin D, in addition to resistance training, would induce hypertrophy and increases in strength to a larger degree than resistance training with the placebo supplement in healthy young adults.",interaction effect,"Biceps brachii CSA and thickness increased significantly over time and showed a significant interaction of time and group (CSA, P = 0.006; thickness, P = 0.002).",,,,,,,,,p = 0.006,not reported,no,clinical trial,no,,Yes,Yes,No,No,No,No,,,
291,The Effect of Cycling-specific Vibration on Neuromuscular Performance,ibration increases sys- temic physiological demands such as oxygen consumption or heart rate in cycling,main effect,"Also, there was a sig- nificant main effect of vibration (P = 0.001, μ2 = 0.427)",,,,,,,,,p = 0.001,standardised,no,no,no,,Yes,Yes,No,No,standardised,No,,,
292,The Effects of Cannabidiol Oil on Noninvasive Measures of Muscle Damage in Men,"it was hypothesized that CBD may re- duce perceived muscle soreness and inflammation, and enhance performance recovery.",interaction effect,"there were no significant interactions between the experimental factors (condition  time; F(4,48) = 0.055, P > 0.05)",,,,,,4,48,0.055,P > 0.05,not reported,no,no,no,,Yes,Yes,Yes,Yes,No,No,,,
293,The effects of physical activity timing and complexity on episodic memory: A randomized controlled trial,"Physical activity before encoding was expected to result in superior long-term episodic

memory performance when compared to physical activity after encoding.",interaction effect,"Group X Time interaction F(4,84) =1.03, p =.379.",,,,,,4,84,1.03,p = 0.379,not reported,no,no,no,,Yes,Yes,Yes,Yes,No,No,,,
294,Effects of traditional and immersive video on anticipation in cricket: A temporal occlusion study,It was hypothesised that batters would predict the landing location of the ball with greater accuracy when viewing immersive videos compared to traditional videos (H1).,difference of means,"Pairwise comparisons showed that the immersive video condition prompted significantly greater prediction accuracy scores when compared to the traditional video condition (p =.037, 95% CI [0.25, 6.98]; see Figure 4).",,,p = 0.037,not reported,not reported,,,,,,,no,no,,Yes,Yes,No,No,No,No,,,
295,Affordance-based control in deceptive and non-deceptive penalties in soccer goalkeeping: Gender matters!,"the single underlying constraints (i.e., the goalkeepers’ maximum action capabilities defining the time required, or ball flight time and direction defining the time available) were different for female and male goalkeepers and gender differences in timing are expected to emerge.",main effect,"The ANOVA for the number of saves revealed a significant main effect for gender, F (1, 14) =5.05, p =.04, ηp 2 =0.27, and a significant gender by strategy interaction, F (1, 14) =6.32, p =.03, ηp 2 =0.31",,,,,,1,14,5.05,p =0.04,standardised,no,no,no,,Yes,Yes,Yes,Yes,standardised,No,,,
296,Perceptual-cognitive performance of youth soccer players in a 360◦-environment – Differences between age groups and performance levels,elite youth soccer players to show better perceptual-cognitive performance than sub-elite youth player,main effect,"a statistically significant main effect of performance level on 360-MOT performance was found, F (1,260) =4.76, p = .030, η2p =.02, with elite players having higher 360-MOT scores than sub-elite players.",,,,,,1,260,4.76,p = 0.03,standardised,no,no,no,,Yes,Yes,Yes,Yes,standardised,No,,,
297,Unimpaired performance during cognitive and visual manipulations in persons with anterior cruciate ligament reconstruction compared to healthy adults,"We hypothesized ACLR individuals would prioritize visual cognitive faculties and thus perform

better on cognitive tests that required visual scanning.",main effect,"The majority of cognitive analyses failed to detect a statistically significant effect […] (F = 0.33, p = 0.8 Cohen's f = 0.03)",,,,,,1,40,0.33,p = 0.8,standardised,no,no,no,,Yes,Yes,Yes,No,standardised,No,,,
298,How am I doing? Performance feedback mitigates the effects of mental fatigue on endurance exercise performance,We hypothesized that visual performance feedback would prevent mental fatigue from impairing endurance performance on a 5-min rhythmic muscular endurance handgrip task.,interaction effect,"revealed a main effect for test, F(1, 57) =19.08, p < .001, η2 =0.25, whereby force fell from pre-test (M =17.92 %MVC/s) to post-test (M = 16.78 %MVC/s), and a group by test interaction effect, F(2, 57) =7.22, p <.002, η2 =0.20",,,,,,2,57,7.22,p < 0.002,standardised,no,no,no,,Yes,Yes,Yes,Yes,standardised,No,,,
299,Effects of the function-specific instruction approach to neurofeedback training on frontal midline theta waves and golf putting performance,the FSI group would demonstrate a significant decrease in FMTpower compared with the TI and sham control (SC) groups during 2-s motor preparation after NFT,interaction effect,"There was a significant interaction between group and time, F(8, 58) =2.177, p =.043, Wilks’ lambda =0.591, ηp 2 =0.231, power =.809).",,,,,,8,58,2.177,p = 0.043,standardised,no,no,no,,Yes,Yes,Yes,Yes,standardised,No,,,
300,"Effects of acute endurance, strength, and coordination exercise interventions on attention in adolescents: A randomized controlled study",we hypothesized that the three exercise intervention groups would increase their attention test performance more that the control group.,main effect,"Contrast-coded analysis (+1, +1, +1, − 3 for the three intervention groups and the control group,

respectively) was significant, F(1, 75) =9.02, p =.004, ηp2 =0.11,",,,,,,1,75,9.02,p = 0.004,standardised,no,yes,yes,yes,Yes,Yes,Yes,Yes,standardised,No,,,
301,Protective effect of aerobic fitness on the detrimental influence of exhaustive exercise on information processing capacity,"if GXT affects cognitive measure beyond the mean level of performance, it is expected to see a performance change in resilience capacity independent of mean RT, providing an alternative explanation for the moderating role of aerobic fitness in the relationship

between HIE and inhibitory control change.",interaction effect,"Results revealed a main effect of Session [F (1, 63) = 4.59, p =.036, ηp2=0.068], which was superseded by a significant effect of Session ×Group interaction [F (1, 63) =5.54, p =.022, ηp

2=0.081].",,,,,,1,63,5.54,p = 0.022,standardised,no,no,no,,Yes,Yes,Yes,Yes,standardised,No,,,
302,"Effect of brief mindfulness and relaxation inductions on anxiety, affect and brain activation in athletes","MI and RI would both improve anxiety and affect, compared with a control condition.",interaction effect,"Two-way ANOVA revealed a time effect for SAI score [F(1, 34) = 17.11, p < .001, ηp2 = 0.34], which was superseded by a significant condition × time interaction [F(2, 68) = 6.48, p = .004, ηp2 = 0.16]. Post hoc analysis indicated that the decreased scores from pre-test to post-test in MI (37.83 ± 10.82 vs. 31.31 ± 9.44, p < .001) and RI (36.94 ± 9.51 vs. 32.00 ± 8.66, p < .001), but not control condition (34.86 ± 8.03 vs 34.06 ± 9.40, p = .536). There was no duration main effect, F(2, 173) =0.95, p =.39, η2 =0.01,",,,,,,2,68,6.48,p = 0.004,standardised,no,clinical trial,no,,Yes,Yes,Yes,Yes,standardised,No,,,
303,Effects of Stroop task duration on subsequent cognitive and physical performance,It was hypothesized that performance accuracy and speed would deteriorate with increased time-on-task,unclear,unclear,,,,,,Y,Y,Y,Y,standardised,no,no,no,,Yes,Yes,Yes,Yes,standardised,No,,,
304,The effect of planning time on penultimate and ultimate step kinematics and subsequent knee moments during sidestepping,"It was hypothesized that at FFC of the penultimate step, mediolateral stance foot placement relative to the whole-body COM would be more medial when the sidestep was planned, and athletes would have greater trunk lateral flexion and rotation away from the sidestep direction in both sidestepping conditions compared to straight-line running.",difference of means,Both sidestepping conditions were significantly greater (p < 0.05) than in RUN and greater in pSS compared with upSS (p = 0.01),,,,,,,,,p < 0.05,not reported,no,no,yes,yes,Yes,Yes,No,No,No,No,,,
305,Sex-related differences and effects of short and long trail running races on resting muscle-tendon mechanical properties,Lower resting skeletal muscle and tendon shear wave velocity (SWV) in females compared to males leading to potential lower exposure to muscle damage was hypothesized,interaction effect,not reported,,,,,,,,,not reported,not reported,no,clinical trial,no,,Yes,No,No,No,No,No,,,
306,Fatigue of hip abductor muscles implies neuromuscular and kinematic adaptations of the ankle during dynamic balance,"We hypothesized that there would be an impairment of dynamic balance and of the

ability to control inversion with hip abductor muscle fatigue, and greater impairment of ankle stability in females than in males.",main effect,"ANOVA results revealed the main effect of time for SEBT score (Figure 3) without a significant effect of sex, or interaction",,,,,,,,,p < 0.001,standardised,no,no,no,,Yes,Yes,No,No,standardised,No,,,
307,Statins effect on insulin resistance after a meal and exercise in hypercholesterolemic pre-diabetic individuals,"We hypothesized that if statins were causing insulin resistance, then statin withdrawal

should improve it",difference of means,Insulin was not altered by statin withdrawal in the fasted state (STAT 9±4 vs. PLAC 8±3 μIU·mL−1; p= 0.121),,,p = 0.121,not reported,not reported,,,,,,,clinical trial,no,,Yes,Yes,No,No,No,No,,,
308,Reducing the peak tibial acceleration of running by musicbased biofeedback: A quasi-randomized controlled trial,"We hypothesize that music-based biofeedback can be effective for running with lower impact

(ie, PTAa) during a multi-session protocol when motor learning principles are applied and self-discovery strategies are elicited",interaction effect,"There were significant group x time interactions for PTAa (F = 4.675, p = 0.044, ηP 2   =  0.206, ηG 2   =  0.031),",,,,,,1,18,4.675,p = 0.044,standardised,no,no,yes,yes,Yes,Yes,Yes,No,standardised,No,,,
309,Greater effects by performing a small number of eccentric contractions daily than a larger number of them once a week,"no significant increases in maximal voluntary contraction (MVC) torque and muscle thickness would be found after the training of six maximal eccentric contractions in 1 day per week, but the training of six maximal eccentric contractions in 1 day for 5days per week, and five sets of six maximal eccentric contractions in 1 day per week (30 eccentric contractions per week) would show increases in both MVC torque and muscle thickness.",main effect,"Significant differences among the groups were also evident for changes in  MVC-ECCAVE (F [2, 33]  =  7.901, p =  0.002, 휂2 p =  0.324)",,,,,,2,33,7.901,p = 0.002,standardised,no,no,no,,Yes,Yes,Yes,Yes,standardised,No,,,
310,The impacts of a combined exercise on executive function in children with ADHD: A randomized controlled trial,"EFs and sleep quality would be improved by combined exercise intervention in the two groups (i.e., experimental group [EG] vs. wait-list control group [CG]) of children with ADHD",interaction effect,"Significant group-by-time interaction effects for inhibition were observed (F = 12.197, p = 0.001, η 2  = 0.15). A follow-up of the simple main effects revealed that RT in incongruent trials decreased in the EG compared with the wait-list CG at Time 2 (F = 31.93, p<0.01, η 2  = 0.31; refer to Figure 2)",,,,,,1,66,12.197,p = 0.001,standardised,no,clinical trial,no,,Yes,Yes,Yes,No,standardised,No,,,
311,Cold water immersion improves recovery of sprint speed following a simulated tournament,"It was hypothesised that CWI in accordance with the majority of the litera- ture to date, would be effective at reducing DOMS, but have no effect on other markers of recovery.",interaction effect,"Perception of DOMS showed main effects of bout (F2,34 = 16.521, p < .001), time (F2,34 = 58.003, p < .001) and bout x time interactions (F4,68 = 8.774, p < .001)",,,,,,4,68,8.774,p < 0.001,not reported,no,no,no,,Yes,Yes,Yes,Yes,No,No,,,
312,Upper-body repeated-sprint training in hypoxia in international rugby union players,We hypothesized that completing only 4 sessions of upper-body RSH would potentially induce greater enhancement in RSA performance than RSN during an international competition period in senior International rugby union players.,interaction effect,"significant condition × time interactions were found in PPO (P<0.05, η2=0.02)",,,,,,,,,P < 0.05,standardised,no,no,no,,Yes,Yes,No,No,standardised,No,,,
313,"Effects of Pilates on fall risk factors in community- dwelling elderly women: A randomized, controlled trial","We hypothesized that a 12-week Pilates exercise pro- gramme would have positive effects and reduce the risk of falling by increasing balance confidence, decreas- ing the fear of falling, and improving postural control.",interaction effect,"The Group × Time interaction yielded statistically significant differences: F(1, 105) = 64.31, p < 0.001, η2 = 0.38,",,,,,,1,105,64.31,p < 0.001,standardised,no,clinical trial,no,,Yes,Yes,Yes,Yes,standardised,No,,,
314,The effect of acute caffeine ingestion on upper and lower body anaerobic exercise performance,We hypothesised that caffeine ingestion would enhance both mean and peak power both in the lower and upper body WANT.,main effect,"significant main effects for substance ingested (P = .001, Pη2 = .541)",,,,,,,,,p = 0.001,standardised,no,no,no,,Yes,Yes,No,No,standardised,No,,,
315,Moderate-intensity exercise performed in the evening does not impair sleep in healthy males,"If elevated core body temperature does impact sleep, then post-exercise sleep should not be impaired if core body temperature has returned to pre-exercise levels prior to bedtime.",main effect,"There was no effect of condition on total sleep time (F(2,10)=3.484, p = 0.071)7",,,,,,2,10,3.484,0.71,not reported,no,no,no,,Yes,Yes,Yes,Yes,No,No,,,
316,Ambient temperature influences metabolic substrate oxidation curves during running and cycling in healthy men,both MFO and Fatmax would be greater during exercise in a cold environment.,difference of means,Maximal fat oxidation during exercise was greater in the cold compared to warm during tread- mill (0.66 ± 0.31 vs. 0.43 ± 0.23 g min−1; p = 0.017),,,p = 0.017,not reported,not reported,,,,,,,no,no,,Yes,Yes,No,No,No,No,,,
318,Wearable resistance sprint running is superior to training with no load for retaining performance in pre-season training for rugby athletes,"We hypothesized that the WRT would decrease sprint running time, increase velocity, and positively influence the horizontal force-velocity mechanical variables",main effect,"ANCOVA results. Mean difference -0.07, p = 0.01, ES = 1.17",,,,,,,,,p = 0.01,both types are reported,no,no,no,,Yes,Yes,No,No,Both,No,,,
319,The effect of electrical muscle stimulation on quadriceps muscle strength and activation patterns in healthy young adults,EMS intervention induced improvement of muscle strength and different distribution of muscle activity,interaction effect,"The knee extension torque showed significant interaction between group and period (F (1, 30) = 32.09, p < 0.0001)",,,,,,1,30,32.09,p < 0.0001,not reported,no,no,no,,Yes,Yes,Yes,Yes,No,No,,,
320,Delayed potentiation effects on neuromuscular performance after optimal load and high load resistance priming sessions using velocity loss,a morning squat-based priming session may enhance neuromuscular performance and psychological readiness 6 hours after the end of the session.,main effect,"Results from one-way ANOVA showed a main effect of the priming session on CMJ height (F2,20=11.58; p<0.001; ηp2=0.537)",,,,,,2,20,11.58,p < 0.001,standardised,no,no,no,,Yes,Yes,Yes,Yes,standardised,No,,,
321,Four weeks of high-intensity interval training (HIIT) improve the cardiometabolic risk profile of overweight patients with type 1 diabetes mellitus (T1DM),we hypothesized that an individually designed “all-out” HIIT intervention would improve the metabolic risk profile to a greater extend in overweight compared to normal weight T1DM patients.,interaction effect,"A time×group effect was detected for LDL and UA levels, in that overweight participants presented reduced LDL levels by -6.61±10.02% and UA levels by -10.50±9.67% at follow-up (LDL, interaction p=0.042,",,,,,,1,20,4.74,p = 0.042,standardised,no,no,no,,Yes,Yes,Yes,No,standardised,No,,,
322,Effects of Four Different Velocity-Based Training Programming Models on Strength Gains and Physical Performance,"it was hypothesized that all programming models would induce similar performance adaptations in young moderately strength-trained men because they would be performed under similar intensities, volume, level of effort (i.e., VL in the set), and interset rest periods.",interaction effect,No significant “group” × “time” interactions were observed for any of the SQ strength variables (1RM: p = 0.18,,,,,,,,,p = 0.18,not reported,no,no,no,,Yes,Yes,No,No,No,No,,,
323,"Effects of Prolonging Eccentric Phase Duration in Parallel Back-Squat Training to Momentary Failure on Muscle Cross-Sectional Area, Squat One Repetition Maximum, and Performance Tests in University Soccer Players",We hypothesized that a longer and shorter ECC phase-duration program to momentary failure would produce similar training effects.,interaction effect,Interaction not reported,,,,,,,,,not reported,not reported,no,no,no,,Yes,No,No,No,No,No,,,
324,"Blunted hyperemic response to mental stress in young, non-Hispanic black men is not impacted by acute dietary nitrate supplementation","the forearm hyperemic response to mental stress would be blunted in young, BL men compared to young, WH men",difference of means,"However, during mental stress, peak FBF (Fig. 2B; P< 0.001) were attenuated in the BL individuals. ES = 2.034",,,p < 0.001,standardised,not reported,,,,,,,no,no,,Yes,Yes,No,No,standardised,No,,,
325,Slight power output manipulations around the maximal lactate steady state have a similar impact on fatigue in females and males,"females would show attenuated changes in NMF compared to males, particularly at the lowest intensity",difference of means,"All delta (Δ) values from baseline to min 30 for NMF variables are shown in Fig. 3. The Δ values for IMVC (η2p = 0.477) and Db100 (η2p = 0.276) showed differences among exercise intensities (all P < 0.05), wherein the ΔIMVC values were smaller for MLSS−10 compared to MLSS and MLSS+10 (all P < 0.001), the ΔDb100 values were larger for MLSS+10 compared to MLSS−10 and MLSS (all P < 0.05).",,,p < 0.001,not reported,not reported,,,,,,,no,no,,Yes,Yes,No,No,No,No,,,
326,Acute preexercise supplementation of combined carnosine and anserine enhances initial maximal power of Wingate tests in humans,"We hypothesized that the acute preexercise ingestion of pure carnosine and anserine would improve performance of the Wingate tests, especially in situations where fatigue is induced",difference of means,"No difference was found between the two conditions for mean power during the total Wingate. However, when consid- ering the mean power per 5 s, a signiﬁcant higher power was generated in the ﬁrst 5 s (during which the highest power is generated) after prior ingestion of the ANS þ CARN mixture compared with placebo (placebo 12.1 ± 2.2 W/kg vs. ANS þ CARN 12.8 ± 2.4 W/kg, P = 0.04)",,,p = 0.04,not reported,not reported,,,,,,,no,no,,Yes,Yes,No,No,No,No,,,
327,Tibial internal and external rotation taping for improving pain in patients with patellofemoral pain syndrome,"We hypothesized that, consistent with the un-derlying biomechanical model, tibial IRT would be the more effective interms of pain reduction",main effect,"Repeated measures ANOVA showed that compared with no taping, IRT and ERT were both effective at improving pain during the three clinical tests (F = 224.10, p < 0.001, partial η2 = 0.94). For IRT and ERT, there was a tape direction effect whereby ERT was more effective than IRT (F = 4.90, p = 0.044, partial η2 = 0.26).",,,,,,2,28,4.9,p = 0.044,standardised,no,no,no,,Yes,Yes,Yes,No,standardised,No,,,
328,Combining Plant Sterols With Walking Lowers Postprandial Triacylglycerol More Than Walking Only in Chinese Men With Elevated Body Mass Index,combining dietary PS supplementation with daily brisk walking could reduce postprandial TAG concentrations in healthy Chinese men with elevated BMI.,interaction effect,"Changes in fasting TAG differed among trials and over time (interaction, p = .006) increasing on PS-S compared with reductions on C-W (p = .019) and PS-W (p = .031).",,,,,,,,,p = 0.006,not reported,no,no,no,,Yes,Yes,No,No,No,No,,,
329,"Reduced Glucose Tolerance and Skeletal Muscle GLUT4 and IRS1 Content in Cyclists Habituated to a Long-Term Low-Carbohydrate, High-Fat Diet","Reduced Glucose Tolerance and Skeletal Muscle GLUT4 and IRS1 Content in Cyclists Habituated to a Long-Term Low-Carbohydrate, High-Fat Diet",main effect,There was a main effect of group on glucose AUC p = 0.007,,,,,,,,,p = 0.007,not reported,no,no,no,,Yes,Yes,No,No,No,No,,,
330,THE INCREASED EFFECTIVENESS OF RESISTANCE TRAINING ON UNSTABLE VERSUS STABLE SURFACES ON SELECTED MEASURES OF PHYSICAL PERFORMANCE IN YOUNG MALE SOCCER PLAYERS,we hypothesized that unstable resistance training would induce larger adaptations on some measures of physical performance compared with stable resistance training in young male soccer players.,interaction effect,"For the RSAbest, no significant main effect of time was shown (p=0.06, ES=0.1), with a significant group × time interaction (p=0.007, ES=0.1).",,,,,,,,,p = 0.007,not reported,no,no,no,,Yes,Yes,No,No,No,No,,,
331,Real-Time Visual Biofeedback via Wearable Ultrasound Imaging Can Enhance the Muscle Contraction Training Outcome of Young Adults,"It was hypothesized that the proposed system and measurement method are reliable, and the thickness change of the PMaj increases with RUSI biofeedback during the pec fly exercise that performed at low-moderate and high loads in healthy young male subjects.",main effect,significant main effects of “biofeedback” (p < 0.001) and “intensity” factors (p = 0.023) in PMaj thickness change were identified,,,,,,,,,p < 0.001,not reported,no,no,no,,Yes,Yes,No,No,No,No,,,
332,"Effect of brain endurance training on maximal oxygen uptake, time-to-exhaustion, and inhibitory control in runners",BET improves time-to-exhaustion (without changing VO2max) and inhibitory control than cognitive or endur- ance interventions,main effect,"There was found no main effect of group for time-to-exhaustion [F(2, 42)=0.97; p=0.38 (CI95%=0.32– 0.53); ηp2=0.01 (CI95%=0.004–0.02); ES=small]. There was a significant group×time interaction for time-to- exhaustion [F(2, 42) = 19.08; p = 0.001 (CI95% = 0.001– 0.01); ηp2=0.11 (CI95%=0.08–0.19); ES=large]. Post-hoc test showed an increase in time-to-exhaustion from baseline (CT = 45.66 ± 8.30 min; ET = 45.93 ± 8.89 min; BET = 47.20 ± 9.54 min) for post-experiment (CT=45.20±8.46, Δ%=1.00; ET=49.80±8.81, Δ%=8.42; BET=52.40±8.87min, Δ%=11.01) only for ET and BET groups (p < 0.05).",,,,,,2,42,0.97,P = 0.38,standardised,yes,no,no,,Yes,Yes,Yes,Yes,standardised,Yes,,,
333,"Aerobic high-intensity intervals improve V̇O2max more than supramaximal sprint intervals in females, similar to males",HIIT 4 × 4 min would improve VȮ 2max and long-distance endurance performance more than both SIT protocols,difference of means,No interaction and main effect of group report. 4X4 elicited higher VO2max than SIT 8x20 p = 0.002,,,p = 0.02,not reported,not reported,,,,,,,no,no,,Yes,Yes,No,No,No,No,,,
334,Similar patterns of tendon regional hypertrophy after low- load blood flow restriction and high-load resistance training,"Given the low mechanical stress with BFR training, we hypothesized that the low loading of LL-BFR may not elicit a region-specific hypertrophic response as delineated with HL training.",interaction effect,"No significant interaction F(1,27) = 0.1, p = 0.754, n2p = 0.004, 95%CI n2p [0.00, 0.15]",,,,,,2,127,0.1,p = 0.754,standardised,yes,no,no,,Yes,Yes,Yes,Yes,standardised,Yes,,,
335,Resistance training volume does not influence lean mass preservation during energy restriction in trained males,We hypothesized that high-volume resistance training would better maintain skeletal muscle contractility during caloric restriction.,interaction effect,Group × time: p = 0.852,,,,,,,,,p = 0.852,not reported,no,clinical trial,no,,Yes,Yes,No,No,No,No,,,
336,Effects of plyometric training on different 8-week training intensity distributions in well-trained endurance runners,"our hypothesis was that plyometrics could have a positive effect on running performance re- gardless of the TID utilized, but the magnitude of this ef- fect might be different as different physiological patterns are involved during the training programs",interaction effect,"For vBLa4, there was a significant main effect of time (F [1, 56] = 48.7; p < 0.0001; n2p = 0.21 and an interaction groupxtime (F[3,56] = 3.4; p = 0.0235, n2p = 0.07), while no main effect of group (F [3, 56] = 0.1; p = 0.9794; np2 = 0.01)",,,,,,3,56,3.4,0.0235,standardised,no,no,no,,Yes,Yes,Yes,Yes,standardised,No,,,
337,The impact of exercise modality on exercise-induced gastrointestinal syndrome and associated gastrointestinal symptoms,"it was hypothesised that running exercise would result in greater intestinal epithelium injury, endotoxin translocation, systemic inflammatory response, and GIS, compared to cycling exercise at a similar workload and environmental conditions.",difference of means,No significant differences between running and cycling for gut discomfort p = 0.401,,,p = 0.401,not reported,not reported,,,,,,,no,no,,Yes,Yes,No,No,No,No,,,
338,Aerobic high-intensity intervals are superior to improve V̇O2max compared with sprint intervals in well-trained men,"we hypothesized that (1) HIIT, carried out as 4 × 4 min at ~95% MAS with 3 min active recovery periods, would improve V̇O2max more than the two SIT protocols, carried out as 8 × 20 s until absolute exhaustion (~150% MAS) with 10 s passive recovery pe- riods, and 10 × 30 s of maximal effort (~175% MAS) with 3.5 min active recovery periods, respectively. (3) no differences between HIIT and SIT would be apparent for running economy and LT as a percentage of VȮ 2max.",difference of means,"The increases in V̇O2max (ml kg−0.75 min−1 and ml kg−1 min−1) and maximal O2 pulse (mlkg−1 beat−1) were larger in HIIT 4 × 4 min compared with both SIT groups (p < 0.05, Figure 3; Table 2).",,,p < 0.05,not reported,not reported,,,,,,,no,no,,Yes,Yes,No,No,No,No,,,
339,Rehabilitation for post-COVID-19 condition through a supervised exercise intervention: A randomized controlled trial,We hypothesized that the intervention would better improve physical and mental status after 8 weeks of physical training compared to the conventional self-management recommendations.,main effect,VO2max improved more in the intervention group than in the control group (p = 0.035),,,,,,,,,p = 0.035,standardised,no,clinical trial,yes,yes,Yes,Yes,No,No,standardised,No,,,
340,"Effect of concentric and eccentric hamstring training on sprint recovery, strength and muscle architecture in inexperienced athletes","We hypothesised that adaptations induced by eccentric training would, in comparison with concentric training, result in a better maintenance of sprint performance between sessions and reduced markers of muscle damage (passive hamstring torques, perceived muscle soreness and venous creatine kinase levels (CK)).",difference of means,No significant between-group differences in fastest times were observed in the first (CON = 11.51 s; ECC = 11.32 s; mean difference = 0.18 s; 95% CI = −0.60 to 0.98; p = 0.630; d = 0.07),,,p = 0.630,both types are reported,Yes,,,,,,,no,no,,Yes,Yes,No,No,Both,Yes,,,
341,Concurrent brain endurance training improves endurance exercise performance,we expected that concurrent mental and physical training would improve exercise performance compared to physical training alone.,interaction effect,"Absolute physical task performance was analysed with a 2 group (BET, Control) by 2 test (pre, post) by 3 task (subsequent, solo, concurrent) by 10 time (30-s averages) ANOVA on force produced per second, revealing a group-by-test interaction effect (F1,34 = 6.064, p < 0.05, n2 = .15).",,,,,,1,34,6.064,p < 0.05,standardised,no,no,no,,Yes,Yes,Yes,Yes,standardised,No,,,
342,Training wearing thermal clothing and training in hot ambient conditions are equally effective methods of heat acclimation,We hypothesized that effects of training in HEAT and SUIT exert similar effects on exercise performance and that SUITHWI training would exert greater effects on exercise performance.,interaction effect,"There were no dif- ferences between HEAT, SUIT and SUITHWI in improvement of 30- min all-out average power in the heat following the 10-day interven- tion period (9.5 ± 3.8%, 9.5 ± 3.6 and 9.9 ± 5.2%, respectively, main effect: p < 0.001, F = 192.3, interaction effect: p = 0.995, F = 0.005).",,,,,,2,66,0.005,p = 0.995,not reported,no,no,no,,Yes,Yes,Yes,No,No,No,,,
343,The effect of a decrease in stretch-shortening cycle function after cycling on subsequent running,it was hypothesized that the decrease in SSC function after cycling negatively affects cardiorespiratory and bio- mechanical variables in subsequent running.,interaction effect,"A two-way repeated measure ANOVA revealed a significant interac- tion between group (SSC dec, SSC non-dec) and time (pre, post1, and post2) (F2, 28 = 9.77, p = 0.001)",,,,,,2,28,9.77,p = 0.001,not reported,no,no,no,,Yes,Yes,Yes,Yes,No,No,,,
344,Effects of mild heat exposure on fatigue responses during two sets of repeated sprints matched for initial mechanical output,heat stress (in the absence of hyperthermia) would result in greater fatigability and a greater reduction in EMG amplitude during the second versus the first set of sprints due to exaggerated exercise-related re- sponses.,interaction effect,See Table 1. Interaction p = 0.12 n2p = 0.74,,,,,,,,,p = 0.12,standardised,no,no,no,,Yes,Yes,No,No,standardised,No,,,
345,An isometric neck strengthening program does not improve neck strength in elite women's football-code athletes: A randomised controlled trial,It was hypothesised that those who participate in a 12-week isometric neck strengthening program will have greater strength improvements compared to those who do not.,interaction effect,Absolute strength variables (N) displayed no group-by-time interac- tions (p > 0.05),,,,,,,,,p > 0.05,not reported,no,no,no,,Yes,Yes,No,No,No,No,,,
346,The Safe Landing warm up technique modification programme: An effective anterior cruciate ligament injury mitigation strategy to improve cutting and jump-movement quality in soccer players,the SL TM intervention would result in improved landing and cutting movement quality without negatively affecting performance in comparison to a CG,main effect,"Large and significant differences were found between IG and CG in COD GCT in both ND (p=0.047, ղ2 =0.160)",,,,,,,,,p = 0.047,standardised,no,no,no,,Yes,Yes,No,No,standardised,No,,,
347,The effects of repeated backward running training on measures of physical fitness in youth male soccer players,"We hypothesised that, compared to regular soccer training, substituting parts of a standard soccer train- ing regimen with RBRT would induce larger improvements in measures of physical fitness in youth male soccer players",main effect,The one-way ANOVA on the change scores revealed a significant difference between groups for all performance tests (p ≤ 0.001). Mean difference -0.20 and ES and 95%CL -2.23 (-3.06; -1.39),,,,,,,,,p < 0.001,both types are reported,Yes,no,no,,Yes,Yes,No,No,Both,Yes,,,
348,Physiological and performance effects of dietary nitrate and N-acetylcysteine supplementation during prolonged heavy-intensity cycling,We hypothesized that combining NO3− and NAC supplementation before 1 h of cycling in the heavy-intensity domain would improve TTE to a greater extent than ingestion of NO3− or NAC alone.,main effect,No differences were found between conditions for TTE at 70%∆ (PL+MAL: 246 ± 134 vs. PL+NAC: 238 ± 149 vs. BR+MAL: 252 ± 118 vs. BR+NAC: 235 ± 140 s; P > 0.05).,,,,,,,,,p > 0.05,not reported,no,no,no,,Yes,Yes,No,No,No,No,,,
349,Similar morphological and functional training adaptations occur between continuous and intermittent blood flow restriction,"continuous BFR would be the most effective, and low-load training without BFR would be the least effective protocol for developing muscular hypertrophy and functional outcomes.",interaction effect,There was no significant group effect (p = 0.610) or a time × group interaction (p = 0.285) for thigh muscle CSA measured by pQCT,,,,,,,,,p = 0.285,not reported,no,no,no,,Yes,Yes,No,No,No,No,,,
350,Acute effects of whole-body vibration warm-up on leg and vertical stiffness during running,"We hypothesized that acute exposure to WBV could potentially increase leg stiffness through changes in spatiotemporal parameters (flight and contact times, SR, and SL) during running at submaximal speed",interaction effect,"the statistical analysis for leg stiffness revealed significant interaction effects (F(1,21) = 4.493, p = 0.046, η2 = 0.176) between time (pre, post) and condition (type of protocol)",,,,,,1,21,4.493,p = 0.046,standardised,no,no,no,,Yes,Yes,Yes,Yes,standardised,No,,,
407,International Journal of Sports Physiology and Performance,"Brain Endurance Training Improves Physical, Cognitive, and Multitasking Performance in Professional Football Players",interaction effect,"The ANOVA yielded a group × time interaction for velocity at the end of the 30–15 IFT (F1,20 = 5.12, P = .04, η2p = .09; Figure 1A).",,,,,,1,20,5.12,p = 0.04,standardised,no,no,no,,Yes,Yes,Yes,Yes,standardised,No,,,
408,International Journal of Sports Physiology and Performance,Efficacy of Resisted Sled Sprint Training Compared With Unresisted Sprint Training on Acceleration and Sprint Performancein Rugby Players: An 8-Week Randomized Controlled Trial,main effect,"There was a significant effect for the training group on 10-m sprint time after controlling for baseline value (F1,23 = 17.39; P < .01; η2p = .44)",,,,,,1,23,20.77,p < 0.01,standardised,no,no,no,,Yes,Yes,Yes,Yes,standardised,No,,,
409,International Journal of Sports Physiology and Performance,"Mental Fatigue: The Cost of Cognitive Loading on Weight Lifting, Resistance Training, and Cycling Performance",main effect,"Performance during the 20-minute TT, a measure of physical endurance, was impaired by MF. The 2-condition by 6-time ANOVA yielded a main effect of condition for power (F1,14 = 5.65, P = .032, η2p = .19)",,,,,,1,14,5.65,p = 0.032,standardised,no,no,no,,Yes,Yes,Yes,Yes,standardised,No,,,
410,International Journal of Sports Physiology and Performance,Transcranial Direct-Current Stimulation Over the Primary Motor Cortex and Cerebellum Improves Balance and Shooting Accuracy in Elite Ice Hockey Players,difference of means,"Shooting accuracy was significantly increased following both a-tDCSM1 (P = .010, Cohen d = 0.81) and a-tDCSCB (P = .010, Cohen d = 0.92) compared with tDCSSHAM (Figure 6).",,,p = 0.01,standardised,Yes,,,,,,,no,no,,Yes,Yes,No,No,standardised,Yes,,,
411,International Journal of Sports Physiology and Performance,Effects of Load and Focus of Attention on Mechanical Parameters During Bench-Press Throw in Resistance-Trained Men,difference of means,Post hoc analysis indicated significantly larger peak veloci- ties for EXT compared with INT when using loads of 30% (P = .038; d = 0.79),,,p = 0.038,standardised,Yes,,,,,,,no,no,,Yes,Yes,No,No,standardised,Yes,,,
412,International Journal of Sports Physiology and Performance,Simultaneous Upper- and Lower-Limb Postactivation Performance Enhancement After Clean and Jerk,main effect,There was a main effect of condition on CMJ height (F = 5.550; P = .038; power = 0.575),,,,,,1,11,5.55,p = 0.038,not reported,no,no,no,,Yes,Yes,Yes,No,No,No,,,
413,International Journal of Sports Physiology and Performance,The Effects of Neuromuscular Training on Sand Versus Hard Surfaces on Physical Fitness in Young Male Tennis Players,interaction effect,"There was a significant group-by-time interaction effect for CMJ (F=5.07; P=.032), RJT (F=5.26; P = .029), and RSI (F = 8.01; P = .008), with post hoc tests reveal- ing greater increases for the hard group ",,,,,,,,,p = 0.032,not reported,no,no,no,,Yes,Yes,No,No,No,No,,,
414,European Journal of Sport Science,Does anodal tDCS improve basketball performance? A randomized controlled trial,interaction effect,"ANOVAs show significant intervention*time effects on both the shooting accuracy test (F1,51 = 5.6; P = 0.022) and on the Illinois ball-dribbling test (F1,51 = 4.5; P = 0.038)",,,,,,1,51,5.6,p = 0.022,not reported,no,no,no,,Yes,Yes,Yes,Yes,No,No,,,
415,International Journal of Sports Nutrition and Exercise Metabolism,Whey Protein Supplementation Is Superior to Leucine-Matched Collagen Peptides to Increase Muscle Thickness During a 10-Week Resistance Training Program in Untrained Young Adults,interaction effect,"A significant Group × Time interaction indicated a greater increase in vastus lateralis MT (interaction, p = .015; %Δ, WP = 8.4 ± 2.5 vs. CP = 5.6 ± 2.6%, p = .037; Figure 2a)",,,,,,,,,p = 0.037,not reported,no,clinical trial,no,,Yes,Yes,No,No,No,No,,,
416,Brain Endurance Training improves endurance and cognitive performance in road cyclists,"Post-BET would enhance endurance performance and cognitive performance more than traditional physical training (control), especially in fatigued states. ",interaction effect,"Group by Test ANOVAs yielded interaction effects for TTE at 80 % PPO (F(1, 24) = 5.32, p = 0.032, η2p = 0.30)",,,,,,1,24,5.32,p = 0.032,standardised,No,No,No,,Yes,Yes,Yes,Yes,standardised,No,,,
417,"Partial-Body Cryotherapy Exposure 2 Hours Prior to a Shuttle Run
Does Not Enhance Running Performance",We expected that an acute 3 minutes PBC exposure could elicit a beneficial enhancement of repeat effort shuttle run performance,difference of means,"There was no difference in the mean change in shuttle run performance after PBC exposure compared with the control group (standardized difference; −0.4 [5.9%], P = .881, ES = 0.07 ± 0.58; mean ± 90% confidence limits).",,,P = 0.881,standardised,Yes,,,,,,,No,No,,Yes,Yes,No,No,standardised,Yes,,,
418,Adding vibration to high-intensity intervals increase time at high oxygen uptake in well-trained cyclists,"Adding vibrations to a HIT session might therefore accelerate the development of fatigue and thereby reduce the power output, the mechanical training stimulus and maybe also reduce time ≥ 90% VO2max or on the other hand, it could increase the muscle activity and VO2 and thus time ≥ 90% VO2max ",difference of means,"VIB induced a longer time ≥ 90% of VO2max (ES=0.77), longer time ≥ 90% of HRmax (ES=1.13), and higher mean VO2 (ES=0.32) during the work intervals than TRAD (all p < 0.05)",,,P < 0.05,standardised,not reported,,,,,,,No,No,,Yes,Yes,No,No,standardised,No,,,
419,"Caffeine Increases Exercise Performance, Maximal Oxygen Uptake, and Oxygen Deficit in Elite Male Endurance Athletes",The present study was designed to test the hypothesis that caffeine increases V˙O2max in elite endurance athletes during running.,difference of means,Caffeine ingestion also increased mean maximal oxygen uptake from 75.8±5.6 to 76.7±6.0 ml·kg-1·min-1 (0.9 ml·kg-1·min-1; 1.2%; p < 0.003) compared to placebo (Table 1;  Figure 2B).,,,P < 0.003,unstandardised,not reported,,,,,,,No,No,,Yes,Yes,No,No,unstandardised,No,,,
420,Ain’t Just Imagination! Effects of Motor Imagery Training on Strength and Power Performance of Athletes during Detraining,We hypothesized that MI would enhance strength and power performances compared with a control condition ,interaction effect,"significant time–protocol interactions between both MI conditions and control for relative 1RM in the back squat exercise (F(2,18) = 28.25, P < 0.001)",,,,,,2,18,28.25,P < 0.001,Not reported,No,No,No,,Yes,Yes,Yes,Yes,No,No,,,
421,Brain endurance training improves shot speed and accuracy in grassroots padel players,We hypothesized that players would hit faster shots following BET than standard training (control) when mentally fatigued.,interaction effect,"Group x Time x Test interaction (Table 1) F(2, 58) = 22.58 n2p = 0.44  p < 0.001",,,,,,1,59,1649.15,P < 0.001,standardised,No,No,No,,Yes,Yes,Yes,Yes,standardised,No,,,
422,Endurance and Sprint Training Improve Glycemia and V˙O2peak but only Frequent Endurance Benefits Blood Pressure and Lipidemia,we hypothesized that END would elicit favorable adaptations as a result of the high-frequency exposure,difference of means,Results reported in Table 3. Difference in pre vs. Post for END p = 0.001 and for SIT p = 0.02,,,p = 0.001,not reported,not reported,,,,,,,No,No,,Yes,Yes,No,No,No,No,,,
