paper_id,p_comp,p_value
10.1016:j.jsams.2018.06.009,>,0.05
10.1016:j.jsams.2018.06.009,≤,0.05
10.1016:j.jsams.2018.06.009,=,0.01
10.1016:j.jsams.2018.06.009,<,0.05
10.1016:j.jsams.2018.06.009,=,0.18
10.1016:j.jsams.2018.06.009,=,0.44
10.1016:j.jsams.2018.06.009,≤,0.01
10.1016:j.jsams.2018.06.009,=,0.04
10.1016:j.jsams.2018.06.009,=,0.02
10.1016:j.jsams.2018.06.009,≤,0.003
10.1016:j.jsams.2018.06.009,=,0.18
10.1016:j.jsams.2018.06.009,=,0.11
10.1016:j.jsams.2018.06.009,=,0.01
10.1016:j.jsams.2018.06.009,=,0.001
10.1016:j.jsams.2018.06.009,=,0.057
10.1016:j.jsams.2018.06.009,=,0.44
10.1016:j.jsams.2018.06.009,≥,0.15
10.1016:j.jsams.2018.06.009,=,0.04
10.1016:j.jsams.2018.06.009,≥,0.14
10.1016:j.jsams.2018.06.009,=,0.74
10.1016:j.jsams.2018.06.009,=,0.07
10.1016:j.jsams.2018.06.009,>,0.23
10.1016:j.jsams.2018.06.009,≥,0.18
10.1016:j.jsams.2018.06.009,<,0.05
10.1016:j.jsams.2018.06.009,=,0.001
10.1016:j.jsams.2018.06.009,≤,0.01
10.1016:j.jsams.2018.06.009,=,0.05
10.1016:j.jsams.2018.06.009,=,0.06
10.1016:j.jsams.2018.07.009,=,0.445
10.1016:j.jsams.2018.07.009,=,0.069
10.1016:j.jsams.2018.07.009,=,0.264
10.1016:j.jsams.2018.07.009,=,0.015
10.1016:j.jsams.2018.07.009,=,0.059
10.1016:j.jsams.2018.07.009,=,0.003
10.1016:j.jsams.2018.07.009,<,0.001
10.1016:j.jsams.2018.07.009,=,0.01
10.1016:j.jsams.2018.07.009,=,0.715
10.1016:j.jsams.2018.07.009,=,0.571
10.1016:j.jsams.2018.07.009,=,0.003
10.1016:j.jsams.2018.07.009,=,0.002
10.1016:j.jsams.2018.07.009,=,0.445
10.1016:j.jsams.2018.07.009,=,0.069
10.1016:j.jsams.2018.07.009,=,0.264
10.1016:j.jsams.2018.07.009,=,0.015
10.1016:j.jsams.2018.07.009,=,0.215
10.1016:j.jsams.2018.07.009,=,0.019
10.1016:j.jsams.2018.07.009,=,0.059
10.1016:j.jsams.2018.07.009,=,0.003
10.1016:j.jsams.2018.07.009,=,0.037
10.1016:j.jsams.2018.07.009,=,0.801
10.1016:j.jsams.2018.07.009,=,0.031
10.1016:j.jsams.2018.07.009,=,0.005
10.1016:j.jsams.2018.07.009,=,0.004
10.1016:j.jsams.2018.07.009,=,0.052
10.1016:j.jsams.2018.07.009,=,0.021
10.1016:j.jsams.2018.07.009,=,0.003
10.1016:j.jsams.2018.07.009,=,0.002
10.1016:j.jsams.2018.07.009,=,0.143
10.1016:j.jsams.2018.07.009,=,0.715
10.1016:j.jsams.2018.07.009,=,0.571
10.1016:j.jsams.2018.07.009,=,0.189
10.1016:j.jsams.2018.07.009,=,0.193
10.1016:j.jsams.2018.07.009,=,0.276
10.1016:j.jsams.2018.07.009,=,0.979
10.1016:j.jsams.2018.07.009,=,0.069
10.1016:j.jsams.2018.07.009,=,0.037
10.1016:j.jsams.2018.07.009,<,0.05
10.1016:j.jsams.2018.07.009,<,0.05
10.1016:j.jsams.2018.07.009,<,0.05
10.1016:j.jsams.2018.07.009,<,0.05
10.1016:j.jsams.2018.09.225,=,0.431
10.1016:j.jsams.2018.09.225,=,0.874
10.1016:j.jsams.2018.09.225,<,0.013
10.1016:j.jsams.2018.09.225,=,0.04
10.1016:j.jsams.2018.09.225,=,0.033
10.1016:j.jsams.2018.09.225,=,0.552
10.1016:j.jsams.2018.09.225,=,0.395
10.1016:j.jsams.2018.09.225,=,0.391
10.1016:j.jsams.2018.09.225,=,0.431
10.1016:j.jsams.2018.09.225,=,0.353
10.1016:j.jsams.2018.09.225,=,0.378
10.1016:j.jsams.2018.09.225,=,0.353
10.1016:j.jsams.2018.09.225,=,0.76
10.1016:j.jsams.2018.09.225,=,0.808
10.1016:j.jsams.2018.09.225,=,0.068
10.1016:j.jsams.2018.09.225,=,0.303
10.1016:j.jsams.2018.09.225,=,0.664
10.1016:j.jsams.2018.09.225,=,0.706
10.1016:j.jsams.2018.09.225,=,0.735
10.1016:j.jsams.2018.09.225,=,0.759
10.1016:j.jsams.2018.09.225,=,0.203
10.1016:j.jsams.2018.09.225,=,0.463
10.1016:j.jsams.2018.09.225,=,0.01
10.1016:j.jsams.2018.09.225,=,0.047
10.1016:j.jsams.2018.09.225,<,0.001
10.1016:j.jsams.2018.09.225,=,0.248
10.1016:j.jsams.2018.09.225,=,0.97
10.1016:j.jsams.2018.09.225,=,0.823
10.1016:j.jsams.2018.09.225,=,0.951
10.1016:j.jsams.2018.09.225,=,0.874
10.1016:j.jsams.2018.09.225,=,0.324
10.1016:j.jsams.2018.09.225,=,0.117
10.1016:j.jsams.2018.09.225,=,0.562
10.1016:j.jsams.2018.09.225,=,0.584
10.1016:j.jsams.2018.09.225,=,0.136
10.1016:j.jsams.2018.09.225,=,0.094
10.1016:j.jsams.2018.09.225,=,0.019
10.1016:j.jsams.2018.09.225,=,0.021
10.1016:j.jsams.2018.09.225,<,0.006
10.1016:j.jsams.2018.09.225,<,0.014
10.1016:j.jsams.2018.09.225,<,0.043
10.1016:j.jsams.2018.09.225,<,0.022
10.1016:j.jsams.2018.09.225,<,0.031
10.1016:j.jsams.2018.09.225,=,0.342
10.1016:j.jsams.2018.09.225,=,0.013
10.1016:j.jsams.2018.09.225,=,0.001
10.1016:j.jsams.2018.09.225,<,0.001
10.1016:j.jsams.2018.09.225,<,0.016
10.1016:j.jsams.2018.09.225,<,0.02
10.1016:j.jsams.2018.09.225,<,0.001
10.1016:j.jsams.2018.09.225,<,0.001
10.1016:j.jsams.2018.09.225,=,0.002
10.1016:j.jsams.2018.09.225,<,0.001
10.1016:j.jsams.2018.09.225,<,0.001
10.1016:j.jsams.2018.09.225,<,0.001
10.1016:j.jsams.2018.09.225,<,0.05
10.1016:j.jsams.2018.09.225,=,0.153
10.1016:j.jsams.2018.09.225,<,0.035
10.1016:j.jsams.2018.09.225,<,0.03
10.1016:j.jsams.2018.09.225,<,0.012
10.1016:j.jsams.2018.09.225,<,0.015
10.1016:j.jsams.2018.09.225,=,0.067
10.1016:j.jsams.2018.09.225,=,0.061
10.1016:j.jsams.2018.09.225,<,0.001
10.1016:j.jsams.2018.09.225,<,0.001
10.1016:j.jsams.2018.09.225,<,0.001
10.1016:j.jsams.2018.09.225,>,0.9
10.1016:j.jsams.2018.09.225,<,0.022
10.1016:j.jsams.2018.09.225,<,0.031
10.1016:j.jsams.2018.09.225,<,0.05
10.1016:j.jsams.2018.11.027,=,0.723
10.1016:j.jsams.2018.11.027,<,0.05
10.1016:j.jsams.2018.11.027,=,0.04
10.1016:j.jsams.2018.11.027,=,0.015
10.1016:j.jsams.2018.11.027,<,0.05
10.1016:j.jsams.2018.11.027,>,0.05
10.1016:j.jsams.2018.11.027,=,0.723
10.1016:j.jsams.2018.11.027,=,0.829
10.1016:j.jsams.2018.11.027,=,0.384
10.1016:j.jsams.2018.11.027,<,0.05
10.1016:j.jsams.2018.11.027,>,0.05
10.1016:j.jsams.2018.11.027,<,0.05
10.1016:j.jsams.2018.11.027,>,0.05
10.1016:j.jsams.2018.11.027,>,0.05
10.1016:j.jsams.2018.11.027,<,1e-4
10.1016:j.jsams.2018.11.027,<,1e-4
10.1016:j.jsams.2018.11.027,=,0.015
10.1016:j.jsams.2018.11.027,<,0.05
10.1016:j.jsams.2018.11.027,=,0.04
10.1016:j.jsams.2018.11.027,>,0.05
10.1016:j.jsams.2018.11.027,<,1e-4
10.1016:j.jsams.2018.11.027,>,0.05
10.1016:j.jsams.2018.11.027,>,0.05
10.1016:j.jsams.2018.11.027,<,0.05
10.1016:j.jsams.2019.01.010,<,0.001
10.1016:j.jsams.2019.01.010,<,0.001
10.1016:j.jsams.2019.01.010,=,0.001
10.1016:j.jsams.2019.01.010,<,0.001
10.1016:j.jsams.2019.01.010,<,0.001
10.1016:j.jsams.2019.01.010,<,0.001
10.1016:j.jsams.2019.01.010,=,0.48
10.1016:j.jsams.2019.01.010,=,0.807
10.1016:j.jsams.2019.01.010,=,0.317
10.1016:j.jsams.2019.01.010,=,0.818
10.1016:j.jsams.2019.01.010,>,0.05
10.1016:j.jsams.2019.01.010,>,0.05
10.1016:j.jsams.2019.01.010,<,0.001
10.1016:j.jsams.2019.01.010,<,0.001
10.1016:j.jsams.2019.01.010,=,0.193
10.1016:j.jsams.2019.01.010,=,0.484
10.1016:j.jsams.2019.01.010,=,0.964
10.1016:j.jsams.2019.01.010,=,0.523
10.1016:j.jsams.2019.01.010,<,0.001
10.1016:j.jsams.2019.01.010,<,0.001
10.1016:j.jsams.2019.01.010,<,0.001
10.1016:j.jsams.2019.01.010,=,0.001
10.1016:j.jsams.2019.01.010,<,0.001
10.1016:j.jsams.2019.01.010,<,0.001
10.1016:j.jsams.2019.01.010,<,0.001
10.1016:j.jsams.2019.01.010,=,0.005
10.1016:j.jsams.2019.01.010,=,0.868
10.1016:j.jsams.2019.01.010,=,0.065
10.1016:j.jsams.2019.01.010,=,0.299
10.1016:j.jsams.2019.01.010,<,0.001
10.1016:j.jsams.2019.01.010,<,0.001
10.1016:j.jsams.2019.01.010,=,0.48
10.1016:j.jsams.2019.01.010,=,0.48
10.1016:j.jsams.2019.01.010,=,0.807
10.1016:j.jsams.2019.01.010,=,0.7
10.1016:j.jsams.2019.01.010,=,0.63
10.1016:j.jsams.2019.01.010,=,0.483
10.1016:j.jsams.2019.01.010,=,0.595
10.1016:j.jsams.2019.01.010,=,0.91
10.1016:j.jsams.2019.01.010,=,0.023
10.1016:j.jsams.2019.01.010,=,0.114
10.1016:j.jsams.2019.01.010,=,0.818
10.1016:j.jsams.2019.01.010,=,0.353
10.1016:j.jsams.2019.01.010,=,0.171
10.1016:j.jsams.2019.01.010,=,0.933
10.1016:j.jsams.2019.01.010,=,0.99
10.1016:j.jsams.2019.01.010,=,0.011
10.1016:j.jsams.2019.01.010,=,0.002
10.1016:j.jsams.2019.01.010,=,0.009
10.1016:j.jsams.2019.01.010,<,0.001
10.1016:j.jsams.2019.01.010,=,0.001
10.1016:j.jsams.2019.01.010,=,0.008
10.1016:j.jsams.2019.09.015,=,0.028
10.1016:j.jsams.2019.09.015,=,0.009
10.1016:j.jsams.2019.09.015,>,0.05
10.1016:j.jsams.2019.09.015,<,0.05
10.1016:j.jsams.2019.09.015,<,0.05
10.1016:j.jsams.2019.09.015,=,0.561
10.1016:j.jsams.2019.09.015,=,0.028
10.1016:j.jsams.2019.09.015,=,0.73
10.1016:j.jsams.2019.09.015,=,0.16
10.1016:j.jsams.2019.09.015,=,0.196
10.1016:j.jsams.2019.09.015,=,0.239
10.1016:j.jsams.2019.09.015,=,0.62
10.1016:j.jsams.2019.09.015,=,0.027
10.1016:j.jsams.2019.09.015,=,0.009
10.1016:j.jsams.2019.09.015,=,0.238
10.1016:j.jsams.2019.09.015,=,0.519
10.1016:j.jsams.2019.09.015,=,0.34
10.1016:j.jsams.2019.09.015,=,0.603
10.1016:j.jsams.2019.09.015,=,0.383
10.1016:j.jsams.2019.09.015,=,0.593
10.1016:j.jsams.2019.09.015,=,0.821
10.1016:j.jsams.2019.09.015,=,0.089
10.1016:j.jsams.2019.09.015,=,0.028
10.1016:j.jsams.2019.09.015,=,0.089
10.1016:j.jsams.2020.05.018,<,0.05
10.1016:j.jsams.2020.05.018,<,0.05
10.1016:j.jsams.2020.05.018,<,0.05
10.1016:j.jsams.2020.05.018,<,0.01
10.1016:j.jsams.2020.05.018,=,0.02
10.1016:j.jsams.2020.05.018,=,0.738
10.1016:j.jsams.2020.05.018,<,0.01
10.1016:j.jsams.2020.05.018,>,0.05
10.1016:j.jsams.2020.05.018,<,0.001
10.1016:j.jsams.2020.05.018,=,0.001
10.1016:j.jsams.2020.05.018,=,0.416
10.1016:j.jsams.2020.05.018,<,0.01
10.1016:j.jsams.2020.05.018,<,0.01
10.1016:j.jsams.2020.05.018,=,0.01
10.1016:j.jsams.2020.05.018,=,0.339
10.1016:j.jsams.2020.05.018,<,0.01
10.1016:j.jsams.2020.05.018,>,0.05
10.1016:j.jsams.2020.05.018,<,0.001
10.1016:j.jsams.2020.05.018,=,0.003
10.1016:j.jsams.2020.05.018,=,0.151
10.1016:j.jsams.2020.05.018,<,0.01
10.1016:j.jsams.2020.05.019,≤,0.01
10.1016:j.jsams.2020.05.019,≤,0.01
10.1016:j.jsams.2020.05.019,=,0.01
10.1016:j.jsams.2020.05.019,=,0.01
10.1016:j.jsams.2020.05.019,≤,0.01
10.1016:j.jsams.2020.05.019,=,0.16
10.1016:j.jsams.2020.05.019,=,0.16
10.1016:j.jsams.2020.05.019,=,0.155
10.1016:j.jsams.2020.05.019,<,0.05
10.1016:j.jsams.2020.05.019,<,0.05
10.1016:j.jsams.2020.09.011,=,0.047
10.1016:j.jsams.2020.09.011,<,0.05
10.1016:j.jsams.2020.09.011,<,0.001
10.1016:j.jsams.2020.09.011,<,0.05
10.1016:j.jsams.2020.09.011,>,0.05
10.1016:j.jsams.2020.09.011,=,0.036
10.1016:j.jsams.2020.09.011,<,0.05
10.1016:j.jsams.2020.09.011,<,0.05
10.1016:j.jsams.2020.09.011,=,0.817
10.1016:j.jsams.2020.09.011,=,0.047
10.1016:j.jsams.2020.09.011,=,0.763
10.1016:j.jsams.2020.09.011,=,0.785
10.1016:j.jsams.2020.09.011,=,0.004
10.1016:j.jsams.2020.09.011,=,0.29
10.1016:j.jsams.2020.09.011,<,0.001
10.1016:j.jsams.2020.09.011,<,0.001
10.1016:j.jsams.2020.09.011,<,0.001
10.1016:j.jsams.2020.09.011,=,0.025
10.1016:j.jsams.2020.09.011,=,0.018
10.1016:j.jsams.2020.09.011,=,0.095
10.1016:j.jsams.2020.09.011,=,0.002
10.1016:j.jsams.2020.09.011,=,0.044
10.1016:j.jsams.2020.09.011,=,0.006
10.1016:j.jsams.2020.09.011,=,0.45
10.1016:j.jsams.2020.09.011,=,0.09
10.1016:j.jsams.2020.09.011,=,0.017
10.1016:j.jsams.2020.09.011,=,0.156
10.1016:j.jsams.2020.09.011,=,0.778
10.1016:j.jsams.2020.09.011,=,0.058
10.1016:j.jsams.2020.09.011,=,0.006
10.1016:j.jsams.2020.09.011,=,0.047
10.1016:j.jsams.2020.10.008,<,0.05
10.1016:j.jsams.2020.10.008,<,0.05
10.1016:j.jsams.2020.10.008,<,0.05
10.1016:j.jsams.2020.10.008,<,0.001
10.1016:j.jsams.2020.10.008,<,0.05
10.1016:j.jsams.2020.10.008,<,0.001
10.1016:j.jsams.2020.10.008,<,0.05
10.1016:j.jsams.2020.10.008,<,0.05
10.1016:j.jsams.2020.10.008,<,0.05
10.1016:j.jsams.2020.10.008,<,0.05
10.1016:j.jsams.2020.10.008,<,0.05
10.1016:j.jsams.2020.10.008,<,0.05
10.1016:j.jsams.2020.10.008,<,0.05
10.1016:j.jsams.2020.10.008,<,0.05
10.1016:j.jsams.2020.10.008,<,0.001
10.1016:j.jsams.2020.10.008,<,0.05
10.1016:j.jsams.2020.10.008,<,0.05
10.1016:j.jsams.2020.10.008,<,0.05
10.1016:j.jsams.2020.10.008,<,0.001
10.1016:j.jsams.2020.10.008,<,0.001
10.1016:j.jsams.2020.10.008,<,0.05
10.1016:j.jsams.2020.10.008,<,0.001
10.1016:j.jsams.2020.10.008,<,0.05
10.1016:j.jsams.2020.10.008,<,0.05
10.1016:j.jsams.2020.10.008,<,0.001
10.1016:j.jsams.2020.10.008,<,0.05
10.1016:j.jsams.2020.10.008,<,0.001
10.1016:j.jsams.2020.10.008,<,0.05
10.1016:j.jsams.2020.10.008,<,0.05
10.1016:j.jsams.2020.10.008,<,0.05
10.1016:j.jsams.2020.10.008,<,0.05
10.1016:j.jsams.2020.10.008,<,0.05
10.1016:j.jsams.2020.10.008,<,0.05
10.1016:j.jsams.2020.10.008,<,0
10.1016:j.jsams.2020.10.008,<,0.05
10.1016:j.jsams.2020.10.014,=,0.04
10.1016:j.jsams.2020.10.014,≤,0.01
10.1016:j.jsams.2020.10.014,=,0.02
10.1016:j.jsams.2020.10.014,≤,0.01
10.1016:j.jsams.2020.10.014,<,0.05
10.1016:j.jsams.2020.10.014,=,0.04
10.1016:j.jsams.2020.10.014,=,0.35
10.1016:j.jsams.2020.10.014,≤,0.001
10.1016:j.jsams.2020.10.014,≤,0.001
10.1016:j.jsams.2020.10.014,=,0.119
10.1016:j.jsams.2020.10.014,=,0.994
10.1016:j.jsams.2020.10.014,=,0.025
10.1016:j.jsams.2020.10.014,≤,0.004
10.1016:j.jsams.2020.10.014,=,0.429
10.1016:j.jsams.2020.10.014,=,0.369
10.1016:j.jsams.2020.10.014,=,0.18
10.1016:j.jsams.2020.10.014,=,0.75
10.1016:j.jsams.2020.10.014,=,0.998
10.1016:j.jsams.2020.10.014,=,0.806
10.1016:j.jsams.2020.10.014,<,0.05
10.1016:j.jsams.2020.12.003,=,0.03
10.1016:j.jsams.2020.12.003,=,0.03
10.1016:j.jsams.2020.12.003,=,0.048
10.1016:j.jsams.2020.12.003,<,0.05
10.1016:j.jsams.2020.12.003,=,0.03
10.1016:j.jsams.2020.12.003,=,0.59
10.1016:j.jsams.2020.12.011,<,0.01
10.1016:j.jsams.2020.12.011,<,0.01
10.1016:j.jsams.2020.12.011,=,0.01
10.1016:j.jsams.2020.12.011,=,0.04
10.1016:j.jsams.2020.12.011,<,0.05
10.1016:j.jsams.2020.12.011,=,0.03
10.1016:j.jsams.2020.12.011,=,0.02
10.1016:j.jsams.2020.12.011,<,0.01
10.1016:j.jsams.2020.12.011,=,0.04
10.1016:j.jsams.2020.12.011,<,0.01
10.1016:j.jsams.2020.12.011,<,0.01
10.1016:j.jsams.2020.12.011,=,0.01
10.1016:j.jsams.2020.12.011,=,0.02
10.1016:j.jsams.2020.12.011,=,0.02
10.1016:j.jsams.2020.12.011,=,0.04
10.1016:j.jsams.2020.12.011,=,0.21
10.1016:j.jsams.2020.12.011,≥,0.82
10.1016:j.jsams.2020.12.011,=,0.34
10.1016:j.jsams.2020.12.011,=,0.07
10.1016:j.jsams.2020.12.011,<,0.05
10.1016:j.jsams.2020.12.011,<,0.01
10.1016:j.jsams.2020.12.011,<,0.05
10.1016:j.jsams.2020.12.011,<,0.01
10.1016:j.jsams.2020.12.011,<,0.05
10.1016:j.jsams.2020.12.011,<,0.01
10.1016:j.jsams.2020.12.011,<,0.05
10.1016:j.jsams.2020.12.011,<,0.05
10.1016:j.jsams.2020.12.011,<,0.01
10.1016:j.jsams.2020.12.011,<,0.001
10.1016:j.jsams.2020.12.011,<,0.001
10.1016:j.jsams.2021.01.003,<,0.05
10.1016:j.jsams.2021.01.003,≤,0.05
10.1016:j.jsams.2021.01.003,<,0.001
10.1016:j.jsams.2021.01.003,<,0.001
10.1016:j.jsams.2021.01.003,<,0.001
10.1016:j.jsams.2021.01.003,=,0.01
10.1016:j.jsams.2021.01.003,=,0.001
10.1016:j.jsams.2021.01.003,<,0.001
10.1016:j.jsams.2021.01.003,=,0.005
10.1016:j.jsams.2021.01.003,=,0.03
10.1016:j.jsams.2021.01.003,=,0.002
10.1016:j.jsams.2021.01.003,=,0.26
10.1016:j.jsams.2021.01.003,=,0.36
10.1016:j.jsams.2021.01.003,=,0.25
10.1016:j.jsams.2021.01.003,=,0.002
10.1016:j.jsams.2021.01.003,=,0.001
10.1016:j.jsams.2021.01.003,<,0.001
10.1016:j.jsams.2021.01.003,=,0.04
10.1016:j.jsams.2021.01.003,=,0.003
10.1016:j.jsams.2021.01.003,=,0.001
10.1016:j.jsams.2021.01.003,=,0.006
10.1016:j.jsams.2021.01.003,=,0.02
10.1016:j.jsams.2021.01.003,=,0.02
10.1016:j.jsams.2021.01.003,=,0.03
10.1016:j.jsams.2021.01.003,>,0.05
10.1016:j.jsams.2021.01.003,=,0.05
10.1016:j.jsams.2021.01.003,=,0.006
10.1016:j.jsams.2021.01.003,=,0.007
10.1016:j.jsams.2021.01.003,=,0.01
10.1016:j.jsams.2021.01.003,<,0.001
10.1016:j.jsams.2021.01.003,=,0.003
10.1016:j.jsams.2021.01.003,=,0.03
10.1016:j.jsams.2021.01.003,=,0.02
10.1016:j.jsams.2021.01.003,=,0.03
10.1016:j.jsams.2021.01.003,<,0.001
10.1016:j.jsams.2021.01.003,>,0.05
10.1016:j.jsams.2021.01.003,<,0.001
10.1016:j.jsams.2021.01.003,=,0.18
10.1016:j.jsams.2021.01.003,<,0.001
10.1016:j.jsams.2021.01.003,=,0.04
10.1016:j.jsams.2021.01.003,<,0.05
10.1016:j.jsams.2021.01.003,<,0.05
10.1016:j.jsams.2021.03.006,>,0.05
10.1016:j.jsams.2021.03.006,≤,0.05
10.1016:j.jsams.2021.03.006,=,0.99
10.1016:j.jsams.2021.03.006,=,0.83
10.1016:j.jsams.2021.03.006,=,0.89
10.1016:j.jsams.2021.03.006,=,0.91
10.1016:j.jsams.2021.03.006,=,0.78
10.1016:j.jsams.2021.03.006,=,0.95
10.1016:j.jsams.2021.03.006,=,0.85
10.1016:j.jsams.2021.03.006,=,0.85
10.1016:j.jsams.2021.03.006,=,0.87
10.1016:j.jsams.2021.03.006,=,0.9
10.1016:j.jsams.2021.03.006,≤,0.05
10.1016:j.jsams.2021.03.007,<,0.05
10.1016:j.jsams.2021.03.007,>,0.05
10.1016:j.jsams.2021.03.007,<,0.05
10.1016:j.jsams.2021.03.007,<,0.05
10.1016:j.jsams.2021.03.007,<,0.05
10.1016:j.jsams.2021.03.007,<,0.05
10.1016:j.jsams.2021.03.007,≤,0.006
10.1016:j.jsams.2021.03.007,=,0.99
10.1016:j.jsams.2021.03.007,=,0.48
10.1016:j.jsams.2021.03.007,≤,0.007
10.1016:j.jsams.2021.03.007,<,0.001
10.1016:j.jsams.2021.03.007,=,0.095
10.1016:j.jsams.2021.03.007,≤,0.04
10.1016:j.jsams.2021.03.007,=,0.004
10.1016:j.jsams.2021.03.007,≥,0.105
10.1016:j.jsams.2021.03.007,≥,0.121
10.1016:j.jsams.2021.03.007,>,0.99
10.1016:j.jsams.2021.03.007,≤,0.019
10.1016:j.jsams.2021.03.007,≤,0.004
10.1016:j.jsams.2021.03.007,≤,0.014
10.1016:j.jsams.2021.03.007,≥,0.067
10.1016:j.jsams.2021.03.007,≤,0.004
10.1016:j.jsams.2021.03.007,≤,0.05
10.1016:j.jsams.2021.03.007,≤,0.004
10.1016:j.jsams.2021.03.007,=,0.006
10.1016:j.jsams.2021.03.007,≥,0.123
10.1016:j.jsams.2021.03.007,≤,0.021
10.1016:j.jsams.2021.03.007,≤,0.025
10.1016:j.jsams.2021.03.007,≥,0.114
10.1016:j.jsams.2021.03.007,=,0.012
10.1016:j.jsams.2021.03.007,≤,0.017
10.1016:j.jsams.2021.03.007,=,0.043
10.1016:j.jsams.2021.03.007,≥,0.068
10.1016:j.jsams.2021.03.007,≤,0.028
10.1016:j.jsams.2021.03.007,≤,0.04
10.1016:j.jsams.2021.03.007,≤,0.002
10.1016:j.jsams.2021.03.007,≤,0.005
10.1016:j.jsams.2021.03.007,≤,0.045
10.1016:j.jsams.2021.03.007,≤,0.01
10.1016:j.jsams.2021.03.007,=,0.069
10.1016:j.jsams.2021.03.007,=,0.013
10.1016:j.jsams.2021.03.007,≤,0.05
10.1016:j.jsams.2021.03.007,≤,0.005
10.1016:j.jsams.2021.03.007,≤,0.001
10.1016:j.jsams.2021.03.007,≤,0.05
10.1016:j.jsams.2021.03.007,≤,0.005
10.1016:j.jsams.2021.03.007,≤,0.001
10.1016:j.jsams.2021.03.007,≤,0.05
10.1016:j.jsams.2021.03.007,≤,0.005
10.1016:j.jsams.2021.03.007,≤,0.001
10.1016:j.jsams.2021.03.007,≤,0.015
10.1016:j.jsams.2021.03.007,≥,0.052
10.1016:j.jsams.2021.03.007,≤,0.05
10.1016:j.jsams.2021.03.007,≤,0.05
10.1016:j.jsams.2021.03.007,≤,0.05
10.1016:j.jsams.2021.03.007,≤,0.05
10.1016:j.jsams.2021.03.007,≤,0.05
10.1016:j.jsams.2021.03.007,≤,0.05
10.1016:j.jsams.2021.03.008,<,0.05
10.1016:j.jsams.2021.03.008,<,0.05
10.1016:j.jsams.2021.03.008,<,0.001
10.1016:j.jsams.2021.03.008,<,0.001
10.1016:j.jsams.2021.03.008,<,0.001
10.1016:j.jsams.2021.03.008,<,0.001
10.1016:j.jsams.2021.03.008,=,0.034
10.1016:j.jsams.2021.03.008,=,0.89
10.1016:j.jsams.2021.03.008,=,0.002
10.1016:j.jsams.2021.03.008,=,0.002
10.1016:j.jsams.2021.03.008,=,0.001
10.1016:j.jsams.2021.03.008,<,0.001
10.1016:j.jsams.2021.03.008,=,0.02
10.1016:j.jsams.2021.03.008,=,0.003
10.1016:j.jsams.2021.03.008,=,0.71
10.1016:j.jsams.2021.03.008,=,1
10.1016:j.jsams.2021.03.008,=,0.874
10.1016:j.jsams.2021.03.008,=,0.374
10.1016:j.jsams.2021.03.008,<,0.001
10.1016:j.jsams.2021.03.008,=,0.374
10.1016:j.jsams.2021.03.008,=,0.025
10.1016:j.jsams.2021.03.008,=,0.009
10.1016:j.jsams.2021.03.008,<,0.001
10.1016:j.jsams.2021.03.008,=,0.007
10.1016:j.jsams.2021.03.008,<,0.001
10.1016:j.jsams.2021.03.008,=,0.007
10.1016:j.jsams.2021.03.008,<,0.05
10.1016:j.jsams.2021.03.008,<,0.05
10.1016:j.jsams.2021.03.020,=,0.012
10.1016:j.jsams.2021.03.020,=,0.003
10.1016:j.jsams.2021.03.020,=,0.152
10.1016:j.jsams.2021.03.020,=,0.437
10.1016:j.jsams.2021.03.020,=,0.104
10.1016:j.jsams.2021.03.020,=,0.275
10.1016:j.jsams.2021.03.020,=,0.004
10.1016:j.jsams.2021.03.020,=,0.039
10.1016:j.jsams.2021.03.020,=,0.039
10.1016:j.jsams.2021.03.020,=,0.257
10.1016:j.jsams.2021.03.020,=,0.184
10.1016:j.jsams.2021.03.020,=,0.962
10.1016:j.jsams.2021.03.020,=,0.051
10.1016:j.jsams.2021.03.020,=,0.793
10.1016:j.jsams.2021.03.020,>,0.237
10.1016:j.jsams.2021.03.020,=,0.01
10.1016:j.jsams.2021.03.020,=,0.005
10.1016:j.jsams.2021.03.020,=,0.291
10.1016:j.jsams.2021.03.020,=,0.012
10.1016:j.jsams.2021.03.020,=,0.152
10.1016:j.jsams.2021.03.020,>,0.104
10.1016:j.jsams.2021.03.020,=,0.034
10.1016:j.jsams.2021.03.020,=,0.01
10.1016:j.jsams.2021.03.020,=,0.496
10.1016:j.jsams.2021.03.020,=,0.007
10.1016:j.jsams.2021.03.020,=,0.668
10.1016:j.jsams.2021.03.020,=,0.218
10.1016:j.jsams.2021.03.020,=,0.676
10.1016:j.jsams.2021.03.020,=,0.805
10.1016:j.jsams.2021.03.020,=,0.056
10.1016:j.jsams.2021.03.020,=,0.863
10.1016:j.jsams.2021.03.020,=,0.294
10.1016:j.jsams.2021.03.020,=,0.331
10.1016:j.jsams.2021.03.020,=,0.218
10.1016:j.jsams.2021.03.020,<,0.001
10.1016:j.jsams.2021.03.020,<,0.001
10.1016:j.jsams.2021.03.020,>,0.063
10.1016:j.jsams.2021.03.020,=,0.021
10.1016:j.jsams.2021.03.020,=,0.003
10.1016:j.jsams.2021.03.020,=,0.437
10.1016:j.jsams.2021.03.020,=,0.004
10.1016:j.jsams.2021.03.020,=,0.039
10.1016:j.jsams.2021.03.020,<,0.001
10.1016:j.jsams.2021.03.020,>,0.26
10.1016:j.jsams.2021.03.020,>,0.051
10.1016:j.jsams.2021.03.020,=,0.008
10.1016:j.jsams.2021.03.020,=,0.004
10.1016:j.jsams.2021.03.020,>,0.398
10.1016:j.jsams.2021.03.020,>,0.05
10.1016:j.jsams.2021.03.020,>,0.333
10.1016:j.jsams.2021.03.020,=,0.317
10.1016:j.jsams.2021.03.020,=,1
10.1016:j.jsams.2021.03.020,=,0.023
10.1016:j.jsams.2021.03.020,=,0.005
10.1016:j.jsams.2021.03.020,>,0.317
10.1016:j.jsams.2021.03.020,≤,0.05
10.1016:j.jsams.2021.03.020,≤,0.05
10.1016:j.jsams.2021.03.020,≤,0.05
10.1016:j.jsams.2021.03.020,≤,0.05
10.1016:j.jsams.2021.03.020,≤,0.05
10.1016:j.jsams.2021.03.020,≤,0.05
10.1016:j.jsams.2021.03.020,≤,0.05
10.1016:j.jsams.2021.03.020,≤,0.05
10.1016:j.jsams.2021.03.020,≤,0.05
10.1016:j.jsams.2021.04.005,<,0.01
10.1016:j.jsams.2021.04.005,=,0.05
10.1016:j.jsams.2021.04.005,=,0.57
10.1016:j.jsams.2021.04.005,=,0.2
10.1016:j.jsams.2021.04.005,=,0.18
10.1016:j.jsams.2021.04.005,=,0.43
10.1016:j.jsams.2021.04.005,<,0.001
10.1016:j.jsams.2021.04.005,<,0.001
10.1016:j.jsams.2021.04.005,=,0.003
10.1016:j.jsams.2021.04.005,=,0.022
10.1016:j.jsams.2021.04.005,=,0.009
10.1016:j.jsams.2021.04.005,=,0.05
10.1016:j.jsams.2021.04.005,=,0.569
10.1016:j.jsams.2021.04.005,=,0.025
10.1016:j.jsams.2021.04.005,=,0.432
10.1016:j.jsams.2021.04.005,=,0.019
10.1016:j.jsams.2021.04.005,=,0.009
10.1016:j.jsams.2021.04.005,=,0.019
10.1016:j.jsams.2021.04.005,>,0.05
10.1016:j.jsams.2021.04.009,=,0.008
10.1016:j.jsams.2021.04.009,<,0.001
10.1016:j.jsams.2021.04.009,<,0.001
10.1016:j.jsams.2021.04.009,=,0.013
10.1016:j.jsams.2021.04.009,=,0.01
10.1016:j.jsams.2021.04.009,=,0.007
10.1016:j.jsams.2021.04.009,=,0.008
10.1016:j.jsams.2021.04.009,<,0.001
10.1016:j.jsams.2021.04.009,<,0.001
10.1016:j.jsams.2021.04.009,=,0.198
10.1016:j.jsams.2021.04.009,=,0.642
10.1016:j.jsams.2021.04.009,=,0.013
10.1016:j.jsams.2021.04.009,=,0.01
10.1016:j.jsams.2021.04.009,=,0.77
10.1016:j.jsams.2021.04.009,=,0.007
10.1016:j.jsams.2021.04.009,<,0.05
10.1016:j.jsams.2021.04.009,<,0.01
10.1016:j.jsams.2021.04.009,<,0.05
10.1016:j.jsams.2021.05.008,=,0.021
10.1016:j.jsams.2021.05.008,=,0.011
10.1016:j.jsams.2021.05.008,=,0.042
10.1016:j.jsams.2021.05.008,=,1
10.1016:j.jsams.2021.05.008,≥,0.154
10.1016:j.jsams.2021.05.008,<,0.05
10.1016:j.jsams.2021.05.008,<,0.001
10.1016:j.jsams.2021.05.008,=,1
10.1016:j.jsams.2021.05.008,<,0.001
10.1016:j.jsams.2021.05.008,=,0.853
10.1016:j.jsams.2021.05.008,=,0.376
10.1016:j.jsams.2021.05.008,=,0.01
10.1016:j.jsams.2021.05.008,=,0.025
10.1016:j.jsams.2021.05.008,=,0.026
10.1016:j.jsams.2021.05.008,=,1
10.1016:j.jsams.2021.05.008,=,0.169
10.1016:j.jsams.2021.05.008,≥,0.423
10.1016:j.jsams.2021.05.008,≥,0.336
10.1016:j.jsams.2021.05.008,=,0.006
10.1016:j.jsams.2021.05.008,=,0.013
10.1016:j.jsams.2021.05.008,=,0.003
10.1016:j.jsams.2021.05.008,=,0.001
10.1016:j.jsams.2021.05.008,≥,0.144
10.1016:j.jsams.2021.05.008,=,0.021
10.1016:j.jsams.2021.05.008,=,0.011
10.1016:j.jsams.2021.05.008,=,0.042
10.1016:j.jsams.2021.05.008,=,0.025
10.1016:j.jsams.2021.05.008,=,1
10.1016:j.jsams.2021.05.008,=,1
10.1016:j.jsams.2021.05.008,=,0.011
10.1016:j.jsams.2021.05.008,=,0.005
10.1016:j.jsams.2021.05.008,=,1
10.1016:j.jsams.2021.05.008,=,0.001
10.1016:j.jsams.2021.05.008,=,0.009
10.1016:j.jsams.2021.05.008,=,0.95
10.1016:j.jsams.2021.05.008,=,0.046
10.1016:j.jsams.2021.05.008,=,0.368
10.1016:j.jsams.2021.05.008,=,0.368
10.1016:j.jsams.2021.05.008,≥,0.154
10.1016:j.jsams.2021.05.008,≥,0.416
10.1016:j.jsams.2021.05.008,=,0.019
10.1016:j.jsams.2021.05.008,=,0.008
10.1016:j.jsams.2021.05.008,=,0.013
10.1016:j.jsams.2021.05.008,≥,0.172
10.1016:j.jsams.2021.06.005,<,0.001
10.1016:j.jsams.2021.06.005,<,0.05
10.1016:j.jsams.2021.06.005,<,0.05
10.1016:j.jsams.2021.06.005,=,0.047
10.1016:j.jsams.2021.06.005,=,0.028
10.1016:j.jsams.2021.06.005,<,0.001
10.1016:j.jsams.2021.06.005,<,0.001
10.1016:j.jsams.2021.06.005,<,0.001
10.1016:j.jsams.2021.06.005,<,0.001
10.1016:j.jsams.2021.06.005,=,0.995
10.1016:j.jsams.2021.06.005,=,0.486
10.1016:j.jsams.2021.06.005,=,0.981
10.1016:j.jsams.2021.06.005,=,0.745
10.1016:j.jsams.2021.06.005,=,0.05
10.1016:j.jsams.2021.06.005,<,0.01
10.1016:j.jsams.2021.06.005,<,0.001
10.1016:j.jsams.2021.06.005,<,0.001
10.1016:j.jsams.2021.09.004,=,0.01
10.1016:j.jsams.2021.09.004,=,0.001
10.1016:j.jsams.2021.09.004,<,0.001
10.1016:j.jsams.2021.09.004,=,0.37
10.1016:j.jsams.2021.09.004,=,0.14
10.1016:j.jsams.2021.09.004,=,0.02
10.1016:j.jsams.2021.09.004,=,0.005
10.1016:j.jsams.2021.09.004,=,0.56
10.1016:j.jsams.2021.09.004,=,0.13
10.1016:j.jsams.2021.09.004,=,0.002
10.1016:j.jsams.2021.09.004,=,0.53
10.1016:j.jsams.2021.09.004,=,0.01
10.1016:j.jsams.2021.09.004,=,0.08
10.1016:j.jsams.2021.09.004,<,0.017
10.1016:j.jsams.2021.09.009,≥,0.32
10.1016:j.jsams.2021.09.009,=,0.025
10.1016:j.jsams.2021.09.009,<,0.001
10.1016:j.jsams.2021.09.009,<,0.001
10.1016:j.jsams.2021.09.009,≤,0.02
10.1016:j.jsams.2021.09.009,≥,0.32
10.1016:j.jsams.2021.09.009,≤,0.05
10.1016:j.jsams.2021.09.009,=,0.03
10.1016:j.jsams.2021.09.009,<,0.001
10.1016:j.jsams.2021.09.009,=,0.17
10.1016:j.jsams.2021.09.009,<,0.001
10.1016:j.jsams.2021.09.009,=,0.68
10.1016:j.jsams.2021.09.009,=,0.36
10.1016:j.jsams.2021.09.009,≤,0.02
10.1016:j.jsams.2021.09.009,<,0.001
10.1016:j.jsams.2021.09.009,≥,0.42
10.1016:j.jsams.2021.09.009,<,0.001
10.1016:j.jsams.2021.09.009,<,0.001
10.1016:j.jsams.2021.09.009,=,0.01
10.1016:j.jsams.2021.09.009,=,0.05
10.1016:j.jsams.2021.09.009,<,0.001
10.1016:j.jsams.2021.09.009,<,0.001
10.1016:j.jsams.2021.09.009,<,0.05
10.1016:j.jsams.2021.09.009,<,0.05
10.1016:j.jsams.2021.10.009,<,0.05
10.1016:j.jsams.2021.10.009,=,0.03
10.1016:j.jsams.2021.10.009,=,0.117
10.1016:j.jsams.2021.10.009,<,0.05
10.1016:j.jsams.2021.10.009,>,0.05
10.1016:j.jsams.2021.10.009,=,0.03
10.1016:j.jsams.2021.10.009,=,0.117
10.1016:j.jsams.2021.10.009,<,0.05
10.1016:j.jsams.2021.10.009,>,0.05
10.1016:j.jsams.2021.10.009,=,0.002
10.1016:j.jsams.2021.10.009,=,0.1515
10.1016:j.jsams.2021.10.009,=,0.008
10.1016:j.jsams.2021.10.009,=,0.1199
10.1016:j.jsams.2021.10.009,>,0.05
10.1016:j.jsams.2021.10.009,=,0.025
10.1016:j.jsams.2021.10.009,=,0.125
10.1016:j.jsams.2021.10.009,=,0.007
10.1016:j.jsams.2021.10.009,=,0.175
10.1016:j.jsams.2021.10.009,=,0.027
10.1016:j.jsams.2021.10.009,=,0.122
10.1016:j.jsams.2021.10.009,=,0.034
10.1016:j.jsams.2021.10.009,=,0.113
10.1016:j.jsams.2021.10.009,<,0.05
10.1016:j.jsams.2021.10.009,<,0.05
10.1016:j.jsams.2021.10.009,<,0.05
10.1016:j.jsams.2022.04.003,<,0.001
10.1016:j.jsams.2022.04.003,=,0.044
10.1016:j.jsams.2022.04.003,<,0.05
10.1016:j.jsams.2022.04.003,<,0.05
10.1016:j.jsams.2022.04.003,<,0.001
10.1016:j.jsams.2022.04.003,=,0.044
10.1016:j.jsams.2022.04.003,=,0.001
10.1016:j.jsams.2022.04.003,=,0.038
10.1016:j.jsams.2022.04.003,=,0.007
10.1016:j.jsams.2022.04.003,=,0.011
10.1016:j.jsams.2022.04.003,<,0.001
10.1016:j.jsams.2022.04.003,<,0.001
10.1016:j.jsams.2022.04.003,<,0.001
10.1016:j.jsams.2022.04.003,<,0.001
10.1016:j.jsams.2022.07.003,=,0.03
10.1016:j.jsams.2022.07.003,=,0.041
10.1016:j.jsams.2022.07.003,=,0.019
10.1016:j.jsams.2022.07.003,=,0.305
10.1016:j.jsams.2022.07.003,=,0.581
10.1016:j.jsams.2022.07.003,<,0.05
10.1016:j.jsams.2022.07.003,=,0.697
10.1016:j.jsams.2022.07.003,=,0.892
10.1016:j.jsams.2022.07.003,=,0.889
10.1016:j.jsams.2022.07.003,=,0.658
10.1016:j.jsams.2022.07.003,=,0.124
10.1016:j.jsams.2022.07.003,=,0.008
10.1016:j.jsams.2022.07.003,=,0.227
10.1016:j.jsams.2022.07.003,>,0.05
10.1016:j.jsams.2022.07.003,=,0.227
10.1016:j.jsams.2022.07.003,=,0.063
10.1016:j.jsams.2022.07.003,=,0.813
10.1016:j.jsams.2022.07.003,=,0.759
10.1016:j.jsams.2022.07.003,=,0.474
10.1016:j.jsams.2022.07.003,=,0.993
10.1016:j.jsams.2022.07.003,=,0.578
10.1016:j.jsams.2022.07.003,=,0.337
10.1016:j.jsams.2022.07.003,=,0.086
10.1016:j.jsams.2022.07.003,=,0.03
10.1016:j.jsams.2022.07.003,=,0.598
10.1016:j.jsams.2022.07.003,=,0.21
10.1016:j.jsams.2022.07.003,=,0.108
10.1016:j.jsams.2022.07.003,=,0.962
10.1016:j.jsams.2022.07.003,=,0.066
10.1016:j.jsams.2022.07.003,=,0.306
10.1016:j.jsams.2022.07.003,=,0.041
10.1016:j.jsams.2022.07.003,=,0.019
10.1016:j.jsams.2022.07.003,=,0.305
10.1016:j.jsams.2022.07.003,=,0.03
10.1016:j.jsams.2022.07.003,=,0.086
10.1016:j.jsams.2022.07.003,<,0.05
10.1016:j.jsams.2023.05.008,=,0.032
10.1016:j.jsams.2023.05.008,=,0.011
10.1016:j.jsams.2023.05.008,<,0.043
10.1016:j.jsams.2023.05.008,=,0.034
10.1016:j.jsams.2023.05.008,<,0.031
10.1016:j.jsams.2023.05.008,<,0.033
10.1016:j.jsams.2023.05.008,<,0.05
10.1016:j.jsams.2023.05.008,=,0.032
10.1016:j.jsams.2023.05.008,=,0.3
10.1016:j.jsams.2023.05.008,=,0.011
10.1016:j.jsams.2023.05.008,=,0.48
10.1016:j.jsams.2023.05.008,=,0.023
10.1016:j.jsams.2023.05.008,=,0.011
10.1016:j.jsams.2023.05.008,=,0.191
10.1016:j.jsams.2023.05.008,=,0.142
10.1016:j.jsams.2023.05.008,=,0.224
10.1016:j.jsams.2023.05.008,=,0.1
10.1016:j.jsams.2023.05.008,=,0.156
10.1016:j.jsams.2023.05.008,=,0.14
10.1016:j.jsams.2023.05.008,=,0.043
10.1016:j.jsams.2023.05.008,=,0.33
10.1016:j.jsams.2023.05.008,=,0.023
10.1016:j.jsams.2023.05.008,=,0.3
10.1016:j.jsams.2023.05.008,=,0.022
10.1016:j.jsams.2023.05.008,=,0.25
10.1016:j.jsams.2023.05.008,=,0.032
10.1016:j.jsams.2023.05.008,=,0.16
10.1016:j.jsams.2023.05.008,=,0.041
10.1016:j.jsams.2023.05.008,=,0.022
10.1016:j.jsams.2023.05.008,=,0.211
10.1016:j.jsams.2023.05.008,=,0.137
10.1016:j.jsams.2023.05.008,=,0.011
10.1016:j.jsams.2023.05.008,=,0.21
10.1016:j.jsams.2023.05.008,<,0.001
10.1016:j.jsams.2023.05.008,=,0.035
10.1016:j.jsams.2023.05.008,=,0.391
10.1016:j.jsams.2023.05.008,=,0.07
10.1016:j.jsams.2023.05.008,=,0.282
10.1016:j.jsams.2023.05.008,=,0.09
10.1016:j.jsams.2023.05.008,=,0.623
10.1016:j.jsams.2023.05.008,=,0.02
10.1016:j.jsams.2023.05.008,<,0.001
10.1016:j.jsams.2023.05.008,=,0.01
10.1016:j.jsams.2023.05.008,=,0.033
10.1016:j.jsams.2023.05.008,=,0.13
10.1016:j.jsams.2023.05.008,=,0.041
10.1016:j.jsams.2023.05.008,=,0.19
10.1016:j.jsams.2023.05.008,=,0.022
10.1016:j.jsams.2023.05.008,=,0.034
10.1016:j.jsams.2023.05.008,=,0.013
10.1016:j.jsams.2023.05.008,=,0.313
10.1016:j.jsams.2023.05.008,=,0.294
10.1016:j.jsams.2023.05.008,=,0.227
10.1016:j.jsams.2023.05.008,<,0.05
10.1016:j.jsams.2023.05.008,=,0.056
10.1016:j.jsams.2023.05.008,=,0.07
10.1016:j.jsams.2023.05.008,=,0.04
10.1016:j.jsams.2023.05.008,=,0.11
10.1016:j.jsams.2023.05.008,=,0.083
10.1016:j.jsams.2023.05.008,=,0.06
10.1016:j.jsams.2023.05.008,=,0.021
10.1016:j.jsams.2023.05.008,=,0.29
10.1016:j.jsams.2023.05.008,=,0.041
10.1016:j.jsams.2023.05.008,=,0.124
10.1016:j.jsams.2023.05.008,=,0.311
10.1016:j.jsams.2023.05.008,=,0.13
10.1016:j.jsams.2023.05.008,=,0.059
10.1016:j.jsams.2023.05.008,=,0.07
10.1016:j.jsams.2023.05.008,=,0.085
10.1016:j.jsams.2023.05.008,=,0.05
10.1016:j.jsams.2023.05.008,=,0.035
10.1016:j.jsams.2023.05.008,=,0.15
10.1016:j.jsams.2023.05.008,=,0.12
10.1016:j.jsams.2023.05.008,=,0.09
10.1016:j.jsams.2023.05.008,=,0.031
10.1016:j.jsams.2023.05.008,=,0.29
10.1016:j.jsams.2023.05.008,=,0.341
10.1016:j.jsams.2023.05.008,=,0.021
10.1016:j.jsams.2023.05.008,=,0.051
10.1016:j.jsams.2023.05.008,=,0.08
10.1016:j.jsams.2023.05.008,=,0.101
10.1016:j.jsams.2023.05.008,=,0.05
10.1016:j.jsams.2023.05.008,=,0.044
10.1016:j.jsams.2023.05.008,=,0.1
10.1016:j.jsams.2023.05.008,=,0.021
10.1016:j.jsams.2023.05.008,=,0.19
10.1016:j.jsams.2023.05.008,=,0.032
10.1016:j.jsams.2023.05.008,=,0.191
10.1016:j.jsams.2023.05.008,<,0.001
10.1016:j.jsams.2023.05.008,=,0.65
10.1016:j.jsams.2023.05.008,<,0.001
10.1016:j.jsams.2023.05.008,=,0.72
10.1016:j.jsams.2023.05.008,=,0.451
10.1016:j.jsams.2023.05.008,=,0.12
10.1016:j.jsams.2023.05.008,=,0.193
10.1016:j.jsams.2023.05.008,=,0.1
10.1016:j.jsams.2023.05.008,=,0.284
10.1016:j.jsams.2023.05.008,=,0.06
10.1016:j.jsams.2023.05.008,=,0.653
10.1016:j.jsams.2023.05.008,=,0.15
10.1016:j.jsams.2023.05.008,=,0.214
10.1016:j.jsams.2023.05.008,=,0.12
10.1016:j.jsams.2023.05.008,=,0.372
10.1016:j.jsams.2023.05.008,=,0.05
10.1016:j.jsams.2023.05.008,=,0.15
10.1016:j.jsams.2023.05.008,=,0.1
10.1016:j.jsams.2023.05.008,=,0.034
10.1016:j.jsams.2023.05.008,=,0.33
10.1016:j.jsams.2023.05.008,=,0.032
10.1016:j.jsams.2023.05.008,=,0.672
10.1016:j.jsams.2023.05.008,<,0.001
10.1016:j.jsams.2023.05.008,=,0.45
10.1016:j.jsams.2023.05.008,=,0.033
10.1016:j.jsams.2023.05.008,=,0.2
10.1016:j.jsams.2023.05.008,<,0.001
10.1016:j.jsams.2023.05.008,=,0.025
10.1016:j.jsams.2023.05.008,<,0.001
10.1016:j.jsams.2023.05.008,=,0.37
10.1016:j.jsams.2023.05.008,=,0.041
10.1016:j.jsams.2023.05.008,=,0.31
10.1016:j.jsams.2023.05.008,=,0.043
10.1016:j.jsams.2023.05.008,=,0.29
10.1016:j.jsams.2023.05.008,=,0.031
10.1016:j.jsams.2023.05.008,=,0.026
10.1016:j.jsams.2023.05.008,=,0.038
10.1016:j.jsams.2023.05.008,=,0.183
10.1016:j.jsams.2023.05.008,=,0.274
10.1016:j.jsams.2023.05.008,=,0.323
10.1016:j.jsams.2023.05.008,<,0.05
10.1016:j.jsams.2023.05.008,=,0.3
10.1016:j.jsams.2023.05.008,=,0.29
10.1016:j.jsams.2023.05.008,=,0.294
10.1016:j.jsams.2023.05.008,=,0.1
10.1016:j.jsams.2023.05.008,=,0.37
10.1016:j.jsams.2023.05.008,=,0.08
10.1016:j.jsams.2023.05.008,=,0.74
10.1016:j.jsams.2023.05.008,=,0.01
10.1016:j.jsams.2023.06.002,<,0.05
10.1016:j.jsams.2023.06.002,<,0.05
10.1016:j.jsams.2023.06.002,<,0.05
10.1016:j.jsams.2023.06.002,<,0.001
10.1016:j.psychsport.2015.09.004,<,0.001
10.1016:j.psychsport.2015.09.004,<,0.001
10.1016:j.psychsport.2015.09.004,<,0.001
10.1016:j.psychsport.2015.09.004,<,0.001
10.1016:j.psychsport.2015.09.004,<,0.001
10.1016:j.psychsport.2015.09.004,<,0.001
10.1016:j.psychsport.2015.09.004,<,0.001
10.1016:j.psychsport.2015.09.004,<,0.001
10.1016:j.psychsport.2015.09.004,<,0.001
10.1016:j.psychsport.2015.09.004,<,0.001
10.1016:j.psychsport.2015.09.004,<,0.001
10.1016:j.psychsport.2015.09.005,>,0.05
10.1016:j.psychsport.2015.09.005,<,0.001
10.1016:j.psychsport.2015.09.005,<,0.001
10.1016:j.psychsport.2015.09.005,<,0.001
10.1016:j.psychsport.2015.09.005,<,0.001
10.1016:j.psychsport.2015.09.005,<,0.05
10.1016:j.psychsport.2015.09.005,<,0.01
10.1016:j.psychsport.2017.05.007,<,0.001
10.1016:j.psychsport.2017.05.007,<,0.001
10.1016:j.psychsport.2017.05.007,<,0.001
10.1016:j.psychsport.2017.05.007,<,0.001
10.1016:j.psychsport.2017.05.007,<,0.001
10.1016:j.psychsport.2017.07.005,>,0.05
10.1016:j.psychsport.2017.07.005,>,0.05
10.1016:j.psychsport.2017.07.005,<,0.001
10.1016:j.psychsport.2017.09.009,<,0.001
10.1016:j.psychsport.2017.09.009,>,0.05
10.1016:j.psychsport.2017.09.009,>,0.05
10.1016:j.psychsport.2017.09.009,>,0.05
10.1016:j.psychsport.2017.11.004,=,0.328
10.1016:j.psychsport.2017.11.004,=,0.482
10.1016:j.psychsport.2017.11.004,=,0.002
10.1016:j.psychsport.2017.11.004,=,0.2
10.1016:j.psychsport.2017.11.004,=,0.003
10.1016:j.psychsport.2017.11.004,=,0.042
10.1016:j.psychsport.2017.11.004,=,0.034
10.1016:j.psychsport.2017.11.004,=,0.017
10.1016:j.psychsport.2017.11.004,=,0.007
10.1016:j.psychsport.2017.11.004,=,0.002
10.1016:j.psychsport.2017.11.004,=,0.022
10.1016:j.psychsport.2017.11.004,=,0.001
10.1016:j.psychsport.2017.11.004,=,0.42
10.1016:j.psychsport.2017.11.004,=,0.92
10.1016:j.psychsport.2017.11.004,=,0.009
10.1016:j.psychsport.2017.11.004,=,0
10.1016:j.psychsport.2017.11.004,=,0.007
10.1016:j.psychsport.2017.11.004,=,0.15
10.1016:j.psychsport.2017.11.004,=,0.11
10.1016:j.psychsport.2017.11.004,=,0.47
10.1016:j.psychsport.2018.02.009,<,0.001
10.1016:j.psychsport.2018.02.009,<,0.001
10.1016:j.psychsport.2018.02.009,<,0.001
10.1016:j.psychsport.2018.02.009,=,0.17
10.1016:j.psychsport.2018.02.009,<,0.001
10.1016:j.psychsport.2018.02.009,<,0.001
10.1016:j.psychsport.2018.02.009,=,0.29
10.1016:j.psychsport.2018.02.009,<,0.001
10.1016:j.psychsport.2018.02.009,<,0.001
10.1016:j.psychsport.2018.02.009,<,0.001
10.1016:j.psychsport.2018.02.009,<,0.001
10.1016:j.psychsport.2018.02.009,<,0.001
10.1016:j.psychsport.2018.02.009,=,0.35
10.1016:j.psychsport.2018.02.009,<,0.001
10.1016:j.psychsport.2018.02.009,=,0.03
10.1016:j.psychsport.2018.02.009,>,0.3
10.1016:j.psychsport.2018.02.009,>,0.1
10.1016:j.psychsport.2018.02.009,=,0.051
10.1016:j.psychsport.2018.02.009,=,0.02
10.1016:j.psychsport.2018.02.009,=,0.19
10.1016:j.psychsport.2018.02.009,<,1e-4
10.1016:j.psychsport.2018.02.009,<,0.001
10.1016:j.psychsport.2018.02.009,<,0.001
10.1016:j.psychsport.2018.02.009,=,0.016
10.1016:j.psychsport.2018.02.009,=,0.012
10.1016:j.psychsport.2018.02.009,<,0.001
10.1016:j.psychsport.2018.02.009,<,0.001
10.1016:j.psychsport.2018.02.009,=,0.005
10.1016:j.psychsport.2018.02.009,<,0.001
10.1016:j.psychsport.2018.02.009,=,0.001
10.1016:j.psychsport.2018.02.009,=,0.038
10.1016:j.psychsport.2018.02.009,<,1e-4
10.1016:j.psychsport.2018.02.009,<,0.001
10.1016:j.psychsport.2018.02.009,=,0.41
10.1016:j.psychsport.2018.02.009,=,0.03
10.1016:j.psychsport.2018.03.001,=,0.401
10.1016:j.psychsport.2018.03.001,=,0.169
10.1016:j.psychsport.2018.03.001,=,0.01
10.1016:j.psychsport.2018.03.001,=,0.03
10.1016:j.psychsport.2018.03.001,=,0.092
10.1016:j.psychsport.2018.03.001,=,0.037
10.1016:j.psychsport.2018.03.001,=,0.558
10.1016:j.psychsport.2018.03.001,=,0.02
10.1016:j.psychsport.2018.03.001,=,0.03
10.1016:j.psychsport.2018.03.001,=,0.014
10.1016:j.psychsport.2018.06.010,=,0.674
10.1016:j.psychsport.2018.06.010,=,0.746
10.1016:j.psychsport.2018.06.010,=,0.142
10.1016:j.psychsport.2018.06.010,=,0.067
10.1016:j.psychsport.2018.06.010,=,0.022
10.1016:j.psychsport.2018.06.010,=,0.019
10.1016:j.psychsport.2018.06.010,=,0.072
10.1016:j.psychsport.2018.06.010,<,0.001
10.1016:j.psychsport.2018.06.010,<,0.001
10.1016:j.psychsport.2018.06.010,=,0.073
10.1016:j.psychsport.2018.06.010,=,0.345
10.1016:j.psychsport.2018.06.010,<,0.001
10.1016:j.psychsport.2018.06.010,<,0.001
10.1016:j.psychsport.2018.06.010,<,0.001
10.1016:j.psychsport.2018.06.010,=,0.392
10.1016:j.psychsport.2018.06.010,=,0.004
10.1016:j.psychsport.2018.06.010,=,0.001
10.1016:j.psychsport.2018.06.010,=,0.276
10.1016:j.psychsport.2018.06.010,<,0.001
10.1016:j.psychsport.2018.06.010,<,0.001
10.1016:j.psychsport.2018.06.010,<,0.001
10.1016:j.psychsport.2018.06.010,<,0.001
10.1016:j.psychsport.2018.06.010,=,0.916
10.1016:j.psychsport.2018.06.010,=,0.33
10.1016:j.psychsport.2018.06.010,=,0.046
10.1016:j.psychsport.2018.06.010,<,0.001
10.1016:j.psychsport.2018.06.010,=,0.076
10.1016:j.psychsport.2018.06.010,=,0.052
10.1016:j.psychsport.2018.06.010,<,0.001
10.1016:j.psychsport.2018.06.010,=,0.05
10.1016:j.psychsport.2018.06.010,=,0.3
10.1016:j.psychsport.2018.12.001,<,0.001
10.1016:j.psychsport.2018.12.001,=,0.8
10.1016:j.psychsport.2018.12.001,=,0.07
10.1016:j.psychsport.2018.12.001,<,0.001
10.1016:j.psychsport.2018.12.001,<,0.001
10.1016:j.psychsport.2018.12.001,<,0.001
10.1016:j.psychsport.2018.12.001,=,0.29
10.1016:j.psychsport.2018.12.001,=,0.25
10.1016:j.psychsport.2018.12.001,=,0.01
10.1016:j.psychsport.2018.12.001,=,0.02
10.1016:j.psychsport.2018.12.001,=,0.12
10.1016:j.psychsport.2018.12.001,=,0.03
10.1016:j.psychsport.2018.12.001,=,0.001
10.1016:j.psychsport.2018.12.001,<,0.001
10.1016:j.psychsport.2018.12.001,<,0.001
10.1016:j.psychsport.2018.12.001,=,0.71
10.1016:j.psychsport.2018.12.001,=,0.001
10.1016:j.psychsport.2018.12.001,<,0.001
10.1016:j.psychsport.2018.12.001,<,0.001
10.1016:j.psychsport.2018.12.001,=,0.002
10.1016:j.psychsport.2018.12.001,=,0.003
10.1016:j.psychsport.2018.12.001,=,0.028
10.1016:j.psychsport.2018.12.001,=,0.004
10.1016:j.psychsport.2018.12.001,=,0.03
10.1016:j.psychsport.2018.12.001,=,0.52
10.1016:j.psychsport.2018.12.001,=,0.17
10.1016:j.psychsport.2018.12.001,>,0.05
10.1016:j.psychsport.2018.12.001,>,0.05
10.1016:j.psychsport.2018.12.009,≤,0.05
10.1016:j.psychsport.2018.12.009,=,0.013
10.1016:j.psychsport.2018.12.009,=,0.031
10.1016:j.psychsport.2018.12.009,=,0.065
10.1016:j.psychsport.2018.12.009,=,0.264
10.1016:j.psychsport.2018.12.009,=,0.001
10.1016:j.psychsport.2018.12.009,=,0.554
10.1016:j.psychsport.2018.12.009,<,0.01
10.1016:j.psychsport.2018.12.009,<,0.01
10.1016:j.psychsport.2018.12.009,<,0.01
10.1016:j.psychsport.2018.12.009,=,0.055
10.1016:j.psychsport.2018.12.009,=,0.096
10.1016:j.psychsport.2018.12.009,=,0.161
10.1016:j.psychsport.2018.12.009,=,0.066
10.1016:j.psychsport.2018.12.009,=,0.224
10.1016:j.psychsport.2018.12.009,=,0.057
10.1016:j.psychsport.2018.12.009,=,0.503
10.1016:j.psychsport.2018.12.009,=,0.031
10.1016:j.psychsport.2018.12.009,=,0.146
10.1016:j.psychsport.2018.12.009,=,0.069
10.1016:j.psychsport.2018.12.009,=,0.051
10.1016:j.psychsport.2018.12.009,=,0.106
10.1016:j.psychsport.2018.12.009,=,0.03
10.1016:j.psychsport.2018.12.009,=,0.12
10.1016:j.psychsport.2018.12.009,=,0.1
10.1016:j.psychsport.2018.12.009,=,0.037
10.1016:j.psychsport.2018.12.009,=,0.027
10.1016:j.psychsport.2018.12.009,=,0.181
10.1016:j.psychsport.2018.12.009,=,0.428
10.1016:j.psychsport.2018.12.009,=,0.039
10.1016:j.psychsport.2018.12.009,=,0.159
10.1016:j.psychsport.2018.12.009,=,0.072
10.1016:j.psychsport.2018.12.009,=,0.051
10.1016:j.psychsport.2018.12.009,=,0.106
10.1016:j.psychsport.2018.12.009,=,0.03
10.1016:j.psychsport.2018.12.009,=,0.12
10.1016:j.psychsport.2018.12.009,=,0.1
10.1016:j.psychsport.2018.12.009,=,0.037
10.1016:j.psychsport.2018.12.009,=,0.027
10.1016:j.psychsport.2018.12.009,=,0.181
10.1016:j.psychsport.2018.12.009,≤,0.05
10.1016:j.psychsport.2018.12.009,≤,0.05
10.1016:j.psychsport.2018.12.009,≤,0.1
10.1016:j.psychsport.2018.12.009,≤,0.05
10.1016:j.psychsport.2018.12.009,≤,0.05
10.1016:j.psychsport.2019.01.001,=,0.05
10.1016:j.psychsport.2019.01.001,=,0.31
10.1016:j.psychsport.2019.01.001,=,0.03
10.1016:j.psychsport.2019.01.001,<,0.001
10.1016:j.psychsport.2019.01.001,<,0.001
10.1016:j.psychsport.2019.01.001,=,0.093
10.1016:j.psychsport.2019.01.001,=,0.36
10.1016:j.psychsport.2019.01.001,=,0.03
10.1016:j.psychsport.2019.01.001,=,0.03
10.1016:j.psychsport.2019.01.001,<,0.001
10.1016:j.psychsport.2019.01.001,=,0.23
10.1016:j.psychsport.2019.01.001,=,0.082
10.1016:j.psychsport.2019.01.001,=,0.29
10.1016:j.psychsport.2019.01.001,=,0.025
10.1016:j.psychsport.2019.01.001,=,0.42
10.1016:j.psychsport.2019.01.001,=,0.045
10.1016:j.psychsport.2019.01.001,=,0.56
10.1016:j.psychsport.2019.01.001,<,0.001
10.1016:j.psychsport.2019.01.001,=,0.007
10.1016:j.psychsport.2019.01.001,=,0.65
10.1016:j.psychsport.2019.01.001,=,0.98
10.1016:j.psychsport.2019.01.001,=,0.58
10.1016:j.psychsport.2019.01.001,=,0.14
10.1016:j.psychsport.2019.01.001,=,0.02
10.1016:j.psychsport.2019.01.001,=,0.33
10.1016:j.psychsport.2019.01.001,=,0.048
10.1016:j.psychsport.2019.01.001,=,0.01
10.1016:j.psychsport.2019.01.001,=,0.9
10.1016:j.psychsport.2019.01.001,=,0.02
10.1016:j.psychsport.2019.01.001,=,0.03
10.1016:j.psychsport.2019.01.001,=,0.49
10.1016:j.psychsport.2019.01.001,=,0.56
10.1016:j.psychsport.2019.01.001,=,0.09
10.1016:j.psychsport.2019.01.001,=,0.21
10.1016:j.psychsport.2019.04.014,<,0.001
10.1016:j.psychsport.2019.04.014,=,0.34
10.1016:j.psychsport.2019.04.014,<,0.001
10.1016:j.psychsport.2019.04.014,=,0.59
10.1016:j.psychsport.2019.04.014,<,0.001
10.1016:j.psychsport.2019.04.014,<,0.001
10.1016:j.psychsport.2019.04.014,<,0.001
10.1016:j.psychsport.2019.04.014,=,0.8
10.1016:j.psychsport.2019.04.014,=,0.11
10.1016:j.psychsport.2019.04.014,=,0.87
10.1016:j.psychsport.2019.04.014,<,0.001
10.1016:j.psychsport.2019.04.014,=,0.3
10.1016:j.psychsport.2019.04.014,=,0.73
10.1016:j.psychsport.2019.04.014,=,0.61
10.1016:j.psychsport.2019.04.016,<,0.05
10.1016:j.psychsport.2019.04.016,=,0.524
10.1016:j.psychsport.2019.04.016,=,0.02
10.1016:j.psychsport.2019.04.016,<,0.01
10.1016:j.psychsport.2019.04.016,=,0.23
10.1016:j.psychsport.2019.04.016,=,0.005
10.1016:j.psychsport.2019.04.016,<,0.05
10.1016:j.psychsport.2019.04.016,=,0.46
10.1016:j.psychsport.2019.04.016,=,0.04
10.1016:j.psychsport.2019.04.016,=,0.551
10.1016:j.psychsport.2019.04.016,=,0.04
10.1016:j.psychsport.2019.04.016,<,0.05
10.1016:j.psychsport.2019.04.016,=,0.22
10.1016:j.psychsport.2019.04.016,<,0.05
10.1016:j.psychsport.2019.04.016,=,0.216
10.1016:j.psychsport.2019.04.016,=,0.11
10.1016:j.psychsport.2019.04.016,=,0.86
10.1016:j.psychsport.2019.04.016,<,0.01
10.1016:j.psychsport.2019.04.016,<,0.01
10.1016:j.psychsport.2019.04.016,=,0.24
10.1016:j.psychsport.2019.04.016,=,0.912
10.1016:j.psychsport.2019.04.016,=,0.01
10.1016:j.psychsport.2019.04.016,=,0.398
10.1016:j.psychsport.2019.04.016,<,0.05
10.1016:j.psychsport.2019.04.016,<,0.05
10.1016:j.psychsport.2019.04.016,<,0.23
10.1016:j.psychsport.2019.04.016,<,0.05
10.1016:j.psychsport.2019.04.016,=,0.84
10.1016:j.psychsport.2019.04.016,=,0.01
10.1016:j.psychsport.2019.04.016,=,0.001
10.1016:j.psychsport.2019.04.016,<,0.001
10.1016:j.psychsport.2019.04.016,<,0.005
10.1016:j.psychsport.2019.04.016,=,0.001
10.1016:j.psychsport.2019.04.016,<,0.005
10.1016:j.psychsport.2019.04.016,<,0.05
10.1016:j.psychsport.2019.04.016,<,0.005
10.1016:j.psychsport.2019.04.016,=,0.01
10.1016:j.psychsport.2019.04.016,<,0.05
10.1016:j.psychsport.2019.05.001,<,0.001
10.1016:j.psychsport.2019.05.001,=,0.01
10.1016:j.psychsport.2019.05.001,=,0.01
10.1016:j.psychsport.2019.05.001,=,0.43
10.1016:j.psychsport.2019.05.001,=,0.001
10.1016:j.psychsport.2019.05.001,<,0.05
10.1016:j.psychsport.2019.05.001,=,0.42
10.1016:j.psychsport.2019.05.001,=,0.36
10.1016:j.psychsport.2019.05.001,=,0.53
10.1016:j.psychsport.2019.05.001,=,0.3
10.1016:j.psychsport.2019.05.001,=,0.38
10.1016:j.psychsport.2019.05.001,=,0.32
10.1016:j.psychsport.2019.05.001,=,0.26
10.1016:j.psychsport.2019.05.001,=,0.4
10.1016:j.psychsport.2019.05.001,=,0.01
10.1016:j.psychsport.2019.05.001,=,0.01
10.1016:j.psychsport.2019.05.001,=,0.01
10.1016:j.psychsport.2019.05.001,=,0.01
10.1016:j.psychsport.2019.05.001,=,0.01
10.1016:j.psychsport.2019.05.001,=,0.01
10.1016:j.psychsport.2019.05.001,<,0.001
10.1016:j.psychsport.2019.05.001,=,0.01
10.1016:j.psychsport.2019.05.001,=,0.01
10.1016:j.psychsport.2019.101554,<,0.001
10.1016:j.psychsport.2019.101554,<,0.001
10.1016:j.psychsport.2019.101554,>,0.05
10.1016:j.psychsport.2019.101554,>,0.05
10.1016:j.psychsport.2019.101554,<,0.001
10.1016:j.psychsport.2019.101554,<,0.001
10.1016:j.psychsport.2019.101554,=,0.13
10.1016:j.psychsport.2019.101554,=,0.193
10.1016:j.psychsport.2019.101554,=,0.773
10.1016:j.psychsport.2019.101554,=,0.804
10.1016:j.psychsport.2019.101554,=,0.1
10.1016:j.psychsport.2019.101554,=,0.843
10.1016:j.psychsport.2019.101554,=,0.753
10.1016:j.psychsport.2019.101554,<,0.001
10.1016:j.psychsport.2019.101554,=,0.123
10.1016:j.psychsport.2019.101554,=,0.22
10.1016:j.psychsport.2019.101554,<,0.001
10.1016:j.psychsport.2019.101554,=,0.051
10.1016:j.psychsport.2019.101554,=,0.39
10.1016:j.psychsport.2019.101554,<,0.001
10.1016:j.psychsport.2019.101554,<,0.001
10.1016:j.psychsport.2019.101554,=,0.448
10.1016:j.psychsport.2019.101579,=,0.023
10.1016:j.psychsport.2019.101579,<,0.001
10.1016:j.psychsport.2019.101579,=,0.029
10.1016:j.psychsport.2019.101579,<,0.001
10.1016:j.psychsport.2019.101579,=,0.022
10.1016:j.psychsport.2019.101579,=,0.05
10.1016:j.psychsport.2019.101579,=,0.753
10.1016:j.psychsport.2019.101579,=,0.023
10.1016:j.psychsport.2019.101579,=,0.002
10.1016:j.psychsport.2019.101579,<,0.001
10.1016:j.psychsport.2019.101579,=,0.015
10.1016:j.psychsport.2019.101579,=,0.029
10.1016:j.psychsport.2019.101579,<,0.001
10.1016:j.psychsport.2019.101579,≤,0.011
10.1016:j.psychsport.2019.101579,=,0.008
10.1016:j.psychsport.2019.101579,=,0.005
10.1016:j.psychsport.2019.101579,=,0.011
10.1016:j.psychsport.2019.101579,=,0.005
10.1016:j.psychsport.2019.101579,<,0.001
10.1016:j.psychsport.2019.101579,=,0.04
10.1016:j.psychsport.2019.101579,<,0.001
10.1016:j.psychsport.2019.101579,=,0.022
10.1016:j.psychsport.2019.101579,<,0.05
10.1016:j.psychsport.2019.101579,<,0.05
10.1016:j.psychsport.2019.101579,<,0.05
10.1016:j.psychsport.2019.101579,<,0.05
10.1016:j.psychsport.2020.101668,=,0.05
10.1016:j.psychsport.2020.101668,=,0.027
10.1016:j.psychsport.2020.101668,=,0.015
10.1016:j.psychsport.2020.101668,=,0.18
10.1016:j.psychsport.2020.101668,=,1
10.1016:j.psychsport.2020.101668,=,0.438
10.1016:j.psychsport.2020.101668,<,0.001
10.1016:j.psychsport.2020.101668,<,0.001
10.1016:j.psychsport.2020.101668,<,0.001
10.1016:j.psychsport.2020.101668,<,0.001
10.1016:j.psychsport.2020.101668,<,0.001
10.1016:j.psychsport.2020.101668,=,0.29
10.1016:j.psychsport.2020.101668,=,0.715
10.1016:j.psychsport.2020.101668,<,0.001
10.1016:j.psychsport.2020.101668,<,0.001
10.1016:j.psychsport.2020.101668,<,0.001
10.1016:j.psychsport.2020.101668,<,0.001
10.1016:j.psychsport.2020.101668,=,0.191
10.1016:j.psychsport.2020.101668,=,0.51
10.1016:j.psychsport.2020.101668,=,0.532
10.1016:j.psychsport.2020.101668,=,0.542
10.1016:j.psychsport.2020.101668,<,0.001
10.1016:j.psychsport.2020.101668,<,0.001
10.1016:j.psychsport.2020.101668,=,0.085
10.1016:j.psychsport.2020.101668,=,0.493
10.1016:j.psychsport.2020.101668,=,0.581
10.1016:j.psychsport.2020.101668,=,0.718
10.1016:j.psychsport.2020.101668,=,0.738
10.1016:j.psychsport.2020.101668,=,0.592
10.1016:j.psychsport.2020.101668,=,0.184
10.1016:j.psychsport.2020.101668,<,0.05
10.1016:j.psychsport.2020.101668,<,0.001
10.1016:j.psychsport.2020.101714,<,0.001
10.1016:j.psychsport.2020.101714,<,0.05
10.1016:j.psychsport.2020.101714,<,0.05
10.1016:j.psychsport.2020.101714,<,0.05
10.1016:j.psychsport.2020.101714,<,0.001
10.1016:j.psychsport.2020.101714,<,0.001
10.1016:j.psychsport.2020.101714,<,0.001
10.1016:j.psychsport.2020.101714,<,0.001
10.1016:j.psychsport.2020.101714,<,0.001
10.1016:j.psychsport.2020.101714,<,0.001
10.1016:j.psychsport.2020.101714,=,0.044
10.1016:j.psychsport.2020.101714,<,0.05
10.1016:j.psychsport.2020.101714,<,0.001
10.1016:j.psychsport.2020.101714,=,0.012
10.1016:j.psychsport.2020.101714,=,0.027
10.1016:j.psychsport.2020.101714,<,0.05
10.1016:j.psychsport.2020.101714,=,0.015
10.1016:j.psychsport.2020.101714,=,0.001
10.1016:j.psychsport.2020.101714,=,0.009
10.1016:j.psychsport.2020.101714,=,0.05
10.1016:j.psychsport.2020.101714,=,0.001
10.1016:j.psychsport.2020.101714,=,0.007
10.1016:j.psychsport.2020.101714,=,0.04
10.1016:j.psychsport.2020.101714,=,0.02
10.1016:j.psychsport.2020.101714,>,0.05
10.1016:j.psychsport.2020.101714,=,0.03
10.1016:j.psychsport.2020.101714,<,0.001
10.1016:j.psychsport.2020.101714,=,0.03
10.1016:j.psychsport.2020.101714,=,0.03
10.1016:j.psychsport.2020.101714,>,0.05
10.1016:j.psychsport.2020.101714,=,0.002
10.1016:j.psychsport.2020.101714,>,0.05
10.1016:j.psychsport.2020.101714,<,0.05
10.1016:j.psychsport.2020.101714,<,0.01
10.1016:j.psychsport.2020.101722,=,0.001
10.1016:j.psychsport.2020.101722,<,0.001
10.1016:j.psychsport.2020.101722,<,0.001
10.1016:j.psychsport.2020.101722,<,0.004
10.1016:j.psychsport.2020.101722,<,0.001
10.1016:j.psychsport.2020.101722,>,0.12
10.1016:j.psychsport.2020.101722,<,0.001
10.1016:j.psychsport.2020.101722,<,0.006
10.1016:j.psychsport.2020.101722,<,0.001
10.1016:j.psychsport.2020.101722,<,0.001
10.1016:j.psychsport.2020.101722,=,0.001
10.1016:j.psychsport.2020.101722,>,0.057
10.1016:j.psychsport.2020.101722,=,0.002
10.1016:j.psychsport.2020.101722,<,0.001
10.1016:j.psychsport.2020.101722,=,0.001
10.1016:j.psychsport.2020.101722,<,0.004
10.1016:j.psychsport.2020.101722,<,0.001
10.1016:j.psychsport.2020.101722,>,0.11
10.1016:j.psychsport.2020.101722,<,0.001
10.1016:j.psychsport.2020.101722,<,0.002
10.1016:j.psychsport.2020.101722,<,0.001
10.1016:j.psychsport.2020.101722,<,0.002
10.1016:j.psychsport.2020.101722,<,0.001
10.1016:j.psychsport.2020.101722,>,0.03
10.1016:j.psychsport.2020.101722,>,0.07
10.1016:j.psychsport.2020.101722,=,0.01
10.1016:j.psychsport.2020.101722,<,0.001
10.1016:j.psychsport.2020.101722,=,0.2
10.1016:j.psychsport.2020.101722,<,0.001
10.1016:j.psychsport.2020.101722,=,0.59
10.1016:j.psychsport.2020.101722,>,0.05
10.1016:j.psychsport.2020.101722,=,0.004
10.1016:j.psychsport.2020.101722,=,0.018
10.1016:j.psychsport.2020.101722,=,0.315
10.1016:j.psychsport.2020.101722,=,0.179
10.1016:j.psychsport.2020.101722,=,0.762
10.1016:j.psychsport.2020.101722,=,0.072
10.1016:j.psychsport.2020.101722,<,0.004
10.1016:j.psychsport.2020.101722,<,0.004
10.1016:j.psychsport.2020.101765,>,0.05
10.1016:j.psychsport.2020.101765,>,0.05
10.1016:j.psychsport.2020.101765,>,0.05
10.1016:j.psychsport.2020.101765,>,0.05
10.1016:j.psychsport.2020.101765,>,0.05
10.1016:j.psychsport.2020.101765,>,0.05
10.1016:j.psychsport.2020.101765,>,0.05
10.1016:j.psychsport.2020.101765,=,0.001
10.1016:j.psychsport.2020.101765,=,0.01
10.1016:j.psychsport.2020.101765,=,0.003
10.1016:j.psychsport.2020.101765,=,0.873
10.1016:j.psychsport.2020.101765,<,0.001
10.1016:j.psychsport.2020.101765,=,0.001
10.1016:j.psychsport.2020.101765,=,0.518
10.1016:j.psychsport.2020.101765,<,0.05
10.1016:j.psychsport.2021.101887,<,0.05
10.1016:j.psychsport.2021.101887,>,0.05
10.1016:j.psychsport.2021.101887,<,0.01
10.1016:j.psychsport.2021.101887,=,0.71
10.1016:j.psychsport.2021.101887,<,0.01
10.1016:j.psychsport.2021.101887,=,0.53
10.1016:j.psychsport.2021.101887,<,0.01
10.1016:j.psychsport.2021.101887,=,0.7
10.1016:j.psychsport.2021.101887,>,0.01
10.1016:j.psychsport.2021.101887,=,0.47
10.1016:j.psychsport.2021.101887,<,0.01
10.1016:j.psychsport.2021.101887,=,0.47
10.1016:j.psychsport.2021.101887,<,0.01
10.1016:j.psychsport.2021.101887,=,0.05
10.1016:j.psychsport.2021.101887,=,0.06
10.1016:j.psychsport.2021.101887,=,0.19
10.1016:j.psychsport.2021.101887,=,0.07
10.1016:j.psychsport.2021.101887,=,0.19
10.1016:j.psychsport.2021.101887,<,0.01
10.1016:j.psychsport.2021.101887,=,0.51
10.1016:j.psychsport.2021.101887,<,0.01
10.1016:j.psychsport.2021.101887,=,0.45
10.1016:j.psychsport.2021.101887,<,0.01
10.1016:j.psychsport.2021.101887,=,0.5
10.1016:j.psychsport.2021.101887,=,0.83
10.1016:j.psychsport.2021.101887,=,0.01
10.1016:j.psychsport.2021.101887,=,0.37
10.1016:j.psychsport.2021.101887,=,0.08
10.1016:j.psychsport.2021.101887,<,0.01
10.1016:j.psychsport.2021.101887,=,0.3
10.1016:j.psychsport.2021.101887,<,0.01
10.1016:j.psychsport.2021.101887,=,0.08
10.1016:j.psychsport.2021.101887,<,0.01
10.1016:j.psychsport.2021.101887,=,0.33
10.1016:j.psychsport.2021.101887,=,0.51
10.1016:j.psychsport.2021.101887,=,0.05
10.1016:j.psychsport.2021.101887,=,0.24
10.1016:j.psychsport.2021.101887,=,0.1
10.1016:j.psychsport.2021.101887,<,0.01
10.1016:j.psychsport.2021.101887,>,0.2
10.1016:j.psychsport.2021.101887,<,0.001
10.1016:j.psychsport.2021.101887,>,0.23
10.1016:j.psychsport.2021.101887,<,0.01
10.1016:j.psychsport.2021.101887,=,0.3
10.1016:j.psychsport.2021.101887,<,0.05
10.1016:j.psychsport.2021.101887,>,0.08
10.1016:j.psychsport.2021.101887,=,0.01
10.1016:j.psychsport.2021.101887,=,0.4
10.1016:j.psychsport.2021.101887,<,0.01
10.1016:j.psychsport.2021.101887,=,0.5
10.1016:j.psychsport.2021.101887,=,0.02
10.1016:j.psychsport.2021.101887,=,0.3
10.1016:j.psychsport.2021.101887,=,0.32
10.1016:j.psychsport.2021.101887,=,0.04
10.1016:j.psychsport.2021.101887,=,0.13
10.1016:j.psychsport.2021.101887,=,0.13
10.1016:j.psychsport.2021.101887,<,0.01
10.1016:j.psychsport.2021.101887,=,0.14
10.1016:j.psychsport.2021.101887,<,0.04
10.1016:j.psychsport.2021.101887,>,0.17
10.1016:j.psychsport.2021.101887,=,0.31
10.1016:j.psychsport.2021.101887,=,0.09
10.1016:j.psychsport.2021.101887,=,0.17
10.1016:j.psychsport.2021.101887,=,0.09
10.1016:j.psychsport.2021.101887,=,0.54
10.1016:j.psychsport.2021.101887,=,0.05
10.1016:j.psychsport.2021.101887,=,0.18
10.1016:j.psychsport.2021.101887,=,0.05
10.1016:j.psychsport.2021.101887,=,0.62
10.1016:j.psychsport.2021.101887,=,0.06
10.1016:j.psychsport.2021.101887,=,0.06
10.1016:j.psychsport.2021.101887,=,0.19
10.1016:j.psychsport.2021.101887,=,0.07
10.1016:j.psychsport.2021.101887,=,0.19
10.1016:j.psychsport.2021.101913,>,0.05
10.1016:j.psychsport.2021.101913,=,0.008
10.1016:j.psychsport.2021.101913,<,0.001
10.1016:j.psychsport.2021.101913,=,0.008
10.1016:j.psychsport.2021.101913,<,0.001
10.1016:j.psychsport.2021.101913,=,0.05
10.1016:j.psychsport.2021.101913,=,0.82
10.1016:j.psychsport.2021.101913,=,0.77
10.1016:j.psychsport.2021.101913,=,0.7
10.1016:j.psychsport.2021.101913,=,0.48
10.1016:j.psychsport.2021.101913,=,0.17
10.1016:j.psychsport.2021.101913,=,0.001
10.1016:j.psychsport.2021.101913,=,0.004
10.1016:j.psychsport.2021.101913,=,0.08
10.1016:j.psychsport.2021.101913,=,0.001
10.1016:j.psychsport.2021.101913,=,0.47
10.1016:j.psychsport.2021.101913,=,0.07
10.1016:j.psychsport.2021.101913,=,0.002
10.1016:j.psychsport.2021.101913,=,0.007
10.1016:j.psychsport.2021.101913,=,0.1
10.1016:j.psychsport.2021.101913,=,0.002
10.1016:j.psychsport.2021.101913,=,0.048
10.1016:j.psychsport.2021.101913,>,0.05
10.1016:j.psychsport.2021.101913,=,0.86
10.1016:j.psychsport.2021.101913,<,0.001
10.1016:j.psychsport.2021.101913,=,0.002
10.1016:j.psychsport.2021.101913,<,0.001
10.1016:j.psychsport.2021.101913,=,0.33
10.1016:j.psychsport.2021.101913,=,0.001
10.1016:j.psychsport.2021.101913,<,0.001
10.1016:j.psychsport.2021.101913,=,0.005
10.1016:j.psychsport.2021.101913,=,0.2
10.1016:j.psychsport.2021.101913,<,0.001
10.1016:j.psychsport.2021.101913,=,0.002
10.1016:j.psychsport.2021.101913,=,0.045
10.1016:j.psychsport.2021.101913,=,0.003
10.1016:j.psychsport.2021.101913,=,0.009
10.1016:j.psychsport.2021.101913,=,0.99
10.1016:j.psychsport.2021.101913,=,0.54
10.1016:j.psychsport.2021.101913,=,0.01
10.1016:j.psychsport.2021.101913,=,0.04
10.1016:j.psychsport.2021.101913,=,0.03
10.1016:j.psychsport.2021.101913,=,0.96
10.1016:j.psychsport.2021.101913,=,0.27
10.1016:j.psychsport.2021.101913,=,0.01
10.1016:j.psychsport.2021.101913,=,0.02
10.1016:j.psychsport.2021.101913,=,0.009
10.1016:j.psychsport.2021.101913,=,0.53
10.1016:j.psychsport.2021.101913,=,0.93
10.1016:j.psychsport.2021.101913,=,0.022
10.1016:j.psychsport.2021.101913,=,0.04
10.1016:j.psychsport.2021.101913,=,0.11
10.1016:j.psychsport.2021.101913,=,0.03
10.1016:j.psychsport.2021.101913,=,0.04
10.1016:j.psychsport.2021.101913,=,0.07
10.1016:j.psychsport.2021.101913,=,0.26
10.1016:j.psychsport.2021.101913,=,0.02
10.1016:j.psychsport.2021.101913,=,0.03
10.1016:j.psychsport.2021.101913,=,0.05
10.1016:j.psychsport.2021.101913,<,0.001
10.1016:j.psychsport.2021.101913,=,0.32
10.1016:j.psychsport.2021.101913,=,0.1
10.1016:j.psychsport.2021.101913,=,0.22
10.1016:j.psychsport.2021.101913,=,0.29
10.1016:j.psychsport.2021.101913,<,0.001
10.1016:j.psychsport.2021.101913,=,0.005
10.1016:j.psychsport.2021.101913,=,0.17
10.1016:j.psychsport.2021.101913,=,0.02
10.1016:j.psychsport.2021.101913,=,0.005
10.1016:j.psychsport.2021.101913,<,0.001
10.1016:j.psychsport.2021.101913,=,0.003
10.1016:j.psychsport.2021.101913,<,0.001
10.1016:j.psychsport.2021.101913,=,0.02
10.1016:j.psychsport.2021.101913,=,0.003
10.1016:j.psychsport.2021.101913,>,0.05
10.1016:j.psychsport.2021.101913,=,0.65
10.1016:j.psychsport.2021.101913,=,0.11
10.1016:j.psychsport.2021.101913,<,0.001
10.1016:j.psychsport.2021.101913,<,0.001
10.1016:j.psychsport.2021.101913,=,0.03
10.1016:j.psychsport.2021.101913,=,0.21
10.1016:j.psychsport.2021.101913,=,0.008
10.1016:j.psychsport.2021.101913,<,0.001
10.1016:j.psychsport.2021.101913,=,0.009
10.1016:j.psychsport.2021.101913,<,0.001
10.1016:j.psychsport.2021.101913,=,0.04
10.1016:j.psychsport.2021.101913,=,0.001
10.1016:j.psychsport.2021.101913,>,0.05
10.1016:j.psychsport.2021.101944,=,0.08
10.1016:j.psychsport.2021.101944,=,0.14
10.1016:j.psychsport.2021.101944,≤,0.05
10.1016:j.psychsport.2021.101944,=,0.038
10.1016:j.psychsport.2021.101944,=,0.043
10.1016:j.psychsport.2021.101944,=,0.012
10.1016:j.psychsport.2021.101944,=,0.05
10.1016:j.psychsport.2021.101944,=,0.744
10.1016:j.psychsport.2021.101944,<,0.001
10.1016:j.psychsport.2021.101944,<,0.001
10.1016:j.psychsport.2021.101944,=,0.039
10.1016:j.psychsport.2021.101944,=,0.719
10.1016:j.psychsport.2021.101944,=,0.012
10.1016:j.psychsport.2021.101944,=,0.412
10.1016:j.psychsport.2021.101944,=,0.074
10.1016:j.psychsport.2021.101944,=,0.09
10.1016:j.psychsport.2021.101944,≤,0.05
10.1016:j.psychsport.2021.101944,=,0.038
10.1016:j.psychsport.2021.101944,=,0.028
10.1016:j.psychsport.2021.101944,<,0.001
10.1016:j.psychsport.2021.101944,<,0.001
10.1016:j.psychsport.2021.101944,=,0.02
10.1016:j.psychsport.2021.101944,=,0.019
10.1016:j.psychsport.2021.101944,<,0.05
10.1016:j.psychsport.2021.101944,<,0.1
10.1016:j.psychsport.2021.101944,=,0.05
10.1016:j.psychsport.2021.101944,<,0.001
10.1016:j.psychsport.2021.101944,=,0.012
10.1016:j.psychsport.2021.101944,=,0.038
10.1016:j.psychsport.2021.101944,<,0.001
10.1016:j.psychsport.2021.102088,<,0.001
10.1016:j.psychsport.2021.102088,=,0.682
10.1016:j.psychsport.2021.102088,=,0.037
10.1016:j.psychsport.2021.102088,=,0.037
10.1016:j.psychsport.2021.102088,<,0.001
10.1016:j.psychsport.2021.102088,=,0.031
10.1016:j.psychsport.2021.102088,=,0.011
10.1016:j.psychsport.2021.102088,=,0.018
10.1016:j.psychsport.2021.102088,<,0.05
10.1016:j.psychsport.2021.102088,<,0.05
10.1016:j.psychsport.2021.102096,<,0.001
10.1016:j.psychsport.2021.102096,<,0.001
10.1016:j.psychsport.2021.102096,=,0.04
10.1016:j.psychsport.2021.102096,=,0.03
10.1016:j.psychsport.2021.102096,=,0.03
10.1016:j.psychsport.2021.102096,=,0.001
10.1016:j.psychsport.2021.102096,=,0.129
10.1016:j.psychsport.2021.102096,=,0.03
10.1016:j.psychsport.2021.102096,=,0.066
10.1016:j.psychsport.2021.102096,=,0.001
10.1016:j.psychsport.2021.102096,=,0.001
10.1016:j.psychsport.2021.102096,=,0.03
10.1016:j.psychsport.2021.102096,=,0.045
10.1016:j.psychsport.2021.102096,=,0.03
10.1016:j.psychsport.2021.102096,=,0.013
10.1016:j.psychsport.2021.102096,=,0.5
10.1016:j.psychsport.2021.102096,=,0.014
10.1016:j.psychsport.2021.102096,=,0.024
10.1016:j.psychsport.2021.102096,=,0.041
10.1016:j.psychsport.2021.102096,=,0.12
10.1016:j.psychsport.2021.102096,<,0.001
10.1016:j.psychsport.2021.102120,<,0.001
10.1016:j.psychsport.2021.102120,<,0.001
10.1016:j.psychsport.2021.102120,=,0.602
10.1016:j.psychsport.2021.102120,=,0.73
10.1016:j.psychsport.2021.102120,=,0.662
10.1016:j.psychsport.2021.102120,=,0.02
10.1016:j.psychsport.2021.102120,<,0.001
10.1016:j.psychsport.2021.102120,=,0.15
10.1016:j.psychsport.2021.102120,=,0.009
10.1016:j.psychsport.2021.102120,=,0.008
10.1016:j.psychsport.2021.102120,<,0.001
10.1016:j.psychsport.2021.102120,<,0.001
10.1016:j.psychsport.2021.102120,=,0.005
10.1016:j.psychsport.2021.102120,=,0.044
10.1016:j.psychsport.2021.102120,=,0.03
10.1016:j.psychsport.2021.102120,=,0.02
10.1016:j.psychsport.2021.102120,=,0.034
10.1016:j.psychsport.2021.102120,=,0.028
10.1016:j.psychsport.2022.102144,≤,0.05
10.1016:j.psychsport.2022.102144,=,0.86
10.1016:j.psychsport.2022.102144,=,0.08
10.1016:j.psychsport.2022.102144,=,0.45
10.1016:j.psychsport.2022.102144,=,0.59
10.1016:j.psychsport.2022.102144,=,0.87
10.1016:j.psychsport.2022.102144,=,0.65
10.1016:j.psychsport.2022.102144,<,0.001
10.1016:j.psychsport.2022.102144,<,0.001
10.1016:j.psychsport.2022.102144,>,0.1
10.1016:j.psychsport.2022.102144,=,0.33
10.1016:j.psychsport.2022.102144,=,0.53
10.1016:j.psychsport.2022.102144,=,0.95
10.1016:j.psychsport.2022.102144,=,0.34
10.1016:j.psychsport.2022.102144,=,0.06
10.1016:j.psychsport.2022.102144,=,0.12
10.1016:j.psychsport.2022.102144,=,0.13
10.1016:j.psychsport.2022.102144,<,0.01
10.1016:j.psychsport.2022.102144,>,0.1
10.1016:j.psychsport.2022.102144,=,0.75
10.1016:j.psychsport.2022.102144,=,0.11
10.1016:j.psychsport.2022.102144,=,0.74
10.1016:j.psychsport.2022.102144,=,0.4
10.1016:j.psychsport.2022.102144,<,0.01
10.1016:j.psychsport.2022.102144,=,0.03
10.1016:j.psychsport.2022.102210,<,0.05
10.1016:j.psychsport.2022.102210,=,0.38
10.1016:j.psychsport.2022.102210,<,0.001
10.1016:j.psychsport.2022.102210,<,0.002
10.1016:j.psychsport.2022.102210,<,0.001
10.1016:j.psychsport.2022.102210,<,0.002
10.1016:j.psychsport.2022.102210,=,0.04
10.1016:j.psychsport.2022.102210,=,0.01
10.1016:j.psychsport.2022.102210,=,0.26
10.1016:j.psychsport.2022.102210,<,0.001
10.1016:j.psychsport.2022.102210,<,0.001
10.1016:j.psychsport.2022.102210,<,0.002
10.1016:j.psychsport.2022.102210,<,0.001
10.1016:j.psychsport.2022.102210,<,0.02
10.1016:j.psychsport.2022.102210,<,0.001
10.1016:j.psychsport.2022.102210,<,0.04
10.1016:j.psychsport.2022.102210,<,0.03
10.1016:j.psychsport.2022.102210,<,0.001
10.1016:j.psychsport.2022.102210,<,0.001
10.1016:j.psychsport.2022.102210,<,0.002
10.1016:j.psychsport.2022.102211,=,0.185
10.1016:j.psychsport.2022.102211,=,0.071
10.1016:j.psychsport.2022.102211,=,0.006
10.1016:j.psychsport.2022.102211,=,0.281
10.1016:j.psychsport.2022.102211,=,0.045
10.1016:j.psychsport.2022.102211,=,0.166
10.1016:j.psychsport.2022.102211,=,0.409
10.1016:j.psychsport.2022.102211,=,0.005
10.1016:j.psychsport.2022.102211,=,0.656
10.1016:j.psychsport.2022.102211,=,0.042
10.1016:j.psychsport.2022.102211,=,0.033
10.1016:j.psychsport.2022.102211,=,0.041
10.1016:j.psychsport.2022.102211,=,0.014
10.1016:j.psychsport.2022.102211,=,0.043
10.1016:j.psychsport.2022.102211,=,0.033
10.1016:j.psychsport.2022.102211,<,0.05
10.1016:j.psychsport.2022.102211,=,0.446
10.1016:j.psychsport.2022.102211,=,0.036
10.1016:j.psychsport.2022.102211,=,0.009
10.1016:j.psychsport.2022.102211,=,0.447
10.1016:j.psychsport.2022.102211,<,0.05
10.1016:j.psychsport.2022.102211,<,0.05
10.1016:j.psychsport.2022.102211,<,0.05
10.1016:j.psychsport.2022.102300,<,0.05
10.1016:j.psychsport.2022.102300,=,0.003
10.1016:j.psychsport.2022.102300,=,0.013
10.1016:j.psychsport.2022.102300,=,0.003
10.1016:j.psychsport.2022.102300,<,0.001
10.1016:j.psychsport.2022.102300,<,0.001
10.1016:j.psychsport.2022.102300,<,0.001
10.1016:j.psychsport.2022.102300,=,0.593
10.1016:j.psychsport.2022.102300,<,0.001
10.1016:j.psychsport.2022.102300,=,0.029
10.1016:j.psychsport.2022.102300,=,0.004
10.1016:j.psychsport.2022.102300,=,0.449
10.1016:j.psychsport.2022.102300,<,0.001
10.1016:j.psychsport.2022.102300,=,0.007
10.1016:j.psychsport.2022.102300,=,0.001
10.1016:j.psychsport.2022.102300,=,0.433
10.1016:j.psychsport.2022.102301,=,0.05
10.1016:j.psychsport.2022.102301,=,0.201
10.1016:j.psychsport.2022.102301,=,0.168
10.1016:j.psychsport.2022.102301,<,0.001
10.1016:j.psychsport.2022.102301,=,0.04
10.1016:j.psychsport.2022.102301,<,0.001
10.1016:j.psychsport.2022.102301,=,0.027
10.1016:j.psychsport.2022.102301,=,0.036
10.1016:j.psychsport.2022.102301,=,0.022
10.1016:j.psychsport.2022.102301,<,0.001
10.1016:j.psychsport.2022.102301,=,0.745
10.1016:j.psychsport.2022.102301,<,0.001
10.1016:j.psychsport.2022.102301,=,0.003
10.1016:j.psychsport.2022.102301,<,0.001
10.1016:j.psychsport.2022.102301,<,0.001
10.1016:j.psychsport.2022.102301,<,0.001
10.1016:j.psychsport.2022.102301,<,0.001
10.1016:j.psychsport.2022.102301,<,0.05
10.1016:j.psychsport.2022.102301,=,0.003
10.1016:j.psychsport.2022.102332,<,0.001
10.1016:j.psychsport.2022.102332,<,0.001
10.1016:j.psychsport.2022.102332,=,0.35
10.1016:j.psychsport.2022.102332,=,0.011
10.1016:j.psychsport.2022.102332,=,0.251
10.1016:j.psychsport.2022.102332,=,0.379
10.1016:j.psychsport.2022.102332,<,0.001
10.1016:j.psychsport.2022.102332,=,0.029
10.1016:j.psychsport.2022.102332,=,0.026
10.1016:j.psychsport.2022.102332,=,0.001
10.1016:j.psychsport.2022.102332,<,0
10.1016:j.psychsport.2022.102332,<,0
10.1016:j.psychsport.2022.102332,=,0.363
10.1016:j.psychsport.2022.102332,=,0.694
10.1016:j.psychsport.2022.102332,<,0
10.1016:j.psychsport.2022.102332,=,0.179
10.1016:j.psychsport.2022.102332,=,0.151
10.1016:j.psychsport.2022.102332,=,0.001
10.1016:j.psychsport.2022.102332,=,0.01
10.1016:j.psychsport.2022.102332,<,0
10.1016:j.psychsport.2022.102332,=,0.581
10.1016:j.psychsport.2022.102332,=,0.287
10.1016:j.psychsport.2023.102422,<,0.001
10.1016:j.psychsport.2023.102422,=,0.004
10.1016:j.psychsport.2023.102422,<,0.001
10.1016:j.psychsport.2023.102422,<,0.001
10.1016:j.psychsport.2023.102422,=,0.536
10.1016:j.psychsport.2023.102422,=,0.996
10.1016:j.psychsport.2023.102422,<,0.001
10.1016:j.psychsport.2023.102422,=,0.022
10.1016:j.psychsport.2023.102422,<,0.001
10.1016:j.psychsport.2023.102422,<,0.001
10.1016:j.psychsport.2023.102422,=,0.4
10.1016:j.psychsport.2023.102422,=,0.981
10.1016:j.psychsport.2023.102422,=,0.009
10.1016:j.psychsport.2023.102422,=,0.026
10.1016:j.psychsport.2023.102422,=,0.028
10.1016:j.psychsport.2023.102422,>,0.05
10.1016:j.psychsport.2023.102422,=,0.296
10.1016:j.psychsport.2023.102459,<,0.05
10.1016:j.psychsport.2023.102459,≤,0.05
10.1016:j.psychsport.2023.102459,=,0.05
10.1016:j.psychsport.2023.102459,=,0.04
10.1016:j.psychsport.2023.102459,=,0.06
10.1016:j.psychsport.2023.102459,<,0.001
10.1016:j.psychsport.2023.102459,=,0.06
10.1016:j.psychsport.2023.102459,=,0.56
10.1016:j.psychsport.2023.102459,=,0.09
10.1016:j.psychsport.2023.102459,=,0.6
10.1016:j.psychsport.2023.102459,>,0.05
10.1016:j.psychsport.2023.102459,=,0.01
10.1016:j.psychsport.2023.102459,<,0.001
10.1016:j.psychsport.2023.102459,=,0.002
10.1016:j.psychsport.2023.102459,=,0.39
10.1016:j.psychsport.2023.102459,=,0.35
10.1016:j.psychsport.2023.102459,=,0.23
10.1016:j.psychsport.2023.102459,=,0.78
10.1016:j.psychsport.2023.102459,=,0.86
10.1016:j.psychsport.2023.102459,<,0.001
10.1016:j.psychsport.2023.102459,=,0.01
10.1016:j.psychsport.2023.102459,=,0.04
10.1016:j.psychsport.2023.102459,=,0.82
10.1016:j.psychsport.2023.102459,=,0.36
10.1016:j.psychsport.2023.102459,<,0.001
10.1016:j.psychsport.2023.102459,=,0.01
10.1016:j.psychsport.2023.102459,=,0.31
10.1016:j.psychsport.2023.102459,<,0.001
10.1016:j.psychsport.2023.102459,<,0.001
10.1016:j.psychsport.2023.102459,>,0.42
10.1016:j.psychsport.2023.102459,=,0.26
10.1080:02640414.2020.1756681,<,0.05
10.1080:02640414.2020.1756681,<,0.001
10.1080:02640414.2020.1756681,=,0.761
10.1080:02640414.2020.1756681,=,0.035
10.1080:02640414.2020.1756681,=,0.884
10.1080:02640414.2020.1756681,=,0.705
10.1080:02640414.2020.1756681,=,0.814
10.1080:02640414.2020.1756681,=,0.042
10.1080:02640414.2020.1756681,=,0.005
10.1080:02640414.2020.1756681,=,0.043
10.1080:02640414.2020.1756681,=,0.001
10.1080:02640414.2020.1756681,=,0.001
10.1080:02640414.2020.1756681,=,0.003
10.1080:02640414.2020.1756681,=,0.001
10.1080:02640414.2020.1756681,=,0.001
10.1080:02640414.2020.1756681,=,0.008
10.1080:02640414.2020.1756681,=,0.001
10.1080:02640414.2020.1756681,=,0.027
10.1080:02640414.2020.1756681,=,0.027
10.1080:02640414.2020.1804519,>,0.05
10.1080:02640414.2020.1804519,>,0.05
10.1080:02640414.2020.1804519,=,0.54
10.1080:02640414.2020.1804519,>,0.05
10.1080:02640414.2020.1804519,=,0.01
10.1080:02640414.2020.1804519,=,0.03
10.1080:02640414.2020.1804519,=,0.01
10.1080:02640414.2020.1804519,=,0.03
10.1080:02640414.2020.1804519,=,0.04
10.1080:02640414.2020.1804519,=,0.02
10.1080:02640414.2020.1804519,=,0.02
10.1080:02640414.2020.1804519,<,0.01
10.1080:02640414.2020.1804519,=,0.7
10.1080:02640414.2020.1804519,<,0.05
10.1080:02640414.2020.1804519,<,0.05
10.1080:02640414.2020.1804519,<,0.05
10.1080:02640414.2020.1804807,=,0.045
10.1080:02640414.2020.1804807,=,0.004
10.1080:02640414.2020.1804807,=,0.005
10.1080:02640414.2020.1804807,<,0.05
10.1080:02640414.2020.1804807,<,0.05
10.1080:02640414.2020.1804807,>,0.05
10.1080:02640414.2020.1804807,=,0.35
10.1080:02640414.2020.1804807,=,0.73
10.1080:02640414.2020.1804807,=,0.53
10.1080:02640414.2020.1804807,=,0.04
10.1080:02640414.2020.1804807,=,0.29
10.1080:02640414.2020.1804807,=,0.48
10.1080:02640414.2020.1804807,=,0.53
10.1080:02640414.2020.1804807,=,0.91
10.1080:02640414.2020.1804807,=,0.4
10.1080:02640414.2020.1804807,=,0.57
10.1080:02640414.2020.1804807,=,0.12
10.1080:02640414.2020.1804807,<,0.05
10.1080:02640414.2020.1805850,<,0.05
10.1080:02640414.2020.1805850,<,0.05
10.1080:02640414.2020.1805850,<,0.05
10.1080:02640414.2020.1805850,<,0.05
10.1080:02640414.2020.1808277,=,0.002
10.1080:02640414.2020.1808277,=,0.028
10.1080:02640414.2020.1808277,≥,0.191
10.1080:02640414.2020.1808277,≥,0.073
10.1080:02640414.2020.1808277,=,0.002
10.1080:02640414.2020.1808277,=,0.028
10.1080:02640414.2020.1808277,≥,0.098
10.1080:02640414.2020.1808277,≥,0.3
10.1080:02640414.2020.1809974,=,0.493
10.1080:02640414.2020.1809974,=,0.662
10.1080:02640414.2020.1809974,=,0.902
10.1080:02640414.2020.1809974,=,0.093
10.1080:02640414.2020.1809974,=,0.205
10.1080:02640414.2020.1809974,=,0.962
10.1080:02640414.2020.1809974,=,0.481
10.1080:02640414.2020.1809974,=,0.927
10.1080:02640414.2020.1809974,=,0.896
10.1080:02640414.2020.1809974,=,0.475
10.1080:02640414.2020.1809974,=,0.9
10.1080:02640414.2020.1809974,=,0.479
10.1080:02640414.2020.1809974,=,0.242
10.1080:02640414.2020.1809974,=,0.719
10.1080:02640414.2020.1809974,=,0.9
10.1080:02640414.2020.1809974,=,0.497
10.1080:02640414.2020.1809974,=,0.207
10.1080:02640414.2020.1809974,=,0.033
10.1080:02640414.2020.1809974,=,0.854
10.1080:02640414.2020.1809974,=,0.862
10.1080:02640414.2020.1809974,=,0.343
10.1080:02640414.2020.1809974,=,0.006
10.1080:02640414.2020.1809974,=,0.308
10.1080:02640414.2020.1809974,=,0.517
10.1080:02640414.2020.1809974,=,0.538
10.1080:02640414.2020.1809974,=,0.416
10.1080:02640414.2020.1809974,=,0.363
10.1080:02640414.2020.1809974,=,0.449
10.1080:02640414.2020.1809974,=,0.956
10.1080:02640414.2020.1809974,=,0.147
10.1080:02640414.2020.1809974,=,0.37
10.1080:02640414.2020.1809975,>,0.05
10.1080:02640414.2020.1809975,<,0.05
10.1080:02640414.2020.1809975,=,0.005
10.1080:02640414.2020.1809975,<,0.001
10.1080:02640414.2020.1809975,>,0.05
10.1080:02640414.2020.1809975,=,0.003
10.1080:02640414.2020.1809975,>,0.05
10.1080:02640414.2020.1809975,=,0.001
10.1080:02640414.2020.1809975,>,0.05
10.1080:02640414.2020.1809975,=,0.037
10.1080:02640414.2020.1809975,=,0.037
10.1080:02640414.2020.1809975,<,0.05
10.1080:02640414.2020.1809975,>,0.05
10.1080:02640414.2020.1809975,=,0.003
10.1080:02640414.2020.1809975,<,0.001
10.1080:02640414.2020.1809975,=,0.001
10.1080:02640414.2020.1809975,>,0.05
10.1080:02640414.2020.1809975,<,0.001
10.1080:02640414.2020.1809975,>,0.05
10.1080:02640414.2020.1809975,<,0.05
10.1080:02640414.2020.1809975,<,0.01
10.1080:02640414.2020.1809975,<,0.05
10.1080:02640414.2020.1809975,<,0.01
10.1080:02640414.2020.1809976,=,1
10.1080:02640414.2020.1809976,=,0.05
10.1080:02640414.2020.1809976,<,0.05
10.1080:02640414.2020.1809976,=,0.162
10.1080:02640414.2020.1809976,=,0.545
10.1080:02640414.2020.1809976,<,0.001
10.1080:02640414.2020.1809976,<,0.001
10.1080:02640414.2020.1809976,=,0.05
10.1080:02640414.2020.1809976,<,0.001
10.1080:02640414.2020.1809976,<,0.001
10.1080:02640414.2020.1809976,=,0.001
10.1080:02640414.2020.1809976,=,0.003
10.1080:02640414.2020.1809976,=,0.006
10.1080:02640414.2020.1809976,=,0.006
10.1080:02640414.2020.1809976,=,0.004
10.1080:02640414.2020.1809976,=,0.047
10.1080:02640414.2020.1809976,<,0.001
10.1080:02640414.2020.1809976,<,0.001
10.1080:02640414.2020.1809976,=,0.041
10.1080:02640414.2020.1809976,=,0.004
10.1080:02640414.2020.1809976,=,0.016
10.1080:02640414.2020.1809976,=,0.009
10.1080:02640414.2020.1809976,=,0.001
10.1080:02640414.2020.1809976,=,0.018
10.1080:02640414.2020.1809976,=,0.036
10.1080:02640414.2020.1809976,=,0.032
10.1080:02640414.2020.1824340,<,0.005
10.1080:02640414.2020.1824340,<,0.001
10.1080:02640414.2020.1824340,<,0.05
10.1080:02640414.2020.1824340,<,0.05
10.1080:02640414.2020.1824340,<,0.005
10.1080:02640414.2020.1824340,>,0.05
10.1080:02640414.2020.1824340,>,0.05
10.1080:02640414.2020.1824340,>,0.05
10.1080:02640414.2020.1824340,<,1e-4
10.1080:02640414.2020.1824340,<,0
10.1080:02640414.2020.1824340,=,1
10.1080:02640414.2020.1824340,<,1e-4
10.1080:02640414.2020.1824340,<,1e-4
10.1080:02640414.2020.1824340,<,1e-4
10.1080:02640414.2020.1824340,<,1e-4
10.1080:02640414.2020.1824340,<,0.005
10.1080:02640414.2020.1824340,=,0.09
10.1080:02640414.2020.1824340,<,0.001
10.1080:02640414.2020.1824340,<,0.001
10.1080:02640414.2020.1824340,<,0.001
10.1080:02640414.2020.1824340,<,0.001
10.1080:02640414.2020.1824340,<,0.001
10.1080:02640414.2020.1824340,<,0.001
10.1080:02640414.2020.1824340,=,0.002
10.1080:02640414.2020.1824340,=,0.4
10.1080:02640414.2020.1824340,<,0.01
10.1080:02640414.2020.1824340,=,0.22
10.1080:02640414.2020.1824340,=,0.001
10.1080:02640414.2020.1824340,=,0.26
10.1080:02640414.2020.1824340,<,0.005
10.1080:02640414.2020.1824340,<,0.001
10.1080:02640414.2020.1824340,<,0.005
10.1080:02640414.2020.1824340,<,0.001
10.1080:02640414.2020.1824366,<,0.05
10.1080:02640414.2020.1824366,>,0.05
10.1080:02640414.2020.1824366,<,0.05
10.1080:02640414.2020.1824366,=,0.51
10.1080:02640414.2020.1824366,=,0.746
10.1080:02640414.2020.1824366,<,0.001
10.1080:02640414.2020.1824366,<,0.001
10.1080:02640414.2020.1824366,<,0.001
10.1080:02640414.2020.1824366,=,0.001
10.1080:02640414.2020.1824366,<,0.05
10.1080:02640414.2020.1824366,<,0.05
10.1080:02640414.2021.1872930,>,0.05
10.1080:02640414.2021.1872960,=,0.041
10.1080:02640414.2021.1872960,=,0.013
10.1080:02640414.2021.1872960,=,0.044
10.1080:02640414.2021.1872960,=,0.002
10.1080:02640414.2021.1872960,=,0.032
10.1080:02640414.2021.1872960,=,0.018
10.1080:02640414.2021.1872960,=,0.003
10.1080:02640414.2021.1872960,<,0.001
10.1080:02640414.2021.1872960,=,0.046
10.1080:02640414.2021.1872960,=,0.038
10.1080:02640414.2021.1872960,≤,0.05
10.1080:02640414.2021.1872960,=,0.387
10.1080:02640414.2021.1872960,<,0.001
10.1080:02640414.2021.1872960,<,0.001
10.1080:02640414.2021.1872960,<,0.001
10.1080:02640414.2021.1872960,<,0.001
10.1080:02640414.2021.1872960,<,0.001
10.1080:02640414.2021.1872960,=,0.037
10.1080:02640414.2021.1872960,<,0.005
10.1080:02640414.2021.1872960,<,0.005
10.1080:02640414.2021.1872960,=,0.012
10.1080:02640414.2021.1872960,=,0.011
10.1080:02640414.2021.1872960,=,0.288
10.1080:02640414.2021.1872960,=,0.149
10.1080:02640414.2021.1872960,=,0.001
10.1080:02640414.2021.1872960,=,0.006
10.1080:02640414.2021.1872960,>,0.99
10.1080:02640414.2021.1872960,=,0.093
10.1080:02640414.2021.1872960,=,0.05
10.1080:02640414.2021.1872960,=,0.005
10.1080:02640414.2021.1872960,=,0.019
10.1080:02640414.2021.1872960,=,0.064
10.1080:02640414.2021.1872960,=,0.011
10.1080:02640414.2021.1872960,=,0.263
10.1080:02640414.2021.1872960,=,0.001
10.1080:02640414.2021.1872960,=,0.044
10.1080:02640414.2021.1872960,=,0.368
10.1080:02640414.2021.1872960,<,0.001
10.1080:02640414.2021.1872960,=,0.002
10.1080:02640414.2021.1872960,=,0.222
10.1080:02640414.2021.1872960,=,0.006
10.1080:02640414.2021.1872960,=,0.001
10.1080:02640414.2021.1872960,=,0.509
10.1080:02640414.2021.1872960,=,0.003
10.1080:02640414.2021.1872960,=,0.003
10.1080:02640414.2021.1872960,=,0.519
10.1080:02640414.2021.1872960,<,0.001
10.1080:02640414.2021.1872960,<,0.001
10.1080:02640414.2021.1872960,=,0.691
10.1080:02640414.2021.1872960,=,0.046
10.1080:02640414.2021.1872960,=,0.046
10.1080:02640414.2021.1872960,=,0.282
10.1080:02640414.2021.1872960,=,0.038
10.1080:02640414.2021.1872960,=,0.038
10.1080:02640414.2021.1882771,>,0.05
10.1080:02640414.2021.1882771,>,0.05
10.1080:02640414.2021.1882771,≤,0.05
10.1080:02640414.2021.1882771,>,0.05
10.1080:02640414.2021.1882771,<,0.05
10.1080:02640414.2021.1882771,<,0.05
10.1080:02640414.2021.1882771,>,0.05
10.1080:02640414.2021.1882771,>,0.05
10.1080:02640414.2021.1882771,<,0.05
10.1080:02640414.2021.1882771,<,0.05
10.1080:02640414.2021.1882771,>,0.05
10.1080:02640414.2021.1882771,>,0.05
10.1080:02640414.2021.1882771,>,0.05
10.1080:02640414.2021.1882771,<,0.05
10.1080:02640414.2021.1882771,<,0.05
10.1080:02640414.2021.1882771,<,0.05
10.1080:02640414.2021.1882771,<,0.05
10.1080:02640414.2021.1882771,≤,0.05
10.1080:02640414.2021.1882771,≤,0.05
10.1080:02640414.2021.1896104,<,0.05
10.1080:02640414.2021.1896104,<,0.05
10.1080:02640414.2021.1896104,=,0.7
10.1080:02640414.2021.1896104,≥,0.187
10.1080:02640414.2021.1896104,≥,0.469
10.1080:02640414.2021.1896104,<,0.001
10.1080:02640414.2021.1896104,<,0.001
10.1080:02640414.2021.1896104,<,0.001
10.1080:02640414.2021.1896104,≥,0.207
10.1080:02640414.2021.1896104,≥,0.334
10.1080:02640414.2021.1896104,=,0.095
10.1080:02640414.2021.1896104,=,0.056
10.1080:02640414.2021.1896104,=,0.068
10.1080:02640414.2021.1896104,≥,0.265
10.1080:02640414.2021.1896104,≥,0.264
10.1080:02640414.2021.1896104,=,0.008
10.1080:02640414.2021.1896104,<,0.001
10.1080:02640414.2021.1896104,=,0.108
10.1080:02640414.2021.1896104,=,0.306
10.1080:02640414.2021.1896104,=,0.823
10.1080:02640414.2021.1896104,=,0.541
10.1080:02640414.2021.1896104,=,0.751
10.1080:02640414.2021.1896104,=,0.055
10.1080:02640414.2021.1896104,=,0.164
10.1080:02640414.2021.1896104,≥,0.075
10.1080:02640414.2021.1896104,≥,0.15
10.1080:02640414.2021.1896104,≥,0.101
10.1080:02640414.2021.1896104,≥,0.238
10.1080:02640414.2021.1896104,≥,0.112
10.1080:02640414.2021.1896104,≥,0.138
10.1080:02640414.2021.1896104,=,0.022
10.1080:02640414.2021.1896104,=,0.054
10.1080:02640414.2021.1896104,=,0.15
10.1080:02640414.2021.1896104,=,0.002
10.1080:02640414.2021.1896104,=,0.031
10.1080:02640414.2021.1896104,=,0.001
10.1080:02640414.2021.1896104,=,0.001
10.1080:02640414.2021.1896104,=,0.017
10.1080:02640414.2021.1896104,=,0.058
10.1080:02640414.2021.1896104,≥,0.065
10.1080:02640414.2021.1896104,≥,0.305
10.1080:02640414.2021.1896104,≥,0.751
10.1080:02640414.2021.1896104,<,0.001
10.1080:02640414.2021.1896104,<,0.001
10.1080:02640414.2021.1896104,=,0.041
10.1080:02640414.2021.1896104,=,0.012
10.1080:02640414.2021.1896104,=,0.033
10.1080:02640414.2021.1896104,=,0.002
10.1080:02640414.2021.1896104,≤,0.001
10.1080:02640414.2021.1896104,<,0.001
10.1080:02640414.2021.1896104,=,0.79
10.1080:02640414.2021.1896104,=,0.853
10.1080:02640414.2021.1896104,=,0.003
10.1080:02640414.2021.1896104,=,0.706
10.1080:02640414.2021.1896104,=,0.025
10.1080:02640414.2021.1896104,≤,0.002
10.1080:02640414.2021.1896104,<,0.001
10.1080:02640414.2021.1896104,=,0.698
10.1080:02640414.2021.1896104,=,0.586
10.1080:02640414.2021.1896104,=,0.022
10.1080:02640414.2021.1896104,=,0.199
10.1080:02640414.2021.1896104,=,0.109
10.1080:02640414.2021.1896104,<,0.001
10.1080:02640414.2021.1896104,=,0.607
10.1080:02640414.2021.1896104,=,0.599
10.1080:02640414.2021.1896104,=,0.02
10.1080:02640414.2021.1896104,=,0.576
10.1080:02640414.2021.1896104,=,0.039
10.1080:02640414.2021.1896104,=,0.004
10.1080:02640414.2021.1896104,=,0.327
10.1080:02640414.2021.1896104,=,0.824
10.1080:02640414.2021.1896104,=,0.004
10.1080:02640414.2021.1896104,=,0.216
10.1080:02640414.2021.1896104,<,0.05
10.1080:02640414.2021.1896104,=,0.104
10.1080:02640414.2021.1896104,=,0.001
10.1080:02640414.2021.1896104,=,0.554
10.1080:02640414.2021.1896104,=,0.281
10.1080:02640414.2021.1896104,=,0.082
10.1080:02640414.2021.1896104,=,0.728
10.1080:02640414.2021.1896104,=,0.015
10.1080:02640414.2021.1896104,=,0.039
10.1080:02640414.2021.1896104,=,0.827
10.1080:02640414.2021.1896104,=,0.004
10.1080:02640414.2021.1896104,=,0.713
10.1080:02640414.2021.1896104,=,0.017
10.1080:02640414.2021.1896104,≥,0.107
10.1080:02640414.2021.1896104,=,0.006
10.1080:02640414.2021.1896104,=,0.305
10.1080:02640414.2021.1896104,=,0.11
10.1080:02640414.2021.1896104,=,0.172
10.1080:02640414.2021.1896104,=,0.89
10.1080:02640414.2021.1896104,=,0.008
10.1080:02640414.2021.1896104,<,0.001
10.1080:02640414.2021.1896104,=,0.664
10.1080:02640414.2021.1896104,<,0.001
10.1080:02640414.2021.1896104,=,0.75
10.1080:02640414.2021.1896104,<,0.001
10.1080:02640414.2021.1896104,=,0.483
10.1080:02640414.2021.1896104,<,0.001
10.1080:02640414.2021.1896104,=,0.489
10.1080:02640414.2021.1896104,=,0.029
10.1080:02640414.2021.1896104,=,0.298
10.1080:02640414.2021.1896104,=,0.146
10.1080:02640414.2021.1896104,=,0.145
10.1080:02640414.2021.1896104,=,0.452
10.1080:02640414.2021.1896104,=,0.041
10.1080:02640414.2021.1896104,=,0.063
10.1080:02640414.2021.1896104,=,0.226
10.1080:02640414.2021.1896104,≥,0.118
10.1080:02640414.2021.1896104,≤,0.041
10.1080:02640414.2021.1896104,=,0.132
10.1080:02640414.2021.1896104,=,0.002
10.1080:02640414.2021.1896104,≥,0.138
10.1080:02640414.2021.1896104,=,0.126
10.1080:02640414.2021.1896104,=,0.013
10.1080:02640414.2021.1896104,≥,0.152
10.1080:02640414.2021.1896104,=,0.05
10.1080:02640414.2021.1896104,<,0.05
10.1080:02640414.2021.1896104,<,0.05
10.1080:02640414.2021.1933350,<,0.001
10.1080:02640414.2021.1933350,<,0.001
10.1080:02640414.2021.1933350,<,0.001
10.1080:02640414.2021.1933350,<,0.001
10.1080:02640414.2021.1933350,=,0.46
10.1080:02640414.2021.1933350,=,0.43
10.1080:02640414.2021.1933350,=,0.65
10.1080:02640414.2021.1933350,=,0.76
10.1080:02640414.2021.1933350,=,0.81
10.1080:02640414.2021.1933350,=,0.11
10.1080:02640414.2021.1934287,≤,0.05
10.1080:02640414.2021.1934287,<,0.001
10.1080:02640414.2021.1934287,=,0.007
10.1080:02640414.2021.1934287,<,0.001
10.1080:02640414.2021.1934287,<,0.05
10.1080:02640414.2021.1934287,<,0.001
10.1080:02640414.2021.1934287,<,0.05
10.1080:02640414.2021.1934287,<,0.05
10.1080:02640414.2021.1934287,<,0.05
10.1080:02640414.2021.1934287,<,0.05
10.1080:02640414.2021.1934287,<,0.05
10.1080:02640414.2021.1934287,<,0.05
10.1080:02640414.2021.1934287,<,0.05
10.1080:02640414.2021.1935672,<,0.001
10.1080:02640414.2021.1935672,<,0.001
10.1080:02640414.2021.1935672,<,0.001
10.1080:02640414.2021.1935672,<,0.001
10.1080:02640414.2021.1935672,<,0.001
10.1080:02640414.2021.1935672,<,0.001
10.1080:02640414.2021.1935672,=,0.041
10.1080:02640414.2021.1935672,<,0.05
10.1080:02640414.2021.1935672,<,0.001
10.1080:02640414.2021.1935672,=,0.072
10.1080:02640414.2021.1935672,=,0.801
10.1080:02640414.2021.1935672,=,0.101
10.1080:02640414.2021.1935672,=,0.041
10.1080:02640414.2021.1935672,<,0.001
10.1080:02640414.2021.1935672,<,0.001
10.1080:02640414.2021.1935672,<,0.001
10.1080:02640414.2021.1935672,<,0.001
10.1080:02640414.2021.1957294,=,0.015
10.1080:02640414.2021.1957294,=,0.033
10.1080:02640414.2021.1957294,≤,0.05
10.1080:02640414.2021.1957294,=,0.01
10.1080:02640414.2021.1957294,=,0.001
10.1080:02640414.2021.1957294,=,0.014
10.1080:02640414.2021.1957294,=,0.006
10.1080:02640414.2021.1957294,=,0.015
10.1080:02640414.2021.1957294,=,0.005
10.1080:02640414.2021.1957294,=,0.007
10.1080:02640414.2021.1957294,=,0.033
10.1080:02640414.2021.1957294,=,0.008
10.1080:02640414.2021.1957294,=,0.002
10.1080:02640414.2021.1957294,<,0.001
10.1080:02640414.2021.1957294,=,0.009
10.1080:02640414.2021.1957294,=,0.01
10.1080:02640414.2021.1957294,=,0.014
10.1080:02640414.2021.1957294,=,0.044
10.1080:02640414.2021.1957294,<,0.05
10.1080:02640414.2021.2003981,=,0.02
10.1080:02640414.2021.2003981,=,0.003
10.1080:02640414.2021.2003981,=,0.01
10.1080:02640414.2021.2003981,=,0.007
10.1080:02640414.2021.2003981,=,0.46
10.1080:02640414.2021.2003981,=,0.75
10.1080:02640414.2021.2003981,>,0.28
10.1080:02640414.2021.2003981,=,0.004
10.1080:02640414.2021.2003981,=,0.01
10.1080:02640414.2021.2003981,<,0.001
10.1080:02640414.2021.2003981,<,0.001
10.1080:02640414.2021.2003981,<,0.001
10.1080:02640414.2021.2003981,<,0.001
10.1080:02640414.2021.2003981,<,0.001
10.1080:02640414.2021.2003981,<,0.001
10.1080:02640414.2021.2003981,<,0.001
10.1080:02640414.2021.2003981,<,0.001
10.1080:02640414.2021.2003981,<,0.001
10.1080:02640414.2021.2003981,=,0.003
10.1080:02640414.2021.2003981,=,0.02
10.1080:02640414.2021.2003981,=,0.03
10.1080:02640414.2021.2003981,<,0.001
10.1080:02640414.2021.2003981,<,0.001
10.1080:02640414.2021.2003981,=,0.01
10.1080:02640414.2021.2003981,=,0.007
10.1080:02640414.2021.2015946,≥,0.05
10.1080:02640414.2021.2015946,<,0.001
10.1080:02640414.2021.2015946,<,0.001
10.1080:02640414.2021.2015946,<,0.001
10.1080:02640414.2021.2015946,<,0.001
10.1080:02640414.2021.2015946,<,0.001
10.1080:02640414.2021.2015946,<,0.001
10.1080:02640414.2021.2015946,<,0.05
10.1080:02640414.2021.2015946,=,0.021
10.1080:02640414.2021.2015946,>,0.05
10.1080:02640414.2021.2015946,=,0.02
10.1080:02640414.2021.2015946,<,0.05
10.1080:02640414.2021.2015946,=,0.04
10.1080:02640414.2021.2015946,=,0.001
10.1080:02640414.2021.2015946,=,0.044
10.1080:02640414.2021.2015946,=,0.001
10.1080:02640414.2021.2015946,=,0.003
10.1080:02640414.2021.2015946,<,0.05
10.1080:02640414.2021.2015946,=,0.04
10.1080:02640414.2021.2015946,=,0.02
10.1080:02640414.2021.2015946,=,0.03
10.1080:02640414.2021.2015946,=,0.008
10.1080:02640414.2021.2015946,<,0.001
10.1080:02640414.2021.2015946,=,0.001
10.1080:02640414.2021.2015946,<,0.001
10.1080:02640414.2021.2015946,<,0.005
10.1080:02640414.2021.2015946,<,0.005
10.1080:02640414.2021.2015946,<,0.005
10.1080:02640414.2021.2015946,<,0.001
10.1080:02640414.2021.2015946,=,0.004
10.1080:02640414.2021.2015946,<,0.05
10.1080:02640414.2021.2015946,<,0.001
10.1080:02640414.2021.2015946,=,0.004
10.1080:02640414.2021.2015946,=,0.036
10.1080:02640414.2021.2015946,=,0.019
10.1080:02640414.2021.2015946,<,0.05
10.1080:02640414.2021.2015946,<,0.05
10.1080:02640414.2021.2015946,=,0.001
10.1080:02640414.2021.2015946,<,0.001
10.1080:02640414.2021.2015946,<,0.001
10.1080:02640414.2021.2015946,<,0.05
10.1080:02640414.2021.2015946,=,0.015
10.1080:02640414.2021.2015946,=,0.01
10.1080:02640414.2021.2015946,>,0.05
10.1080:02640414.2021.2015946,<,0.001
10.1080:02640414.2021.2015946,=,0.001
10.1080:02640414.2021.2015946,<,0.001
10.1080:02640414.2021.2015946,<,0.05
10.1080:02640414.2021.2015946,<,0.001
10.1080:02640414.2021.2015946,<,0.001
10.1080:02640414.2021.2015946,<,0.001
10.1080:02640414.2021.2015946,<,0.001
10.1080:02640414.2021.2015946,<,0.001
10.1080:02640414.2021.2015946,<,0.001
10.1080:02640414.2021.2015946,<,0.001
10.1080:02640414.2021.2015946,=,0.005
10.1080:02640414.2021.2015946,=,0.001
10.1080:02640414.2021.2015946,<,1e-4
10.1080:02640414.2021.2015946,=,0.014
10.1080:02640414.2021.2015946,<,1e-4
10.1080:02640414.2021.2015946,=,0.006
10.1080:02640414.2021.2015946,=,0.002
10.1080:02640414.2021.2015946,=,0.033
10.1080:02640414.2021.2015946,<,0.005
10.1080:02640414.2021.2015946,=,0.004
10.1080:02640414.2021.2015946,<,0.001
10.1080:02640414.2021.2015946,<,0.001
10.1080:02640414.2021.2015946,<,0.001
10.1080:02640414.2021.2015946,=,0.001
10.1080:02640414.2021.2015946,=,0.001
10.1080:02640414.2021.2015946,=,0.001
10.1080:02640414.2021.2015946,<,0.001
10.1080:02640414.2021.2015946,=,0.004
10.1080:02640414.2021.2015946,≤,0.05
10.1080:02640414.2021.2015946,=,0.025
10.1080:02640414.2021.2015946,=,0.009
10.1080:02640414.2021.2015946,=,0.002
10.1080:02640414.2021.2015946,=,0.003
10.1080:02640414.2021.2015946,=,0.003
10.1080:02640414.2021.2015946,≤,0.02
10.1080:02640414.2021.2015946,=,0.005
10.1080:02640414.2021.2015946,<,0.001
10.1080:02640414.2021.2015946,<,0.001
10.1080:02640414.2021.2015946,=,0.001
10.1080:02640414.2021.2015946,<,0.001
10.1080:02640414.2021.2015946,<,0.005
10.1080:02640414.2021.2015946,<,0.05
10.1080:02640414.2021.2015946,<,0.05
10.1080:02640414.2021.2015946,<,0.05
10.1080:02640414.2021.2015946,<,0.05
10.1080:02640414.2021.2015946,=,0.001
10.1080:02640414.2021.2015946,<,0.001
10.1080:02640414.2021.2015946,<,0.001
10.1080:02640414.2021.2015946,<,0.05
10.1080:02640414.2021.2015946,<,0.05
10.1080:02640414.2021.2015946,<,0.001
10.1080:02640414.2022.2080163,=,0.001
10.1080:02640414.2022.2080163,=,0.63
10.1080:02640414.2022.2080163,=,0.872
10.1080:02640414.2022.2080163,=,0.042
10.1080:02640414.2022.2080163,=,0.075
10.1080:02640414.2022.2080163,=,0.001
10.1080:02640414.2022.2080163,=,0.429
10.1080:02640414.2022.2080163,=,0.711
10.1080:02640414.2022.2080163,=,0.003
10.1080:02640414.2022.2080163,=,0.121
10.1080:02640414.2022.2080163,=,0.011
10.1080:02640414.2022.2080163,<,0.001
10.1080:02640414.2022.2080163,=,0.001
10.1080:02640414.2022.2080163,<,0.001
10.1080:02640414.2022.2080163,<,0.05
10.1080:02640414.2022.2080163,<,0.05
10.1080:02640414.2022.2094560,<,0.05
10.1080:02640414.2022.2094560,<,0.05
10.1080:02640414.2022.2094560,<,0.026
10.1080:02640414.2022.2094560,<,0.05
10.1080:02640414.2022.2094560,>,0.631
10.1080:02640414.2022.2094560,=,0.183
10.1080:02640414.2022.2094560,=,0.043
10.1080:02640414.2022.2094560,=,0.001
10.1080:02640414.2022.2094560,=,0.002
10.1080:02640414.2022.2094560,<,0.05
10.1080:02640414.2022.2094560,<,0.05
10.1080:02640414.2022.2094560,=,0.99
10.1080:02640414.2022.2094560,=,0.026
10.1080:02640414.2022.2094560,<,0.05
10.1080:02640414.2022.2094560,<,0.05
10.1080:02640414.2022.2094560,<,0.05
10.1080:02640414.2022.2094560,=,0.99
10.1080:02640414.2022.2094560,=,0.02
10.1080:02640414.2022.2094560,<,0.05
10.1080:02640414.2022.2094560,<,0.05
10.1080:02640414.2022.2094560,=,0.628
10.1080:02640414.2022.2094560,=,0.204
10.1080:02640414.2022.2094560,<,0.05
10.1080:02640414.2022.2094560,<,0.05
10.1080:02640414.2022.2094560,<,0.05
10.1080:02640414.2022.2094560,<,0.05
10.1080:02640414.2022.2094560,<,0.05
10.1080:02640414.2022.2094560,<,0.05
10.1080:02640414.2022.2094560,<,0.05
10.1080:02640414.2022.2094560,<,0.05
10.1080:02640414.2022.2103615,≥,0.248
10.1080:02640414.2022.2145737,<,0.05
10.1080:02640414.2022.2145737,=,0.001
10.1080:02640414.2022.2145737,<,0.001
10.1080:02640414.2022.2145737,<,0.001
10.1080:02640414.2022.2150419,=,0.11
10.1080:02640414.2022.2150419,<,0.001
10.1080:02640414.2022.2150419,=,0.53
10.1080:02640414.2022.2150419,<,0.001
10.1080:02640414.2022.2150419,<,0.001
10.1080:02640414.2022.2150419,=,0.302
10.1080:02640414.2022.2150419,<,0.05
10.1080:02640414.2022.2150419,=,0.15
10.1080:02640414.2022.2150419,<,0.05
10.1080:02640414.2022.2150419,=,0.521
10.1080:02640414.2022.2150419,=,0.888
10.1080:02640414.2022.2150419,<,0.05
10.1080:02640414.2022.2150419,=,0.16
10.1080:02640414.2022.2150419,<,0.05
10.1080:02640414.2022.2150419,=,1
10.1080:02640414.2022.2150419,=,0.385
10.1080:02640414.2022.2150419,<,0.001
10.1080:02640414.2022.2150419,=,0.31
10.1080:02640414.2022.2150419,<,0.05
10.1080:02640414.2023.2184770,≤,0.001
10.1080:02640414.2023.2184770,≤,0.05
10.1080:02640414.2023.2184770,≤,0.05
10.1080:02640414.2023.2184770,≤,0.05
10.1080:02640414.2023.2184770,≤,0.001
10.1080:02640414.2023.2184770,≤,0.05
10.1080:02640414.2023.2184770,>,0.05
10.1080:02640414.2023.2184770,≤,0.001
10.1080:02640414.2023.2193451,<,0.082
10.1080:02640414.2023.2193451,<,0.046
10.1080:02640414.2023.2193451,>,0.05
10.1080:02640414.2023.2193451,<,0.047
10.1080:02640414.2023.2193451,>,0.05
10.1080:02640414.2023.2193451,=,0.024
10.1080:02640414.2023.2193451,≤,0.05
10.1080:02640414.2023.2193451,=,0.024
10.1080:02640414.2023.2193451,=,0.046
10.1080:02640414.2023.2193451,<,0.001
10.1080:02640414.2023.2193451,≤,0.3
10.1080:02640414.2023.2193451,=,0.046
10.1080:02640414.2023.2193451,=,0.047
10.1080:02640414.2023.2193451,=,0.01
10.1080:02640414.2023.2193451,=,0.596
10.1080:02640414.2023.2193451,=,0.056
10.1080:02640414.2023.2193451,=,0.019
10.1080:02640414.2023.2193451,=,0.017
10.1080:02640414.2023.2193451,=,0.02
10.1080:02640414.2023.2193451,=,0.007
10.1080:02640414.2023.2193451,=,0.076
10.1080:17461391.2019.1585478,=,0.034
10.1080:17461391.2019.1585478,<,0.01
10.1080:17461391.2019.1585478,=,0.05
10.1080:17461391.2019.1585478,>,0.05
10.1080:17461391.2019.1585478,=,0.019
10.1080:17461391.2019.1585478,=,0.034
10.1080:17461391.2019.1585478,=,0.022
10.1080:17461391.2019.1585478,<,0.001
10.1080:17461391.2019.1585478,=,0.003
10.1080:17461391.2019.1585478,=,0.019
10.1080:17461391.2019.1585478,=,0.581
10.1080:17461391.2019.1585478,=,0.009
10.1080:17461391.2019.1585478,<,0.001
10.1080:17461391.2019.1585478,=,0.062
10.1080:17461391.2019.1585478,>,0.05
10.1080:17461391.2019.1585478,>,0.05
10.1080:17461391.2019.1585478,<,0.001
10.1080:17461391.2019.1585478,<,0.001
10.1080:17461391.2019.1585478,=,0.019
10.1080:17461391.2019.1585478,<,0.001
10.1080:17461391.2019.1585478,<,0.001
10.1080:17461391.2019.1585478,=,0.004
10.1080:17461391.2019.1585478,=,0.001
10.1080:17461391.2019.1585478,>,0.05
10.1080:17461391.2019.1585478,=,0.007
10.1080:17461391.2019.1585478,=,0.017
10.1080:17461391.2019.1585478,=,0.044
10.1080:17461391.2019.1585478,<,0.05
10.1080:17461391.2019.1585478,>,0.05
10.1080:17461391.2019.1585478,=,0.017
10.1080:17461391.2019.1585478,<,0.05
10.1080:17461391.2019.1585478,>,0.05
10.1080:17461391.2019.1585478,=,0.003
10.1080:17461391.2019.1585478,<,0.001
10.1080:17461391.2019.1585478,=,0.003
10.1080:17461391.2019.1585478,>,0.05
10.1080:17461391.2019.1585478,<,0.001
10.1080:17461391.2019.1585478,<,0.05
10.1080:17461391.2019.1585478,=,0.003
10.1080:17461391.2019.1585478,=,0.038
10.1080:17461391.2019.1585478,>,0.05
10.1080:17461391.2019.1585478,=,0.001
10.1080:17461391.2019.1585478,>,0.05
10.1080:17461391.2019.1585478,>,0.05
10.1080:17461391.2019.1585478,<,0.05
10.1080:17461391.2019.1585478,<,0.05
10.1080:17461391.2019.1585478,<,0.05
10.1080:17461391.2019.1585478,<,0.05
10.1080:17461391.2019.1585478,=,0.003
10.1080:17461391.2019.1585478,<,0.001
10.1080:17461391.2019.1585478,<,0.001
10.1080:17461391.2019.1585478,<,0.001
10.1080:17461391.2019.1585478,>,0.05
10.1080:17461391.2019.1585478,<,0.001
10.1080:17461391.2019.1585478,=,0.046
10.1080:17461391.2019.1585478,=,0.001
10.1080:17461391.2019.1585478,<,0.01
10.1080:17461391.2019.1585478,=,0.089
10.1080:17461391.2019.1585478,=,0.01
10.1080:17461391.2019.1585478,>,0.05
10.1080:17461391.2019.1585478,<,0.05
10.1080:17461391.2019.1585478,<,0.05
10.1080:17461391.2019.1585478,=,0.022
10.1080:17461391.2019.1585478,<,0.05
10.1080:17461391.2019.1585478,<,0.05
10.1080:17461391.2019.1595739,<,0.001
10.1080:17461391.2019.1595739,=,0.341
10.1080:17461391.2019.1595739,=,0.999
10.1080:17461391.2019.1595739,<,0.001
10.1080:17461391.2019.1595739,=,0.023
10.1080:17461391.2019.1595739,<,0.001
10.1080:17461391.2019.1595739,=,0.056
10.1080:17461391.2019.1595739,<,0.001
10.1080:17461391.2019.1595739,<,0.001
10.1080:17461391.2019.1595739,=,0.012
10.1080:17461391.2019.1595739,<,0.018
10.1080:17461391.2019.1595739,=,0.038
10.1080:17461391.2019.1595739,<,0.009
10.1080:17461391.2019.1606942,≤,0.005
10.1080:17461391.2019.1606942,≥,0.21
10.1080:17461391.2019.1606942,=,0.067
10.1080:17461391.2019.1606942,≥,0.057
10.1080:17461391.2019.1606942,=,0.004
10.1080:17461391.2019.1606942,=,0.54
10.1080:17461391.2019.1606942,=,0.15
10.1080:17461391.2019.1606942,<,0.001
10.1080:17461391.2019.1606942,=,0.008
10.1080:17461391.2019.1606942,=,0.005
10.1080:17461391.2019.1606942,=,0.287
10.1080:17461391.2019.1606942,=,0.193
10.1080:17461391.2019.1606942,<,0.001
10.1080:17461391.2019.1606942,<,0.001
10.1080:17461391.2019.1606942,=,0.118
10.1080:17461391.2019.1606942,=,0.013
10.1080:17461391.2019.1606942,=,0.106
10.1080:17461391.2019.1606942,=,0.002
10.1080:17461391.2019.1606942,=,0.145
10.1080:17461391.2019.1606942,=,0.213
10.1080:17461391.2019.1606942,<,0.001
10.1080:17461391.2019.1606942,=,0.006
10.1080:17461391.2019.1611931,=,0.05
10.1080:17461391.2019.1611931,<,0.05
10.1080:17461391.2019.1611931,=,0.917
10.1080:17461391.2019.1611931,=,0.078
10.1080:17461391.2019.1611931,=,0.09
10.1080:17461391.2019.1611931,=,0.917
10.1080:17461391.2019.1611931,=,0.01
10.1080:17461391.2019.1611931,<,0.001
10.1080:17461391.2019.1611931,=,0.21
10.1080:17461391.2019.1611931,<,0.001
10.1080:17461391.2019.1611931,=,0.19
10.1080:17461391.2019.1611931,<,0.001
10.1080:17461391.2019.1611931,=,0.18
10.1080:17461391.2019.1611931,=,0.261
10.1080:17461391.2019.1611931,=,0.08
10.1080:17461391.2019.1611931,<,0.05
10.1080:17461391.2019.1611931,=,0.9
10.1080:17461391.2019.1611931,<,0.01
10.1080:17461391.2019.1611931,=,0.98
10.1080:17461391.2019.1611931,<,0.01
10.1080:17461391.2019.1611931,<,0.01
10.1080:17461391.2019.1611931,<,0.01
10.1080:17461391.2019.1611931,<,0.01
10.1080:17461391.2019.1611931,<,0.05
10.1080:17461391.2019.1611931,<,0.05
10.1080:17461391.2019.1611931,<,0.01
10.1080:17461391.2019.1611934,=,0.001
10.1080:17461391.2019.1611934,>,0.05
10.1080:17461391.2019.1611934,<,0.05
10.1080:17461391.2019.1611934,<,0.05
10.1080:17461391.2019.1612949,=,0.02
10.1080:17461391.2019.1612949,=,0.076
10.1080:17461391.2019.1612949,=,0.04
10.1080:17461391.2019.1612949,=,0.025
10.1080:17461391.2019.1612949,=,0.003
10.1080:17461391.2019.1612949,<,0.001
10.1080:17461391.2019.1612949,<,0.001
10.1080:17461391.2019.1612949,=,0.017
10.1080:17461391.2019.1612949,=,0.076
10.1080:17461391.2019.1612949,=,0.04
10.1080:17461391.2019.1612949,=,0.004
10.1080:17461391.2019.1612949,=,0.017
10.1080:17461391.2019.1612949,=,0.941
10.1080:17461391.2019.1612949,<,0.001
10.1080:17461391.2019.1612949,=,0.159
10.1080:17461391.2019.1612949,=,0.843
10.1080:17461391.2019.1612949,<,0.001
10.1080:17461391.2019.1612949,<,0.001
10.1080:17461391.2019.1612949,<,0.001
10.1080:17461391.2019.1612949,<,0.05
10.1080:17461391.2019.1626911,<,0.05
10.1080:17461391.2019.1626911,<,0.05
10.1080:17461391.2019.1626911,<,0.05
10.1080:17461391.2019.1626911,<,0.05
10.1080:17461391.2019.1626911,<,0.05
10.1080:17461391.2019.1626911,<,0.05
10.1080:17461391.2019.1626911,=,0.002
10.1080:17461391.2019.1626911,=,0.02
10.1080:17461391.2019.1626911,<,0.001
10.1080:17461391.2019.1626911,=,0.002
10.1080:17461391.2019.1626911,<,0.001
10.1080:17461391.2019.1626911,<,0.05
10.1080:17461391.2019.1626911,<,0.001
10.1080:17461391.2019.1626911,<,0.001
10.1080:17461391.2019.1626911,<,0.001
10.1080:17461391.2019.1626911,=,0.003
10.1080:17461391.2019.1626911,=,0.04
10.1080:17461391.2019.1626911,=,0.09
10.1080:17461391.2019.1626911,<,0.001
10.1080:17461391.2019.1626911,<,0.01
10.1080:17461391.2019.1626911,<,0.05
10.1080:17461391.2019.1626911,<,0.05
10.1080:17461391.2019.1626911,<,0.05
10.1080:17461391.2019.1626911,<,0.05
10.1080:17461391.2019.1626911,=,0.003
10.1080:17461391.2019.1626911,=,0.28
10.1080:17461391.2019.1626911,=,0.014
10.1080:17461391.2019.1626911,<,0.05
10.1080:17461391.2019.1626911,<,0.05
10.1080:17461391.2019.1626911,<,0.05
10.1080:17461391.2019.1626911,<,0.05
10.1080:17461391.2019.1626911,<,0.05
10.1080:17461391.2020.1722255,=,0.002
10.1080:17461391.2020.1722255,=,0.003
10.1080:17461391.2020.1722255,=,0.006
10.1080:17461391.2020.1722255,=,0.677
10.1080:17461391.2020.1722255,=,0.023
10.1080:17461391.2020.1722255,=,0.214
10.1080:17461391.2020.1722255,=,0.011
10.1080:17461391.2020.1722255,=,0.629
10.1080:17461391.2020.1722255,=,0.305
10.1080:17461391.2020.1722255,=,0.048
10.1080:17461391.2020.1722255,=,0.575
10.1080:17461391.2020.1722255,=,1
10.1080:17461391.2020.1722757,>,0.05
10.1080:17461391.2020.1722757,>,0.05
10.1080:17461391.2020.1722757,<,0.001
10.1080:17461391.2020.1722757,>,0.05
10.1080:17461391.2020.1722757,>,0.05
10.1080:17461391.2020.1722757,=,0.94
10.1080:17461391.2020.1722757,=,0.86
10.1080:17461391.2020.1722757,<,0.001
10.1080:17461391.2020.1722757,>,0.05
10.1080:17461391.2020.1722757,>,0.05
10.1080:17461391.2020.1722757,=,0.08
10.1080:17461391.2020.1722757,=,0.05
10.1080:17461391.2020.1725137,<,0.01
10.1080:17461391.2020.1725137,<,0.01
10.1080:17461391.2020.1725137,=,0.82
10.1080:17461391.2020.1725137,=,0.92
10.1080:17461391.2020.1725137,<,0.01
10.1080:17461391.2020.1725137,=,0.04
10.1080:17461391.2020.1725137,=,0.02
10.1080:17461391.2020.1725137,=,0.79
10.1080:17461391.2020.1725137,=,0.2
10.1080:17461391.2020.1725137,=,0.51
10.1080:17461391.2020.1725137,<,0.05
10.1080:17461391.2020.1728389,<,0.05
10.1080:17461391.2020.1728389,<,0.05
10.1080:17461391.2020.1728389,<,0.05
10.1080:17461391.2020.1728389,<,0.01
10.1080:17461391.2020.1728389,<,0.05
10.1080:17461391.2020.1728389,<,0.05
10.1080:17461391.2020.1728389,<,0.05
10.1080:17461391.2020.1728389,>,0.05
10.1080:17461391.2020.1728389,<,0.05
10.1080:17461391.2020.1728389,<,0.05
10.1080:17461391.2020.1728389,<,0.05
10.1080:17461391.2020.1728389,<,0.05
10.1080:17461391.2020.1728389,<,0.05
10.1080:17461391.2020.1728389,<,0.05
10.1080:17461391.2020.1728389,<,0.05
10.1080:17461391.2020.1730447,>,0.05
10.1080:17461391.2020.1730447,<,0.05
10.1080:17461391.2020.1730447,>,0.05
10.1080:17461391.2020.1730447,<,0.05
10.1080:17461391.2020.1730447,=,0.92
10.1080:17461391.2020.1730447,=,0.966
10.1080:17461391.2020.1730447,=,0.92
10.1080:17461391.2020.1730447,=,0.014
10.1080:17461391.2020.1730447,=,0.012
10.1080:17461391.2020.1730447,=,0.041
10.1080:17461391.2020.1730447,=,0.045
10.1080:17461391.2020.1730447,=,0.87
10.1080:17461391.2020.1730447,=,0.805
10.1080:17461391.2020.1730447,<,0.001
10.1080:17461391.2020.1730447,=,0.915
10.1080:17461391.2020.1730447,=,0.039
10.1080:17461391.2020.1730447,=,0.016
10.1080:17461391.2020.1730447,=,0.022
10.1080:17461391.2020.1730447,=,0.025
10.1080:17461391.2020.1730447,=,0.552
10.1080:17461391.2020.1730447,=,0.338
10.1080:17461391.2020.1730447,=,0.006
10.1080:17461391.2020.1730447,=,0.036
10.1080:17461391.2020.1730447,=,0.055
10.1080:17461391.2020.1730447,<,0.001
10.1080:17461391.2020.1730447,<,0.001
10.1080:17461391.2020.1730447,<,0.05
10.1080:17461391.2020.1730447,>,0.05
10.1080:17461391.2020.1730447,<,0.05
10.1080:17461391.2020.1730447,<,0.05
10.1080:17461391.2020.1730447,>,0.05
10.1080:17461391.2020.1730447,=,0.165
10.1080:17461391.2020.1730447,=,0.994
10.1080:17461391.2020.1730447,=,0.007
10.1080:17461391.2020.1730447,=,0.042
10.1080:17461391.2020.1730447,>,0.05
10.1080:17461391.2020.1730447,>,0.05
10.1080:17461391.2020.1730447,<,0.001
10.1080:17461391.2020.1730447,=,0.003
10.1080:17461391.2020.1730447,=,0.178
10.1080:17461391.2020.1730447,>,0.05
10.1080:17461391.2020.1730447,=,0.003
10.1080:17461391.2020.1730447,<,0.001
10.1080:17461391.2020.1730447,>,0.999
10.1080:17461391.2020.1730447,=,0.034
10.1080:17461391.2020.1730447,=,0.194
10.1080:17461391.2020.1730447,=,0.619
10.1080:17461391.2020.1730447,>,0.05
10.1080:17461391.2020.1730447,>,0.05
10.1080:17461391.2020.1730447,<,0.001
10.1080:17461391.2020.1730447,=,0.009
10.1080:17461391.2020.1730447,<,0.001
10.1080:17461391.2020.1730447,<,0.05
10.1080:17461391.2020.1730447,>,0.999
10.1080:17461391.2020.1730447,=,0.006
10.1080:17461391.2020.1730447,=,0.189
10.1080:17461391.2020.1730447,=,0.228
10.1080:17461391.2020.1730447,<,0.05
10.1080:17461391.2020.1730447,<,0.001
10.1080:17461391.2020.1730447,=,0.127
10.1080:17461391.2020.1730447,=,0.774
10.1080:17461391.2020.1730447,=,0.029
10.1080:17461391.2020.1730447,=,0.019
10.1080:17461391.2020.1730447,=,0.974
10.1080:17461391.2020.1730447,=,0.094
10.1080:17461391.2020.1730980,>,0.05
10.1080:17461391.2020.1730980,<,0.05
10.1080:17461391.2020.1730980,=,0.0027
10.1080:17461391.2020.1730980,<,1e-4
10.1080:17461391.2020.1730980,=,4e-4
10.1080:17461391.2020.1730980,=,0.0045
10.1080:17461391.2020.1730980,=,0.642
10.1080:17461391.2020.1730980,=,0.0332
10.1080:17461391.2020.1730980,=,0.0023
10.1080:17461391.2020.1730980,<,1e-4
10.1080:17461391.2020.1730980,=,0.04
10.1080:17461391.2020.1730980,=,0.004
10.1080:17461391.2020.1739144,<,0.001
10.1080:17461391.2020.1739144,=,0.629
10.1080:17461391.2020.1739144,=,0.066
10.1080:17461391.2020.1744736,<,0.01
10.1080:17461391.2020.1765026,=,0.05
10.1080:17461391.2020.1765026,<,0.05
10.1080:17461391.2020.1771428,>,0.05
10.1080:17461391.2020.1771428,>,0.05
10.1080:17461391.2020.1771428,=,0.08
10.1080:17461391.2020.1771428,>,0.05
10.1080:17461391.2020.1771428,>,0.05
10.1080:17461391.2020.1771428,>,0.05
10.1080:17461391.2020.1771428,<,0.05
10.1080:17461391.2020.1771428,>,0.05
10.1080:17461391.2020.1771428,>,0.05
10.1080:17461391.2020.1771428,>,0.05
10.1080:17461391.2020.1771428,>,0.05
10.1080:17461391.2020.1771428,=,0.08
10.1080:17461391.2020.1771428,>,0.05
10.1080:17461391.2020.1771428,=,0.981
10.1080:17461391.2020.1771428,>,0.05
10.1080:17461391.2020.1771428,>,0.05
10.1080:17461391.2020.1771428,>,0.05
10.1080:17461391.2020.1771428,>,0.05
10.1080:17461391.2020.1771428,>,0.05
10.1080:17461391.2020.1771428,=,0.09
10.1080:17461391.2020.1771428,>,0.05
10.1080:17461391.2020.1771428,>,0.05
10.1080:17461391.2020.1771428,>,0.05
10.1080:17461391.2020.1771428,>,0.05
10.1080:17461391.2020.1771428,>,0.05
10.1080:17461391.2020.1771428,<,0.05
10.1080:17461391.2020.1771428,>,0.05
10.1080:17461391.2020.1771428,>,0.05
10.1080:17461391.2020.1771428,>,0.05
10.1080:17461391.2020.1771428,<,0.05
10.1080:17461391.2020.1771428,>,0.05
10.1080:17461391.2020.1771428,>,0.05
10.1080:17461391.2020.1771428,>,0.05
10.1080:17461391.2020.1771428,>,0.05
10.1080:17461391.2020.1771428,<,0.05
10.1080:17461391.2020.1783369,>,0.05
10.1080:17461391.2020.1783369,=,0.03
10.1080:17461391.2020.1783369,=,0.71
10.1080:17461391.2020.1783369,>,0.05
10.1080:17461391.2020.1783369,<,0.05
10.1080:17461391.2020.1783369,<,0.01
10.1080:17461391.2020.1783369,<,0.01
10.1080:17461391.2020.1783369,<,0.01
10.1080:17461391.2020.1783369,<,0.01
10.1080:17461391.2020.1783369,<,0.01
10.1080:17461391.2020.1783369,<,0.01
10.1080:17461391.2020.1783369,<,0.01
10.1080:17461391.2020.1783369,<,0.01
10.1080:17461391.2020.1783369,<,0.01
10.1080:17461391.2020.1783369,=,0.015
10.1080:17461391.2020.1783369,=,0.03
10.1080:17461391.2020.1783369,=,0.03
10.1080:17461391.2020.1783369,=,0.08
10.1080:17461391.2020.1783369,<,0.05
10.1080:17461391.2020.1788648,<,0.05
10.1080:17461391.2020.1788648,=,0.03
10.1080:17461391.2020.1788648,=,0.017
10.1080:17461391.2020.1788648,=,0.027
10.1080:17461391.2020.1788648,=,0.034
10.1080:17461391.2020.1788648,=,0.45
10.1080:17461391.2020.1788648,=,0.009
10.1080:17461391.2020.1788648,<,0.05
10.1080:17461391.2020.1797890,<,0.01
10.1080:17461391.2020.1797890,=,0.1
10.1080:17461391.2020.1797890,<,0.001
10.1080:17461391.2020.1797890,<,0.05
10.1080:17461391.2020.1797890,<,0.05
10.1080:17461391.2020.1797890,<,0.05
10.1080:17461391.2020.1797890,<,0.001
10.1080:17461391.2020.1797890,=,0.08
10.1080:17461391.2020.1797890,<,0.001
10.1080:17461391.2020.1797890,<,0.01
10.1080:17461391.2020.1797890,=,0.02
10.1080:17461391.2020.1797890,=,0.13
10.1080:17461391.2020.1797890,<,0.001
10.1080:17461391.2020.1797890,>,0.05
10.1080:17461391.2020.1797890,<,0.001
10.1080:17461391.2020.1797890,<,0.05
10.1080:17461391.2020.1797890,<,0.01
10.1080:17461391.2020.1797890,<,0.001
10.1080:17461391.2020.1797890,<,0.01
10.1080:17461391.2020.1797890,<,0.001
10.1080:17461391.2020.1797890,<,0.001
10.1080:17461391.2020.1797890,=,0.08
10.1080:17461391.2020.1797890,<,0.05
10.1080:17461391.2020.1797890,<,0.01
10.1080:17461391.2020.1797890,<,0.05
10.1080:17461391.2020.1798511,<,0.001
10.1080:17461391.2020.1798511,=,0.001
10.1080:17461391.2020.1798511,=,0.001
10.1080:17461391.2020.1798511,=,0.002
10.1080:17461391.2020.1798511,=,0.001
10.1080:17461391.2020.1798511,<,0.05
10.1080:17461391.2020.1798511,<,0.05
10.1080:17461391.2020.1800104,<,0.001
10.1080:17461391.2020.1800104,=,0.334
10.1080:17461391.2020.1800104,<,0.001
10.1080:17461391.2020.1800104,<,0.001
10.1080:17461391.2020.1800104,<,0.001
10.1080:17461391.2020.1800104,=,0.334
10.1080:17461391.2020.1800104,=,0.103
10.1080:17461391.2020.1800104,=,0.978
10.1080:17461391.2020.1800104,=,0.75
10.1080:17461391.2020.1800104,=,0.885
10.1080:17461391.2020.1800104,=,0.805
10.1080:17461391.2020.1800104,=,0.466
10.1080:17461391.2020.1800104,=,0.5
10.1080:17461391.2020.1800104,=,0.432
10.1080:17461391.2020.1800104,=,0.369
10.1080:17461391.2020.1800104,=,0.322
10.1080:17461391.2020.1800104,=,0.688
10.1080:17461391.2020.1800104,=,0.327
10.1080:17461391.2020.1800104,=,0.542
10.1080:17461391.2020.1800104,=,0.468
10.1080:17461391.2020.1800104,<,0.001
10.1080:17461391.2020.1800104,=,0.082
10.1080:17461391.2020.1800104,<,0.001
10.1080:17461391.2020.1800104,=,0.328
10.1080:17461391.2020.1800104,=,0.847
10.1080:17461391.2020.1800104,=,0.689
10.1080:17461391.2020.1800104,=,0.399
10.1080:17461391.2020.1800104,=,0.259
10.1080:17461391.2020.1800104,=,0.334
10.1080:17461391.2020.1800104,<,0.001
10.1080:17461391.2020.1800104,=,0.978
10.1080:17461391.2020.1800104,=,0.103
10.1080:17461391.2020.1800104,<,0.001
10.1080:17461391.2020.1800104,=,0.082
10.1080:17461391.2020.1802516,≤,0.05
10.1080:17461391.2020.1802516,>,0.05
10.1080:17461391.2020.1802516,>,0.05
10.1080:17461391.2020.1802516,>,0.05
10.1080:17461391.2020.1802516,>,0.05
10.1080:17461391.2020.1802516,>,0.05
10.1080:17461391.2020.1802516,≤,0.05
10.1080:17461391.2020.1809713,<,0.001
10.1080:17461391.2020.1809713,<,0.001
10.1080:17461391.2020.1809713,<,0.001
10.1080:17461391.2020.1809713,=,0.07
10.1080:17461391.2020.1809713,<,0.05
10.1080:17461391.2020.1809713,<,0.001
10.1080:17461391.2020.1809713,<,0.001
10.1080:17461391.2020.1809713,<,0.001
10.1080:17461391.2020.1809713,=,0.071
10.1080:17461391.2020.1809714,<,0.001
10.1080:17461391.2020.1809714,<,0.001
10.1080:17461391.2020.1809714,<,0.001
10.1080:17461391.2020.1809714,<,0.001
10.1080:17461391.2020.1809714,=,0.809
10.1080:17461391.2020.1809714,=,0.002
10.1080:17461391.2020.1809714,=,0.006
10.1080:17461391.2020.1809714,=,0.002
10.1080:17461391.2020.1809714,=,0.023
10.1080:17461391.2020.1809714,=,0.407
10.1080:17461391.2020.1809714,=,0.451
10.1080:17461391.2020.1809714,=,0.791
10.1080:17461391.2020.1809714,<,0.013
10.1080:17461391.2020.1809714,<,0.013
10.1080:17461391.2020.1810782,≤,0.0312
10.1080:17461391.2020.1810782,≤,2e-4
10.1080:17461391.2020.1810782,≤,0.023
10.1080:17461391.2020.1810782,=,0.033
10.1080:17461391.2020.1810782,<,0.05
10.1080:17461391.2020.1810782,<,0.05
10.1080:17461391.2020.1810782,=,2e-4
10.1080:17461391.2020.1810782,=,1e-4
10.1080:17461391.2020.1810782,=,0.012
10.1080:17461391.2020.1810782,=,0.042
10.1080:17461391.2020.1810782,=,0.008
10.1080:17461391.2020.1810782,=,0.07
10.1080:17461391.2020.1810782,=,0.011
10.1080:17461391.2020.1810782,=,0.004
10.1080:17461391.2020.1810782,=,0.065
10.1080:17461391.2020.1810782,=,0.023
10.1080:17461391.2020.1810782,=,0.02
10.1080:17461391.2020.1810782,=,0.078
10.1080:17461391.2020.1810782,=,0.076
10.1080:17461391.2020.1810782,=,0.033
10.1080:17461391.2020.1810782,=,0.073
10.1080:17461391.2020.1810782,=,0.108
10.1080:17461391.2020.1810782,<,0.05
10.1080:17461391.2020.1810782,<,0.05
10.1080:17461391.2020.1810782,<,0.05
10.1080:17461391.2020.1817155,<,0.05
10.1080:17461391.2020.1817155,>,0.05
10.1080:17461391.2020.1817155,>,0.05
10.1080:17461391.2020.1817155,<,0.05
10.1080:17461391.2020.1817155,<,0.05
10.1080:17461391.2020.1817155,<,0.05
10.1080:17461391.2020.1817155,=,0.06
10.1080:17461391.2020.1817155,>,0.05
10.1080:17461391.2020.1817155,>,0.05
10.1080:17461391.2020.1817155,>,0.05
10.1080:17461391.2020.1817155,<,0.001
10.1080:17461391.2020.1817155,>,0.05
10.1080:17461391.2020.1817155,=,0.356
10.1080:17461391.2020.1817155,=,0.151
10.1080:17461391.2020.1817155,=,0.012
10.1080:17461391.2020.1817155,=,0.378
10.1080:17461391.2020.1817155,=,0.18
10.1080:17461391.2020.1817155,=,0.937
10.1080:17461391.2020.1817155,<,0.001
10.1080:17461391.2020.1817155,=,0.866
10.1080:17461391.2020.1817155,=,0.008
10.1080:17461391.2020.1817155,<,0.001
10.1080:17461391.2020.1817155,=,0.515
10.1080:17461391.2020.1817155,=,0.177
10.1080:17461391.2020.1817155,=,0.012
10.1080:17461391.2020.1817155,>,0.05
10.1080:17461391.2020.1838617,<,1e-4
10.1080:17461391.2020.1838617,<,1e-4
10.1080:17461391.2020.1838617,<,1e-4
10.1080:17461391.2020.1838617,=,0.8158
10.1080:17461391.2020.1838617,=,0.003
10.1080:17461391.2020.1838617,<,1e-4
10.1080:17461391.2020.1838617,=,0.9908
10.1080:17461391.2020.1838617,=,0.9964
10.1080:17461391.2020.1838617,=,0.0039
10.1080:17461391.2020.1838617,<,1e-4
10.1080:17461391.2020.1838617,<,1e-4
10.1080:17461391.2020.1838617,<,1e-4
10.1080:17461391.2020.1838617,=,0.1227
10.1080:17461391.2020.1838617,=,0.1001
10.1080:17461391.2020.1838617,=,0.0813
10.1080:17461391.2020.1838617,=,0.0226
10.1080:17461391.2020.1838617,=,0.0215
10.1080:17461391.2020.1838617,=,0.016
10.1080:17461391.2020.1838617,=,0.0191
10.1080:17461391.2020.1838617,=,0.0457
10.1080:17461391.2020.1838617,=,0.0083
10.1080:17461391.2020.1838617,=,0.0452
10.1080:17461391.2020.1838617,=,6e-4
10.1080:17461391.2020.1838617,<,1e-4
10.1080:17461391.2020.1838617,<,0.05
10.1080:17461391.2020.1838617,<,0.05
10.1080:17461391.2020.1838620,<,0.05
10.1080:17461391.2020.1838620,<,0.05
10.1080:17461391.2020.1838620,<,0.01
10.1080:17461391.2020.1838620,<,0.05
10.1080:17461391.2020.1838620,<,0.05
10.1080:17461391.2020.1845816,<,0.05
10.1080:17461391.2020.1845816,<,0.001
10.1080:17461391.2020.1845816,=,0.044
10.1080:17461391.2020.1845816,=,0.004
10.1080:17461391.2020.1845816,>,0.05
10.1080:17461391.2020.1845816,<,0.05
10.1080:17461391.2020.1845816,<,0.001
10.1080:17461391.2020.1845816,=,0.537
10.1080:17461391.2020.1845816,=,0.006
10.1080:17461391.2020.1845816,<,0.001
10.1080:17461391.2020.1845816,=,0.03
10.1080:17461391.2020.1845816,=,0.228
10.1080:17461391.2020.1845816,=,0.132
10.1080:17461391.2020.1845816,=,0.203
10.1080:17461391.2020.1845816,=,0.08
10.1080:17461391.2020.1845816,=,0.223
10.1080:17461391.2020.1845816,=,0.125
10.1080:17461391.2020.1845816,=,0.188
10.1080:17461391.2020.1845816,=,0.102
10.1080:17461391.2020.1845816,=,0.204
10.1080:17461391.2020.1845816,=,0.03
10.1080:17461391.2020.1845816,=,0.295
10.1080:17461391.2020.1845816,<,0.05
10.1080:17461391.2020.1845816,=,0.004
10.1080:17461391.2020.1845816,=,0.044
10.1080:17461391.2020.1845816,=,1
10.1080:17461391.2020.1845816,=,1
10.1080:17461391.2020.1845816,=,0.028
10.1080:17461391.2020.1845816,=,0.301
10.1080:17461391.2020.1845816,=,0.018
10.1080:17461391.2020.1845816,=,0.332
10.1080:17461391.2020.1845816,=,0.025
10.1080:17461391.2020.1845816,=,0.02
10.1080:17461391.2020.1845816,>,0.05
10.1080:17461391.2020.1845816,=,0.006
10.1080:17461391.2020.1845816,=,0.585
10.1080:17461391.2020.1845816,=,0.006
10.1080:17461391.2020.1845816,>,0.05
10.1080:17461391.2020.1845816,=,1e-4
10.1080:17461391.2020.1845816,=,3e-4
10.1080:17461391.2020.1857441,>,0.05
10.1080:17461391.2020.1857441,=,0.02
10.1080:17461391.2020.1857441,<,0.05
10.1080:17461391.2020.1857441,=,0.041
10.1080:17461391.2020.1857441,=,0.041
10.1080:17461391.2020.1857441,=,0.02
10.1080:17461391.2020.1857441,=,0.093
10.1080:17461391.2020.1862305,=,0.029
10.1080:17461391.2020.1862305,=,0.091
10.1080:17461391.2020.1862305,=,0.059
10.1080:17461391.2020.1862305,>,0.05
10.1080:17461391.2020.1862305,<,0.05
10.1080:17461391.2020.1862305,<,0.01
10.1080:17461391.2020.1862305,<,0.05
10.1080:17461391.2020.1862305,<,0.01
10.1080:17461391.2020.1862305,>,0.05
10.1111:sms.13729,=,0.04
10.1111:sms.14053,<,0.03
10.1111:sms.14053,>,0.43
10.1111:sms.14053,<,0.04
10.1111:sms.14053,<,0.001
10.1111:sms.14053,<,0.001
10.1111:sms.14053,<,0.05
10.1111:sms.14053,>,0.3
10.1111:sms.14053,<,0.065
10.1111:sms.14053,>,0.06
10.1111:sms.14053,<,0.13
10.1111:sms.14053,>,0.47
10.1111:sms.14053,<,0.001
10.1111:sms.14053,=,0.61
10.1111:sms.14053,<,0.03
10.1111:sms.14053,=,0.15
10.1111:sms.14053,=,0.06
10.1111:sms.14053,>,0.36
10.1111:sms.14053,<,0.001
10.1111:sms.14053,>,0.43
10.1111:sms.14053,<,0.001
10.1111:sms.14053,>,0.39
10.1111:sms.14053,=,0.03
10.1111:sms.14053,=,0.1
10.1111:sms.14053,<,0.01
10.1111:sms.14053,=,0.04
10.1111:sms.14053,>,0.21
10.1111:sms.14053,<,0.07
10.1111:sms.14053,=,0.01
10.1111:sms.14053,=,0.13
10.1111:sms.14053,>,0.43
10.1111:sms.14053,<,0.001
10.1111:sms.14053,>,0.53
10.1111:sms.14053,>,0.61
10.1111:sms.14053,<,0.01
10.1111:sms.14053,>,0.26
10.1111:sms.14053,<,0.001
10.1111:sms.14053,>,0.39
10.1111:sms.14053,<,0.001
10.1111:sms.14053,=,0.19
10.1111:sms.14053,<,0.01
10.1111:sms.14053,>,0.59
10.1111:sms.14053,>,0.41
10.1111:sms.14053,<,0.04
10.1111:sms.14053,=,0.02
10.1111:sms.14053,=,0.12
10.1111:sms.14053,<,0.04
10.1111:sms.14053,<,0.001
10.1111:sms.14053,<,0.001
10.1111:sms.14053,=,0.01
10.1111:sms.14053,<,0.001
10.1111:sms.14053,>,0.22
10.1111:sms.14053,>,0.07
10.1111:sms.14053,<,0.02
10.1111:sms.14053,>,0.2
10.1111:sms.14053,>,0.56
10.1111:sms.14053,<,0.01
10.1111:sms.14053,>,0.07
10.1111:sms.14053,<,0.13
10.1111:sms.14053,<,0.05
10.1111:sms.14053,<,0.01
10.1111:sms.14053,<,0.001
10.1111:sms.14053,<,0.02
10.1111:sms.14053,>,0.18
10.1111:sms.14053,<,0.92
10.1111:sms.14053,<,0.01
10.1111:sms.14053,=,0.99
10.1111:sms.14053,=,0.79
10.1111:sms.14053,<,0.02
10.1111:sms.14053,>,0.2
10.1111:sms.14053,>,0.68
10.1111:sms.14053,<,0.01
10.1111:sms.14053,=,0.01
10.1111:sms.14053,=,0.11
10.1111:sms.14053,=,0.18
10.1111:sms.14053,<,0.027
10.1111:sms.14053,>,0.19
10.1111:sms.14053,<,0.01
10.1111:sms.14053,>,0.33
10.1111:sms.14053,<,0.001
10.1111:sms.14053,=,0.04
10.1111:sms.14053,<,0.02
10.1111:sms.14053,>,0.17
10.1111:sms.14053,<,0.07
10.1111:sms.14053,=,0.01
10.1111:sms.14053,>,0.22
10.1111:sms.14053,<,0.001
10.1111:sms.14053,=,0.03
10.1111:sms.14053,=,0.04
10.1111:sms.14053,<,0.16
10.1111:sms.14053,=,0.19
10.1111:sms.14053,>,0.06
10.1111:sms.14053,>,0.33
10.1111:sms.14053,>,0.09
10.1111:sms.14053,<,0.03
10.1111:sms.14053,>,0.17
10.1111:sms.14053,=,0.55
10.1111:sms.14053,=,0.01
10.1111:sms.14053,=,0.03
10.1111:sms.14053,=,0.16
10.1111:sms.14053,<,0.001
10.1111:sms.14053,=,0.72
10.1111:sms.14053,<,0.05
10.1111:sms.14053,<,0.01
10.1111:sms.14053,<,0.001
10.1111:sms.14053,=,0.01
10.1111:sms.14053,=,0.01
10.1111:sms.14053,=,0.11
10.1111:sms.14053,<,0.001
10.1111:sms.14053,<,0.03
10.1111:sms.14053,>,0.17
10.1111:sms.14053,<,0.01
10.1111:sms.14053,>,0.23
10.1111:sms.14053,<,0.05
10.1111:sms.14053,=,0.18
10.1111:sms.14053,=,0.02
10.1111:sms.14053,=,0.2
10.1111:sms.14053,=,0.02
10.1111:sms.14053,<,0.04
10.1111:sms.14053,=,0.87
10.1111:sms.14053,<,0.042
10.1111:sms.14053,>,0.11
10.1111:sms.14053,<,0.09
10.1111:sms.14053,<,0.05
10.1111:sms.14053,<,0.01
10.1111:sms.14053,<,0.001
10.1111:sms.14053,<,0.05
10.1111:sms.14053,<,0.01
10.1111:sms.14053,<,0.001
10.1111:sms.14053,<,0.05
10.1111:sms.14053,<,0.001
10.1111:sms.14053,>,0.77
10.1111:sms.14072,=,0.74
10.1111:sms.14072,=,0.55
10.1111:sms.14072,<,0.001
10.1111:sms.14072,<,0.001
10.1111:sms.14072,<,0.001
10.1111:sms.14072,=,0.038
10.1111:sms.14072,=,0.206
10.1111:sms.14072,=,0.449
10.1111:sms.14072,=,0.155
10.1111:sms.14072,=,0.013
10.1111:sms.14072,=,0.036
10.1111:sms.14072,=,0.466
10.1111:sms.14072,=,0.022
10.1111:sms.14091,<,0.001
10.1111:sms.14091,=,0.002
10.1111:sms.14091,<,0.001
10.1111:sms.14091,=,0.001
10.1111:sms.14091,=,0.015
10.1111:sms.14091,<,0.05
10.1111:sms.14091,<,0.001
10.1111:sms.14091,<,0.001
10.1111:sms.14091,=,0.002
10.1111:sms.14091,=,0.001
10.1111:sms.14091,=,0.047
10.1111:sms.14091,=,0.006
10.1111:sms.14091,=,0.011
10.1111:sms.14091,=,0.015
10.1111:sms.14091,=,0.031
10.1111:sms.14091,=,0.001
10.1111:sms.14091,=,0.008
10.1111:sms.14091,=,0.03
10.1111:sms.14091,=,0.001
10.1111:sms.14091,=,0.031
10.1111:sms.14091,=,0.001
10.1111:sms.14091,=,0.004
10.1111:sms.14091,<,0.05
10.1111:sms.14091,<,0.01
10.1111:sms.14091,<,0.001
10.1111:sms.14091,<,0.05
10.1111:sms.14091,<,0.05
10.1111:sms.14092,=,0.006
10.1111:sms.14092,=,0.024
10.1111:sms.14092,=,0.016
10.1111:sms.14092,<,0.05
10.1111:sms.14092,=,0.006
10.1111:sms.14092,=,0.188
10.1111:sms.14092,<,0
10.1111:sms.14092,=,0.492
10.1111:sms.14092,=,0.002
10.1111:sms.14092,=,0.106
10.1111:sms.14092,=,0.024
10.1111:sms.14092,=,0.112
10.1111:sms.14092,=,0.169
10.1111:sms.14092,=,0.328
10.1111:sms.14092,=,0.14
10.1111:sms.14092,=,0.016
10.1111:sms.14092,=,0.002
10.1111:sms.14098,<,0.05
10.1111:sms.14098,<,0.05
10.1111:sms.14098,<,0.05
10.1111:sms.14098,<,1e-4
10.1111:sms.14098,=,0.01
10.1111:sms.14098,=,0.04
10.1111:sms.14098,=,0.01
10.1111:sms.14098,=,0.002
10.1111:sms.14098,=,0.005
10.1111:sms.14098,=,0.33
10.1111:sms.14098,=,0.02
10.1111:sms.14098,=,0.03
10.1111:sms.14098,=,0.01
10.1111:sms.14098,=,0.04
10.1111:sms.14098,=,0.002
10.1111:sms.14098,=,0.02
10.1111:sms.14098,=,0.04
10.1111:sms.14098,=,0.17
10.1111:sms.14098,=,0.005
10.1111:sms.14098,=,0.01
10.1111:sms.14098,=,0.01
10.1111:sms.14098,=,0.64
10.1111:sms.14098,=,0.17
10.1111:sms.14098,=,0.36
10.1111:sms.14098,=,0.52
10.1111:sms.14098,=,0.28
10.1111:sms.14098,=,0.61
10.1111:sms.14098,=,0.29
10.1111:sms.14098,=,0.04
10.1111:sms.14098,=,0.04
10.1111:sms.14098,=,0.29
10.1111:sms.14098,=,0.01
10.1111:sms.14098,<,0.05
10.1111:sms.14098,<,0.05
10.1111:sms.14098,<,0.05
10.1111:sms.14098,<,0.05
10.1111:sms.14098,<,0.05
10.1111:sms.14098,<,0.05
10.1111:sms.14098,<,0.05
10.1111:sms.14099,<,0.05
10.1111:sms.14099,<,0.05
10.1111:sms.14099,>,0.05
10.1111:sms.14099,>,0.05
10.1111:sms.14099,<,0.05
10.1111:sms.14099,=,0.001
10.1111:sms.14099,=,0.003
10.1111:sms.14099,=,0.002
10.1111:sms.14099,<,0.001
10.1111:sms.14099,=,0.001
10.1111:sms.14099,<,0.05
10.1111:sms.14099,=,0.01
10.1111:sms.14099,<,0.001
10.1111:sms.14099,=,0.01
10.1111:sms.14099,=,0.048
10.1111:sms.14099,<,0.001
10.1111:sms.14099,=,0.06
10.1111:sms.14099,<,0.001
10.1111:sms.14099,>,0.22
10.1111:sms.14099,>,0.43
10.1111:sms.14099,>,0.05
10.1111:sms.14099,<,0.001
10.1111:sms.14099,=,0.52
10.1111:sms.14099,=,0.01
10.1111:sms.14099,<,0.001
10.1111:sms.14099,<,0.001
10.1111:sms.14099,=,0.02
10.1111:sms.14099,<,0.05
10.1111:sms.14099,<,0.001
10.1111:sms.14099,<,0.05
10.1111:sms.14099,<,0.001
10.1111:sms.14099,=,0.02
10.1111:sms.14099,<,0.05
10.1111:sms.14099,<,0.05
10.1111:sms.14099,<,0.001
10.1111:sms.14099,<,0.001
10.1111:sms.14099,=,0.02
10.1111:sms.14099,<,0.05
10.1111:sms.14099,<,0.05
10.1111:sms.14099,<,0.05
10.1111:sms.14099,<,0.05
10.1111:sms.14099,<,0.05
10.1111:sms.14099,<,0.05
10.1111:sms.14099,<,0.05
10.1111:sms.14099,<,0.05
10.1111:sms.14101,<,1e-4
10.1111:sms.14101,<,1e-4
10.1111:sms.14101,<,1e-4
10.1111:sms.14101,=,1e-4
10.1111:sms.14101,=,0.0046
10.1111:sms.14101,=,0.1
10.1111:sms.14101,=,0.4946
10.1111:sms.14101,=,0.05
10.1111:sms.14101,<,1e-4
10.1111:sms.14101,=,0.26
10.1111:sms.14101,=,0.8128
10.1111:sms.14101,=,0.02
10.1111:sms.14101,<,1e-4
10.1111:sms.14101,=,0.4
10.1111:sms.14101,=,4e-4
10.1111:sms.14101,=,0.19
10.1111:sms.14101,<,1e-4
10.1111:sms.14101,=,0.53
10.1111:sms.14101,<,1e-4
10.1111:sms.14101,=,0.27
10.1111:sms.14101,<,1e-4
10.1111:sms.14101,=,0.57
10.1111:sms.14101,<,1e-4
10.1111:sms.14101,=,0.23
10.1111:sms.14101,<,1e-4
10.1111:sms.14101,=,0.56
10.1111:sms.14101,=,1e-4
10.1111:sms.14101,=,0.22
10.1111:sms.14101,=,0.0164
10.1111:sms.14101,=,0.08
10.1111:sms.14101,=,0.9578
10.1111:sms.14101,=,0.02
10.1111:sms.14101,=,0.8208
10.1111:sms.14101,=,0.03
10.1111:sms.14101,=,0.617
10.1111:sms.14101,=,0.04
10.1111:sms.14101,<,1e-4
10.1111:sms.14101,<,1e-4
10.1111:sms.14101,<,1e-4
10.1111:sms.14101,<,1e-4
10.1111:sms.14101,<,1e-4
10.1111:sms.14101,<,1e-4
10.1111:sms.14101,<,1e-4
10.1111:sms.14101,<,1e-4
10.1111:sms.14101,<,0.05
10.1111:sms.14101,<,0.01
10.1111:sms.14101,<,0.001
10.1111:sms.14101,<,1e-4
10.1111:sms.14101,<,0.05
10.1111:sms.14101,<,0.01
10.1111:sms.14101,<,0.001
10.1111:sms.14101,<,1e-4
10.1111:sms.14101,>,0.05
10.1111:sms.14104,<,0.001
10.1111:sms.14104,<,0.001
10.1111:sms.14104,<,0.001
10.1111:sms.14104,<,0.001
10.1111:sms.14104,<,0.001
10.1111:sms.14104,<,0.001
10.1111:sms.14104,<,0.001
10.1111:sms.14104,=,0.104
10.1111:sms.14104,=,0.166
10.1111:sms.14104,=,0.808
10.1111:sms.14104,≤,0.05
10.1111:sms.14104,<,0.001
10.1111:sms.14104,<,0.001
10.1111:sms.14104,<,0.001
10.1111:sms.14104,<,0.001
10.1111:sms.14104,<,0.001
10.1111:sms.14104,<,0.001
10.1111:sms.14104,<,0.001
10.1111:sms.14104,=,0.01
10.1111:sms.14104,<,0.001
10.1111:sms.14104,<,0.001
10.1111:sms.14104,<,0.001
10.1111:sms.14104,<,0.001
10.1111:sms.14104,<,0.001
10.1111:sms.14104,<,0.001
10.1111:sms.14104,<,0.001
10.1111:sms.14104,<,0.001
10.1111:sms.14104,=,0.104
10.1111:sms.14104,=,0.166
10.1111:sms.14104,=,0.808
10.1111:sms.14104,=,0.001
10.1111:sms.14104,=,0.011
10.1111:sms.14104,≤,0.05
10.1111:sms.14104,≤,0.05
10.1111:sms.14104,≤,0.05
10.1111:sms.14104,≤,0.05
10.1111:sms.14104,≤,0.001
10.1111:sms.14104,≤,0.05
10.1111:sms.14108,<,0.05
10.1111:sms.14108,<,0.001
10.1111:sms.14108,<,0.05
10.1111:sms.14108,<,0.01
10.1111:sms.14108,<,0.001
10.1111:sms.14108,<,0.01
10.1111:sms.14108,<,0.01
10.1111:sms.14108,<,0.01
10.1111:sms.14108,<,0.001
10.1111:sms.14108,<,0.001
10.1111:sms.14108,=,0.008
10.1111:sms.14108,<,0.001
10.1111:sms.14108,<,0.001
10.1111:sms.14108,>,0.05
10.1111:sms.14108,<,0.001
10.1111:sms.14108,<,0.001
10.1111:sms.14108,<,0.01
10.1111:sms.14108,<,0.001
10.1111:sms.14108,<,0.05
10.1111:sms.14108,<,0.05
10.1111:sms.14108,<,0.05
10.1111:sms.14108,<,0.05
10.1111:sms.14108,<,0.05
10.1111:sms.14108,=,0.022
10.1111:sms.14108,<,0.05
10.1111:sms.14108,<,0.05
10.1111:sms.14108,<,0.01
10.1111:sms.14108,<,0.05
10.1111:sms.14108,<,0.01
10.1111:sms.14108,=,0.136
10.1111:sms.14108,=,0.379
10.1111:sms.14108,<,0.01
10.1111:sms.14108,<,0.05
10.1111:sms.14108,<,0.05
10.1111:sms.14108,<,0.01
10.1111:sms.14108,<,0.05
10.1111:sms.14108,<,0.01
10.1111:sms.14108,=,0.001
10.1111:sms.14108,<,0.05
10.1111:sms.14108,<,0.05
10.1111:sms.14111,=,0.032
10.1111:sms.14111,<,0.001
10.1111:sms.14111,=,0.004
10.1111:sms.14111,=,0.971
10.1111:sms.14111,=,0.815
10.1111:sms.14111,<,0.01
10.1111:sms.14111,=,0.032
10.1111:sms.14111,=,0.201
10.1111:sms.14111,=,0.403
10.1111:sms.14111,=,0.042
10.1111:sms.14111,=,0.529
10.1111:sms.14111,=,0.03
10.1111:sms.14111,=,0.331
10.1111:sms.14111,=,0.045
10.1111:sms.14111,=,0.661
10.1111:sms.14111,=,0.009
10.1111:sms.14111,=,0.971
10.1111:sms.14111,<,0.001
10.1111:sms.14111,=,0.329
10.1111:sms.14111,=,0.045
10.1111:sms.14111,=,0.815
10.1111:sms.14111,<,0.001
10.1111:sms.14111,=,0.702
10.1111:sms.14111,=,0.007
10.1111:sms.14111,<,0.001
10.1111:sms.14111,=,0.427
10.1111:sms.14111,=,0.004
10.1111:sms.14111,=,0.382
10.1111:sms.14111,=,0.019
10.1111:sms.14111,<,0.001
10.1111:sms.14111,=,0.004
10.1111:sms.14111,=,0.019
10.1111:sms.14120,<,0.001
10.1111:sms.14120,=,0.049
10.1111:sms.14120,<,0.05
10.1111:sms.14120,<,0.1
10.1111:sms.14120,≤,0.001
10.1111:sms.14120,<,0.001
10.1111:sms.14120,<,0.001
10.1111:sms.14120,≤,0.001
10.1111:sms.14120,≤,0.773
10.1111:sms.14120,=,0.056
10.1111:sms.14120,=,0.002
10.1111:sms.14120,=,0.001
10.1111:sms.14120,≤,0.001
10.1111:sms.14120,<,0.001
10.1111:sms.14120,=,0.774
10.1111:sms.14120,<,0.001
10.1111:sms.14120,≤,0.677
10.1111:sms.14120,=,0.921
10.1111:sms.14120,=,0.259
10.1111:sms.14120,=,0.086
10.1111:sms.14120,=,0.199
10.1111:sms.14120,=,0.292
10.1111:sms.14120,=,0.096
10.1111:sms.14120,=,0.026
10.1111:sms.14120,<,0.001
10.1111:sms.14120,=,0.096
10.1111:sms.14120,<,0.05
10.1111:sms.14120,<,0.001
10.1111:sms.14120,<,0.001
10.1111:sms.14120,<,0.001
10.1111:sms.14120,=,0.2
10.1111:sms.14120,=,0.001
10.1111:sms.14120,=,0.015
10.1111:sms.14120,<,0.05
10.1111:sms.14120,<,0.01
10.1111:sms.14120,<,0.001
10.1111:sms.14120,=,0.056
10.1111:sms.14120,<,0.01
10.1111:sms.14120,<,0.001
10.1111:sms.14120,<,0.001
10.1111:sms.14123,=,0.008
10.1111:sms.14123,=,0.044
10.1111:sms.14123,=,0.364
10.1111:sms.14123,=,0.008
10.1111:sms.14123,=,0.739
10.1111:sms.14123,=,0.305
10.1111:sms.14123,=,0.736
10.1111:sms.14123,<,0.05
10.1111:sms.14134,<,0.05
10.1111:sms.14134,>,0.05
10.1111:sms.14134,<,0.05
10.1111:sms.14134,<,0.05
10.1111:sms.14134,<,0.001
10.1111:sms.14134,=,0.01
10.1111:sms.14134,=,0.02
10.1111:sms.14134,=,0.02
10.1111:sms.14134,=,0.03
10.1111:sms.14134,=,1e-4
10.1111:sms.14134,=,0.0013
10.1111:sms.14134,=,2e-4
10.1111:sms.14134,=,0.004
10.1111:sms.14134,>,0.05
10.1111:sms.14134,>,0.05
10.1111:sms.14134,=,0.0151
10.1111:sms.14134,=,0.0032
10.1111:sms.14134,=,0.0181
10.1111:sms.14134,=,0.0107
10.1111:sms.14134,=,0.0363
10.1111:sms.14134,=,0.0318
10.1111:sms.14134,=,0.003
10.1111:sms.14134,<,2e-4
10.1111:sms.14134,>,0.05
10.1111:sms.14134,>,0.05
10.1111:sms.14134,<,0.05
10.1111:sms.14134,>,0.05
10.1111:sms.14134,=,0.006
10.1111:sms.14134,<,1e-4
10.1111:sms.14134,=,0.0199
10.1111:sms.14134,>,0.05
10.1111:sms.14134,<,1e-4
10.1111:sms.14134,<,0.0261
10.1111:sms.14134,>,0.05
10.1111:sms.14134,<,1e-4
10.1111:sms.14134,<,1e-4
10.1111:sms.14134,<,0.07
10.1111:sms.14134,>,0.05
10.1111:sms.14134,<,1e-4
10.1111:sms.14134,<,0.01
10.1111:sms.14134,<,0.001
10.1111:sms.14134,>,0.05
10.1111:sms.14134,<,0.001
10.1111:sms.14134,<,0.02
10.1111:sms.14134,<,0.05
10.1111:sms.14134,<,0.05
10.1111:sms.14134,<,0.0261
10.1111:sms.14134,<,1e-4
10.1111:sms.14134,<,0.01
10.1111:sms.14134,<,0.001
10.1111:sms.14134,<,1e-4
10.1111:sms.14134,<,0.07
10.1111:sms.14192,<,0.01
10.1111:sms.14192,>,0.05
10.1111:sms.14192,=,0.001
10.1111:sms.14192,=,0.001
10.1111:sms.14192,<,0.01
10.1111:sms.14192,<,0.001
10.1111:sms.14192,<,0.001
10.1111:sms.14192,<,0.001
10.1111:sms.14192,<,0.001
10.1111:sms.14192,<,0.001
10.1111:sms.14192,=,0.002
10.1111:sms.14192,<,0.001
10.1111:sms.14192,=,0.009
10.1111:sms.14192,<,0.001
10.1111:sms.14192,=,0.001
10.1111:sms.14192,=,0.01
10.1111:sms.14192,=,0.004
10.1111:sms.14192,=,0.004
10.1111:sms.14192,=,0.003
10.1111:sms.14192,<,0.001
10.1111:sms.14192,=,0.001
10.1111:sms.14192,=,0.04
10.1111:sms.14192,<,0.001
10.1111:sms.14192,=,0.008
10.1111:sms.14192,=,0.008
10.1111:sms.14192,=,0.008
10.1111:sms.14192,<,0.01
10.1111:sms.14192,=,0.029
10.1111:sms.14192,<,0.01
10.1111:sms.14192,=,0.001
10.1111:sms.14192,=,0.047
10.1111:sms.14192,=,0.028
10.1111:sms.14192,>,0.05
10.1111:sms.14192,=,0.022
10.1111:sms.14192,<,0.01
10.1111:sms.14192,<,0.01
10.1111:sms.14192,<,0.01
10.1111:sms.14192,<,0.01
10.1111:sms.14192,<,0.01
10.1111:sms.14192,<,0.01
10.1111:sms.14192,<,0.01
10.1111:sms.14192,<,0.01
10.1111:sms.14192,<,0.01
10.1111:sms.14192,<,0.01
10.1111:sms.14192,<,0.01
10.1111:sms.14192,<,0.01
10.1111:sms.14192,=,0.022
10.1111:sms.14192,=,0.028
10.1111:sms.14192,>,0.05
10.1111:sms.14192,<,0.01
10.1111:sms.14192,<,0.01
10.1111:sms.14192,<,0.01
10.1111:sms.14192,<,0.01
10.1111:sms.14193,=,0.15
10.1111:sms.14193,=,0.536
10.1111:sms.14193,=,0.043
10.1111:sms.14193,=,0.564
10.1111:sms.14193,<,0.001
10.1111:sms.14193,=,0.981
10.1111:sms.14193,=,0.621
10.1111:sms.14193,=,0.002
10.1111:sms.14193,≤,0.05
10.1111:sms.14193,=,0.621
10.1111:sms.14193,=,0.722
10.1111:sms.14193,=,0.185
10.1111:sms.14193,=,0.121
10.1111:sms.14193,=,0.058
10.1111:sms.14193,=,0.3
10.1111:sms.14193,=,0.336
10.1111:sms.14193,=,0.195
10.1111:sms.14193,=,0.043
10.1111:sms.14193,<,0.001
10.1111:sms.14193,<,0.001
10.1111:sms.14193,=,0.068
10.1111:sms.14193,=,0.118
10.1111:sms.14193,=,0.002
10.1111:sms.14193,=,0.593
10.1111:sms.14193,=,0.561
10.1111:sms.14194,<,0.01
10.1111:sms.14194,<,0.05
10.1111:sms.14194,<,0.01
10.1111:sms.14194,<,0.01
10.1111:sms.14194,<,0.01
10.1111:sms.14194,<,0.01
10.1111:sms.14194,<,0.01
10.1111:sms.14194,<,0.05
10.1111:sms.14194,<,0.05
10.1111:sms.14194,<,0.01
10.1111:sms.14194,<,0.05
10.1111:sms.14194,=,0.01
10.1111:sms.14194,<,0.01
10.1111:sms.14194,<,0.01
10.1111:sms.14194,<,0.01
10.1111:sms.14194,<,0.05
10.1111:sms.14194,<,0.01
10.1111:sms.14194,<,0.01
10.1111:sms.14194,<,0.05
10.1111:sms.14194,<,0.01
10.1111:sms.14194,<,0.05
10.1111:sms.14194,<,0.01
10.1111:sms.14194,<,0.05
10.1111:sms.14194,<,0.01
10.1111:sms.14194,<,0.05
10.1111:sms.14194,<,0.01
10.1111:sms.14194,<,0.05
10.1111:sms.14194,<,0.01
10.1111:sms.14194,<,0.01
10.1111:sms.14198,<,0.01
10.1111:sms.14198,<,0.01
10.1111:sms.14198,<,0.05
10.1111:sms.14198,<,0.001
10.1111:sms.14198,<,0.01
10.1111:sms.14198,<,0.005
10.1111:sms.14198,≤,0.05
10.1111:sms.14198,<,0.001
10.1111:sms.14198,<,0.001
10.1111:sms.14198,<,0.001
10.1111:sms.14198,<,0.01
10.1111:sms.14203,=,0.006
10.1111:sms.14203,=,0.001
10.1111:sms.14203,=,0.001
10.1111:sms.14203,=,0.049
10.1111:sms.14203,=,0.001
10.1111:sms.14203,=,0.001
10.1111:sms.14203,<,0.05
10.1111:sms.14203,=,0.003
10.1111:sms.14203,=,0.009
10.1111:sms.14203,=,0.001
10.1111:sms.14203,=,0.001
10.1111:sms.14203,=,0.36
10.1111:sms.14203,=,0.001
10.1111:sms.14203,=,0.001
10.1111:sms.14203,=,0.001
10.1111:sms.14203,=,0.001
10.1111:sms.14203,=,0.001
10.1111:sms.14203,=,0.001
10.1111:sms.14203,=,0.001
10.1111:sms.14203,=,0.001
10.1111:sms.14203,=,0.023
10.1111:sms.14203,=,0.033
10.1111:sms.14203,=,0.033
10.1111:sms.14203,=,0.001
10.1111:sms.14203,=,0.001
10.1111:sms.14203,=,0.001
10.1111:sms.14203,=,0.001
10.1111:sms.14203,=,0.001
10.1111:sms.14203,=,0.001
10.1111:sms.14203,=,0.001
10.1111:sms.14203,=,0.001
10.1111:sms.14203,=,0.001
10.1111:sms.14203,=,0.002
10.1111:sms.14203,=,0.001
10.1111:sms.14203,=,0.035
10.1111:sms.14203,=,0.008
10.1111:sms.14203,=,0.022
10.1111:sms.14203,=,0.018
10.1111:sms.14203,=,0.05
10.1111:sms.14203,=,0.005
10.1111:sms.14203,=,0.001
10.1111:sms.14203,=,0.001
10.1111:sms.14203,=,0.036
10.1111:sms.14203,=,0.001
10.1111:sms.14203,=,0.025
10.1111:sms.14203,=,0.001
10.1111:sms.14203,=,0.208
10.1111:sms.14203,=,0.588
10.1111:sms.14210,<,0.001
10.1111:sms.14210,<,0.001
10.1111:sms.14210,≤,0.001
10.1111:sms.14210,=,0.365
10.1111:sms.14210,=,0.04
10.1111:sms.14210,=,0.003
10.1111:sms.14210,=,0.013
10.1111:sms.14210,≤,0.05
10.1111:sms.14210,=,0.629
10.1111:sms.14210,=,0.009
10.1111:sms.14210,<,0.001
10.1111:sms.14210,<,0.001
10.1111:sms.14210,=,0.988
10.1111:sms.14210,≤,0.001
10.1111:sms.14210,=,0.795
10.1111:sms.14210,≤,0.001
10.1111:sms.14210,=,0.365
10.1111:sms.14210,=,0.092
10.1111:sms.14210,=,0.038
10.1111:sms.14210,=,0.04
10.1111:sms.14210,=,0.103
10.1111:sms.14210,=,0.065
10.1111:sms.14210,=,0.003
10.1111:sms.14210,=,0.013
10.1111:sms.14210,<,0.05
10.1111:sms.14210,=,0.912
10.1111:sms.14210,<,0.05
10.1111:sms.14220,<,0.05
10.1111:sms.14220,<,0.001
10.1111:sms.14220,<,0.001
10.1111:sms.14220,<,0.05
10.1111:sms.14220,<,0.001
10.1111:sms.14220,=,0.08
10.1111:sms.14220,=,0.029
10.1111:sms.14220,=,0.006
10.1111:sms.14220,<,0.001
10.1111:sms.14220,<,0.001
10.1111:sms.14220,=,0.002
10.1111:sms.14220,=,0.4
10.1111:sms.14220,=,0.09
10.1111:sms.14220,=,0.307
10.1111:sms.14220,=,0.547
10.1111:sms.14220,=,0.689
10.1111:sms.14220,=,0.69
10.1111:sms.14220,=,0.013
10.1111:sms.14220,=,0.003
10.1111:sms.14220,<,0.001
10.1111:sms.14220,<,0.001
10.1111:sms.14220,=,0.487
10.1111:sms.14220,=,0.013
10.1111:sms.14220,=,0.005
10.1111:sms.14220,=,0.019
10.1111:sms.14220,<,0.001
10.1111:sms.14220,=,0.002
10.1111:sms.14220,=,0.353
10.1111:sms.14220,=,0.023
10.1111:sms.14220,=,0.001
10.1111:sms.14220,=,0.039
10.1111:sms.14220,<,0.01
10.1111:sms.14220,<,0.001
10.1111:sms.14220,=,0.007
10.1111:sms.14220,=,0.26
10.1111:sms.14220,=,0.001
10.1111:sms.14220,=,0.349
10.1111:sms.14220,=,0.007
10.1111:sms.14220,=,0.262
10.1111:sms.14220,=,0.006
10.1111:sms.14220,=,0.266
10.1111:sms.14220,=,0.003
10.1111:sms.14220,=,0.297
10.1111:sms.14220,=,0.001
10.1111:sms.14220,=,0.042
10.1111:sms.14220,=,0.008
10.1111:sms.14220,=,0.006
10.1111:sms.14220,=,0.032
10.1111:sms.14220,=,0.022
10.1111:sms.14220,<,0.01
10.1111:sms.14220,=,0.002
10.1111:sms.14220,<,0.01
10.1111:sms.14220,=,0.476
10.1111:sms.14220,=,0.002
10.1111:sms.14220,=,0.001
10.1111:sms.14220,=,0.016
10.1111:sms.14220,<,0.001
10.1111:sms.14220,<,0.001
10.1111:sms.14220,<,0.001
10.1111:sms.14220,<,0.001
10.1111:sms.14220,=,0.001
10.1111:sms.14220,=,0.003
10.1111:sms.14220,<,0.001
10.1111:sms.14220,=,0.001
10.1111:sms.14220,<,0.001
10.1111:sms.14220,=,0.014
10.1111:sms.14220,<,0.05
10.1111:sms.14220,<,0.05
10.1111:sms.14220,<,0.05
10.1111:sms.14220,<,0.05
10.1111:sms.14220,<,0.05
10.1111:sms.14220,<,0.05
10.1111:sms.14220,<,0.05
10.1111:sms.14220,<,0.05
10.1111:sms.14220,<,0.05
10.1111:sms.14237,=,0.226
10.1111:sms.14237,=,0.151
10.1111:sms.14237,=,0.022
10.1111:sms.14237,=,0.966
10.1111:sms.14237,=,0.226
10.1111:sms.14237,=,0.18
10.1111:sms.14237,=,0.453
10.1111:sms.14237,=,0.151
10.1111:sms.14237,=,0.415
10.1111:sms.14237,=,0.97
10.1111:sms.14237,=,0.346
10.1111:sms.14237,=,0.785
10.1111:sms.14237,=,0.966
10.1111:sms.14237,=,0.022
10.1111:sms.14237,=,0.499
10.1111:sms.14237,=,0.185
10.1111:sms.14237,<,0.001
10.1111:sms.14237,=,0.901
10.1111:sms.14237,=,0.452
10.1111:sms.14237,=,0.845
10.1111:sms.14237,=,0.172
10.1111:sms.14237,>,0.05
10.1111:sms.14237,<,0.001
10.1111:sms.14237,=,0.3301
10.1111:sms.14237,=,0.623
10.1111:sms.14237,=,0.516
10.1111:sms.14237,<,0.001
10.1111:sms.14237,>,0.05
10.1111:sms.14237,<,0.001
10.1111:sms.14237,=,0.133
10.1111:sms.14237,=,0.603
10.1111:sms.14237,=,0.003
10.1111:sms.14237,=,0.469
10.1111:sms.14237,=,0.014
10.1111:sms.14237,=,0.364
10.1111:sms.14237,<,0.001
10.1111:sms.14237,=,0.753
10.1111:sms.14237,=,0.785
10.1111:sms.14237,=,0.022
10.1111:sms.14237,=,0.966
10.1111:sms.14237,=,0.499
10.1111:sms.14237,=,0.026
10.1111:sms.14237,=,0.559
10.1111:sms.14237,=,0.001
10.1111:sms.14237,<,0.001
10.1111:sms.14237,=,0.502
10.1111:sms.14237,=,0.323
10.1111:sms.14237,=,0.64
10.1111:sms.14237,=,0.185
10.1111:sms.14237,=,0.071
10.1111:sms.14237,=,0.748
10.1111:sms.14237,=,0.061
10.1111:sms.14237,=,0.001
10.1111:sms.14237,=,0.041
10.1111:sms.14237,<,0.001
10.1111:sms.14237,=,0.011
10.1111:sms.14237,=,0.016
10.1111:sms.14237,=,0.311
10.1111:sms.14237,=,0.238
10.1111:sms.14237,=,0.163
10.1111:sms.14237,=,0.273
10.1111:sms.14237,=,0.852
10.1111:sms.14237,=,0.59
10.1111:sms.14237,=,0.327
10.1111:sms.14237,=,0.371
10.1111:sms.14237,=,0.612
10.1111:sms.14237,=,0.728
10.1111:sms.14237,=,0.912
10.1111:sms.14237,=,0.834
10.1111:sms.14237,=,0.548
10.1111:sms.14237,=,0.801
10.1111:sms.14237,>,0.05
10.1111:sms.14237,=,0.54
10.1111:sms.14237,=,0.256
10.1111:sms.14237,=,0.852
10.1111:sms.14237,=,0.779
10.1111:sms.14237,=,0.168
10.1111:sms.14237,=,0.59
10.1111:sms.14237,=,0.707
10.1111:sms.14237,=,0.528
10.1111:sms.14237,=,0.327
10.1111:sms.14237,=,0.547
10.1111:sms.14237,=,0.448
10.1111:sms.14237,=,0.371
10.1111:sms.14237,=,0.261
10.1111:sms.14237,=,0.613
10.1111:sms.14237,=,0.612
10.1111:sms.14237,=,0.079
10.1111:sms.14237,=,0.805
10.1111:sms.14237,=,0.828
10.1111:sms.14237,=,0.669
10.1111:sms.14237,=,0.451
10.1111:sms.14237,=,0.356
10.1111:sms.14237,=,0.97
10.1111:sms.14237,=,0.728
10.1111:sms.14237,=,0.471
10.1111:sms.14237,=,0.471
10.1111:sms.14237,=,0.912
10.1111:sms.14237,=,0.738
10.1111:sms.14237,=,0.062
10.1111:sms.14237,=,0.801
10.1111:sms.14237,=,0.515
10.1111:sms.14237,=,0.805
10.1111:sms.14237,=,0.54
10.1111:sms.14237,=,0.876
10.1111:sms.14237,=,0.456
10.1111:sms.14237,=,0.256
10.1111:sms.14237,=,0.491
10.1111:sms.14237,=,0.096
10.1111:sms.14237,=,0.834
10.1111:sms.14237,=,0.114
10.1111:sms.14237,=,0.55
10.1111:sms.14237,=,0.548
10.1111:sms.14237,=,0.882
10.1111:sms.14237,=,0.402
10.1111:sms.14240,<,0.05
10.1111:sms.14240,<,0.05
10.1111:sms.14240,<,0.05
10.1111:sms.14240,≤,0.005
10.1111:sms.14240,=,0.02
10.1111:sms.14240,=,0.009
10.1111:sms.14240,=,0.003
10.1111:sms.14240,=,0.072
10.1111:sms.14240,=,0.063
10.1111:sms.14240,=,0.091
10.1111:sms.14240,=,0.003
10.1111:sms.14240,<,0.05
10.1111:sms.14240,=,0.007
10.1111:sms.14240,=,0.01
10.1111:sms.14240,=,0.01
10.1111:sms.14240,=,0.02
10.1111:sms.14240,=,0.003
10.1111:sms.14240,=,0.072
10.1111:sms.14240,=,0.003
10.1111:sms.14240,=,0.01
10.1111:sms.14240,=,0.02
10.1111:sms.14240,=,0.02
10.1111:sms.14240,=,0.007
10.1111:sms.14240,=,0.35
10.1111:sms.14240,=,0.225
10.1111:sms.14240,=,0.021
10.1111:sms.14240,=,0.556
10.1111:sms.14240,=,0.444
10.1111:sms.14240,=,0.01
10.1111:sms.14240,=,0.008
10.1111:sms.14240,=,0.02
10.1111:sms.14251,<,0.001
10.1111:sms.14251,<,0.001
10.1111:sms.14251,<,0.001
10.1111:sms.14251,<,0.05
10.1111:sms.14251,<,0.001
10.1111:sms.14251,<,0.01
10.1111:sms.14251,<,0.05
10.1111:sms.14251,<,0.05
10.1111:sms.14251,<,0.001
10.1111:sms.14251,<,0.05
10.1111:sms.14251,≤,0.05
10.1111:sms.14251,≤,0.05
10.1111:sms.14251,<,0.01
10.1111:sms.14251,<,0.05
10.1111:sms.14251,<,0.05
10.1111:sms.14251,<,0.05
10.1111:sms.14251,<,0.05
10.1111:sms.14251,<,0.05
10.1111:sms.14251,<,0.01
10.1111:sms.14251,<,0.01
10.1111:sms.14251,<,0.01
10.1111:sms.14251,<,0.001
10.1111:sms.14251,<,0.05
10.1111:sms.14251,<,0.01
10.1111:sms.14251,<,0.05
10.1111:sms.14251,<,0.05
10.1111:sms.14251,<,0.01
10.1111:sms.14251,<,0.001
10.1111:sms.14251,=,0.012
10.1111:sms.14251,=,0.009
10.1111:sms.14251,≤,0.05
10.1111:sms.14251,≤,0.01
10.1111:sms.14251,≤,0.001
10.1111:sms.14251,≤,0.05
10.1111:sms.14251,≤,0.01
10.1111:sms.14251,≤,0.001
10.1111:sms.14251,≤,0.05
10.1111:sms.14251,≤,0.01
10.1111:sms.14251,≤,0.001
10.1111:sms.14251,≤,0.05
10.1111:sms.14251,≤,0.05
10.1111:sms.14251,=,0.08
10.1111:sms.14251,≤,0.05
10.1111:sms.14251,≤,0.01
10.1111:sms.14251,≤,0.001
10.1111:sms.14251,≤,0.05
10.1111:sms.14251,≤,0.05
10.1111:sms.14251,≤,0.01
10.1111:sms.14251,≤,0.05
10.1111:sms.14251,≤,0.01
10.1111:sms.14251,≤,0.01
10.1111:sms.14251,≤,0.01
10.1111:sms.14251,≤,0.05
10.1111:sms.14251,≤,0.05
10.1111:sms.14251,≤,0.01
10.1111:sms.14251,≤,0.001
10.1111:sms.14251,≤,0.05
10.1111:sms.14251,≤,0.001
10.1111:sms.14251,≤,0.05
10.1111:sms.14251,≤,0.001
10.1111:sms.14257,=,0.846
10.1111:sms.14257,=,0.02
10.1111:sms.14257,=,0.3319
10.1111:sms.14257,=,0.06
10.1111:sms.14257,=,0.3031
10.1111:sms.14257,=,0.06
10.1111:sms.14257,=,0.0034
10.1111:sms.14257,=,0.13
10.1111:sms.14257,=,0.6076
10.1111:sms.14257,=,0.04
10.1111:sms.14257,=,0.1162
10.1111:sms.14257,=,0.08
10.1111:sms.14257,=,0.0023
10.1111:sms.14257,=,0.14
10.1111:sms.14257,=,0.3943
10.1111:sms.14257,=,0.06
10.1111:sms.14257,=,0.2378
10.1111:sms.14257,=,0.07
10.1111:sms.14257,<,1e-4
10.1111:sms.14257,=,0.19
10.1111:sms.14257,=,0.9002
10.1111:sms.14257,=,0.02
10.1111:sms.14257,=,0.1049
10.1111:sms.14257,=,0.08
10.1111:sms.14257,<,1e-4
10.1111:sms.14257,=,0.21
10.1111:sms.14257,=,0.0235
10.1111:sms.14257,=,0.07
10.1111:sms.14257,=,0.9794
10.1111:sms.14257,=,0.01
10.1111:sms.14257,=,0.0042
10.1111:sms.14257,=,0.09
10.1111:sms.14257,=,0.0021
10.1111:sms.14257,=,0.12
10.1111:sms.14257,=,0.0234
10.1111:sms.14257,=,0.08
10.1111:sms.14257,=,0.0083
10.1111:sms.14257,=,0.09
10.1111:sms.14257,=,0.0168
10.1111:sms.14257,=,0.08
10.1111:sms.14257,=,0.0827
10.1111:sms.14257,=,0.06
10.1111:sms.14257,<,1e-4
10.1111:sms.14257,=,0.24
10.1111:sms.14257,=,0.0035
10.1111:sms.14257,=,0.09
10.1111:sms.14257,=,0.8334
10.1111:sms.14257,=,0.02
10.1111:sms.14257,<,0.05
10.1111:sms.14257,<,0.01
10.1111:sms.14257,<,1e-4
10.1111:sms.14257,=,0.1393
10.1111:sms.14257,=,0.08
10.1111:sms.14257,=,0.7543
10.1111:sms.14257,=,0.03
10.1111:sms.14257,=,0.3616
10.1111:sms.14257,=,0.06
10.1111:sms.14257,=,0.9918
10.1111:sms.14257,=,0.01
10.1111:sms.14257,=,0.7398
10.1111:sms.14257,=,0.03
10.1111:sms.14257,=,0.6702
10.1111:sms.14257,=,0.03
10.1111:sms.14257,=,0.4094
10.1111:sms.14257,=,0.04
10.1111:sms.14257,=,0.077
10.1111:sms.14257,=,0.07
10.1111:sms.14257,<,0.05
10.1111:sms.14257,<,0.01
10.1111:sms.14257,=,0.9606
10.1111:sms.14257,=,0.01
10.1111:sms.14257,<,0.01
10.1111:sms.14257,<,0.001
10.1111:sms.14257,<,1e-4
10.1111:sms.14321,<,0.05
10.1111:sms.14321,<,0.05
10.1111:sms.14321,=,0.148
10.1111:sms.14321,=,0.069
10.1111:sms.14321,<,0.01
10.1111:sms.14321,=,0.764
10.1111:sms.14321,=,0.17
10.1111:sms.14321,=,0.95
10.1111:sms.14321,=,0.124
10.1111:sms.14321,=,0.262
10.1111:sms.14321,=,0.586
10.1111:sms.14321,=,0.246
10.1111:sms.14321,=,0.001
10.1111:sms.14321,<,0.05
10.1111:sms.14321,<,0.05
10.1111:sms.14321,<,0.05
10.1111:sms.14321,<,0.05
10.1111:sms.14457,<,0.05
10.1111:sms.14457,<,0.05
10.1111:sms.14457,<,0.05
10.1111:sms.14457,<,0.05
10.1111:sms.14457,>,0.05
10.1111:sms.14457,=,0.001
10.1111:sms.14457,=,0.38
10.1111:sms.14457,=,0.001
10.1111:sms.14457,<,0.05
10.1111:sms.14457,=,0.03
10.1111:sms.14457,=,0.08
10.1111:sms.14457,=,0.8
10.1111:sms.14457,=,0.001
10.1111:sms.14457,<,0.05
10.1111:sms.14457,=,0.98
10.1111:sms.14457,=,0.26
10.1111:sms.14457,=,0.001
10.1111:sms.14457,<,0.05
10.1111:sms.14457,=,0.97
10.1111:sms.14457,=,0.2
10.1111:sms.14457,=,0.88
10.1111:sms.14457,=,0.41
10.1111:sms.14457,=,0.91
10.1111:sms.14457,=,0.001
10.1111:sms.14457,=,0.001
10.1111:sms.14457,=,0.002
10.1111:sms.14457,<,0.05
10.1111:sms.14457,<,0.05
10.1111:sms.14457,=,0.001
10.1111:sms.14457,<,0.05
10.1111:sms.14457,<,0.05
10.1111:sms.14457,<,0.05
10.1111:sms.14457,<,0.05
10.1111:sms.14457,=,0.001
10.1111:sms.14457,<,0.05
10.1111:sms.14457,<,0.05
10.1111:sms.14457,<,0.05
10.1111:sms.14457,<,0.05
10.1111:sms.14457,=,0.04
10.1111:sms.14457,<,0.05
10.1111:sms.14457,<,0.05
10.1111:sms.14457,<,0.05
10.1111:sms.14457,=,0.02
10.1111:sms.14457,<,0.05
10.1111:sms.14457,<,0.05
10.1111:sms.14457,<,0.05
10.1111:sms.14457,=,0.001
10.1111:sms.14457,<,0.05
10.1111:sms.14457,=,0.82
10.1111:sms.14457,=,0.37
10.1111:sms.14457,=,0.001
10.1111:sms.14457,<,0.05
10.1111:sms.14457,=,0.97
10.1111:sms.14457,=,0.73
10.1111:sms.14457,<,0.05
10.1111:sms.14457,<,0.05
10.1111:sms.14457,<,0.05
10.1111:sms.14457,<,0.05
10.1111:sms.14457,<,0.05
10.1111:sms.14457,=,0.001
10.1111:sms.14457,=,0.84
10.1111:sms.14457,=,0.01
10.1111:sms.14457,<,0.05
10.1111:sms.14457,<,0.05
10.1111:sms.14457,<,0.05
10.1111:sms.14457,<,0.05
10.1111:sms.14457,<,0.05
10.1111:sms.14457,<,0.05
10.1111:sms.14457,<,0.05
10.1111:sms.14457,<,0.05
10.1111:sms.14457,<,0.05
10.1111:sms.14470,<,0.001
10.1111:sms.14470,<,0.05
10.1111:sms.14470,<,0.05
10.1111:sms.14470,<,0.05
10.1111:sms.14470,<,0.001
10.1111:sms.14470,<,0.001
10.1111:sms.14470,<,0.05
10.1111:sms.14470,<,0.01
10.1111:sms.14470,<,0.001
10.1111:sms.14470,<,0.05
10.1111:sms.14470,=,0.049
10.1111:sms.14470,<,0.001
10.1111:sms.14470,<,0.001
10.1111:sms.14470,<,0.001
10.1111:sms.14470,<,0.05
10.1111:sms.14470,<,0.05
10.1111:sms.14470,>,0.05
10.1111:sms.14470,<,0.05
10.1111:sms.14470,<,0.001
10.1111:sms.14470,<,0.05
10.1111:sms.14470,<,0.01
10.1111:sms.14470,<,0.01
10.1111:sms.14470,<,0.01
10.1111:sms.14470,>,0.05
10.1111:sms.14470,<,0.001
10.1111:sms.14470,<,0.001
10.1111:sms.14470,<,0.001
10.1111:sms.14470,<,0.001
10.1111:sms.14470,<,0.01
10.1111:sms.14470,<,0.01
10.1111:sms.14470,<,0.05
10.1111:sms.14470,=,0.06
10.1111:sms.14470,=,0.07
10.1111:sms.14470,<,0.05
10.1111:sms.14470,<,0.05
10.1111:sms.14470,<,0.001
10.1111:sms.14470,<,0.05
10.1111:sms.14470,<,0.001
10.1111:sms.14470,<,0.05
10.1111:sms.14470,=,0.054
10.1111:sms.14470,<,0.01
10.1111:sms.14470,<,0.05
10.1111:sms.14470,=,0.002
10.1111:sms.14470,=,0.004
10.1111:sms.14470,=,0.004
10.1111:sms.14470,<,0.001
10.1111:sms.14470,<,0.001
10.1111:sms.14470,=,0.037
10.1111:sms.14470,=,0.003
10.1111:sms.14470,<,0.001
10.1111:sms.14470,=,0.033
10.1111:sms.14470,=,0.024
10.1111:sms.14470,=,0.039
10.1111:sms.14470,=,0.043
10.1111:sms.14470,=,0.017
10.1111:sms.14470,<,0.05
10.1111:sms.14470,<,0.01
10.1111:sms.14470,<,0.001
10.1111:sms.14470,<,0.001
10.1111:sms.14470,<,0.01
10.1111:sms.14470,<,0.001
10.1111:sms.14470,<,0.001
10.1111:sms.14470,<,0.01
10.1111:sms.14470,<,0.01
10.1111:sms.14470,<,0.05
10.1111:sms.14470,<,0.05
10.1111:sms.14470,=,0.016
10.1111:sms.14470,=,0.05
10.1111:sms.14470,=,0.002
10.1111:sms.14470,<,0.001
10.1111:sms.14470,=,0.004
10.1111:sms.14470,<,0.05
10.1111:sms.14470,<,0.01
10.1111:sms.14470,<,0.001
10.1111:sms.14470,<,0.05
10.1111:sms.14470,<,0.001
10.1111:sms.14470,<,0.001
10.1111:sms.14470,<,0.001
10.1111:sms.14470,<,0.001
10.1111:sms.14470,<,0.01
10.1111:sms.14470,<,0.001
10.1111:sms.14470,<,0.001
10.1111:sms.14470,<,0.05
10.1111:sms.14470,<,0.01
10.1111:sms.14470,<,0.05
10.1111:sms.14470,<,0.01
10.1111:sms.14717,<,0.05
10.1111:sms.14717,>,0.05
10.1111:sms.14717,>,0.05
10.1111:sms.14717,=,0.001
10.1111:sms.14717,<,0.05
10.1111:sms.14717,<,0.05
10.1111:sms.14717,<,0.05
10.1111:sms.14717,=,0.02
10.1111:sms.14717,<,0.05
10.1111:sms.14717,<,0.05
10.1111:sms.14717,=,0.001
10.1111:sms.14717,=,0.001
10.1111:sms.14717,=,0.001
10.1111:sms.14717,=,0.001
10.1111:sms.14717,=,0.001
10.1111:sms.14717,=,0.001
10.1111:sms.14717,=,0.001
10.1111:sms.14717,<,0.05
10.1111:sms.14717,=,0.55
10.1111:sms.14717,=,0.62
10.1111:sms.14717,=,0.93
10.1111:sms.14717,=,0.56
10.1111:sms.14717,=,0.77
10.1111:sms.14717,=,0.8
10.1111:sms.14717,=,0.6
10.1111:sms.14717,=,0.54
10.1111:sms.14717,=,0.44
10.1111:sms.14717,=,0.5
10.1111:sms.14717,=,0.45
10.1111:sms.14717,=,0.5
10.1111:sms.14717,=,0.5
10.1111:sms.14717,=,0.56
10.1111:sms.14717,=,0.94
10.1111:sms.14717,=,0.57
10.1111:sms.14717,=,0.01
10.1111:sms.14717,=,0.02
10.1111:sms.14717,=,0.001
10.1111:sms.14717,=,0.001
10.1111:sms.14717,=,0.001
10.1111:sms.14717,<,0.05
10.1111:sms.14717,>,0.05
10.1111:sms.14717,=,0.001
10.1111:sms.14717,<,0.05
10.1111:sms.14717,=,0.95
10.1111:sms.14717,=,0.83
10.1111:sms.14717,=,0.001
10.1111:sms.14717,<,0.05
10.1111:sms.14717,=,0.99
10.1111:sms.14717,=,0.8
10.1111:sms.14717,=,0.001
10.1111:sms.14717,<,0.05
10.1111:sms.14717,>,0.05
10.1111:sms.14717,<,0.05
10.1111:sms.14717,<,0.05
10.1111:sms.14717,<,0.05
10.1111:sms.14717,<,0.05
10.1111:sms.14717,=,0.001
10.1111:sms.14717,<,0.05
10.1111:sms.14717,<,0.05
10.1111:sms.14717,=,0.2
10.1111:sms.14717,=,0.001
10.1111:sms.14717,<,0.05
10.1111:sms.14717,=,0.002
10.1111:sms.14717,<,0.05
10.1111:sms.14717,<,0.05
10.1111:sms.14717,<,0.05
10.1111:sms.14717,<,0.05
10.1111:sms.14717,<,0.05
10.1111:sms.14717,<,0.05
10.1111:sms.14717,<,0.05
10.1111:sms.14717,<,0.05
10.1111:sms.14717,<,0.05
10.1111:sms.14717,<,0.05
10.1111:sms.14717,<,0.05
10.1111:sms.14717,<,0.05
10.1111:sms.14717,<,0.05
10.1111:sms.14717,<,0.05
10.1111:sms.14717,<,0.05
10.1111:sms.14717,<,0.05
10.1123:ijsnem.2016-0111,<,0.001
10.1123:ijsnem.2016-0111,=,0.004
10.1123:ijsnem.2016-0111,=,0.007
10.1123:ijsnem.2016-0111,=,0.737
10.1123:ijsnem.2016-0111,=,0.107
10.1123:ijsnem.2016-0111,=,0.849
10.1123:ijsnem.2016-0111,<,0.05
10.1123:ijsnem.2016-0111,=,0.761
10.1123:ijsnem.2016-0111,<,0.001
10.1123:ijsnem.2016-0111,=,0.004
10.1123:ijsnem.2016-0111,=,0.007
10.1123:ijsnem.2016-0111,=,0.737
10.1123:ijsnem.2016-0111,=,0.221
10.1123:ijsnem.2016-0111,=,0.55
10.1123:ijsnem.2016-0111,=,0.345
10.1123:ijsnem.2016-0111,=,0.783
10.1123:ijsnem.2016-0111,=,0.788
10.1123:ijsnem.2016-0111,=,0.83
10.1123:ijsnem.2016-0111,=,0.107
10.1123:ijsnem.2016-0111,=,0.391
10.1123:ijsnem.2016-0111,<,0.001
10.1123:ijsnem.2016-0111,=,0.849
10.1123:ijsnem.2016-0111,=,0.787
10.1123:ijsnem.2016-0111,=,0.123
10.1123:ijsnem.2016-0111,=,0.422
10.1123:ijsnem.2016-0111,=,0.864
10.1123:ijsnem.2016-0111,=,0.625
10.1123:ijsnem.2016-0111,=,0.627
10.1123:ijsnem.2016-0111,<,0.001
10.1123:ijsnem.2016-0111,<,0.001
10.1123:ijsnem.2017-0129,<,0.01
10.1123:ijsnem.2017-0129,<,0.001
10.1123:ijsnem.2017-0129,<,0.01
10.1123:ijsnem.2017-0129,<,0.01
10.1123:ijsnem.2017-0129,<,0.05
10.1123:ijsnem.2017-0129,<,0.01
10.1123:ijsnem.2017-0129,<,0.05
10.1123:ijsnem.2017-0129,<,0.05
10.1123:ijsnem.2017-0129,<,0.01
10.1123:ijsnem.2017-0129,<,0.05
10.1123:ijsnem.2017-0129,<,0.01
10.1123:ijsnem.2017-0129,<,0.01
10.1123:ijsnem.2017-0129,<,0.05
10.1123:ijsnem.2017-0129,<,0.01
10.1123:ijsnem.2017-0129,<,0.01
10.1123:ijsnem.2017-0129,<,0.01
10.1123:ijsnem.2017-0129,<,0.05
10.1123:ijsnem.2017-0129,<,0.05
10.1123:ijsnem.2017-0129,<,0.05
10.1123:ijsnem.2017-0129,<,0.05
10.1123:ijsnem.2017-0129,<,0.05
10.1123:ijsnem.2017-0129,<,0.05
10.1123:ijsnem.2017-0161,<,0.05
10.1123:ijsnem.2017-0161,<,0.05
10.1123:ijsnem.2017-0161,=,0.1
10.1123:ijsnem.2017-0161,<,0.05
10.1123:ijsnem.2017-0161,=,0.07
10.1123:ijsnem.2017-0161,>,0.05
10.1123:ijsnem.2017-0161,=,0.25
10.1123:ijsnem.2017-0161,<,0.001
10.1123:ijsnem.2017-0161,=,0.61
10.1123:ijsnem.2017-0161,=,0.93
10.1123:ijsnem.2017-0161,=,0.02
10.1123:ijsnem.2017-0161,=,0.01
10.1123:ijsnem.2017-0161,=,0.003
10.1123:ijsnem.2017-0161,=,0.03
10.1123:ijsnem.2017-0161,=,0.01
10.1123:ijsnem.2017-0161,=,0.02
10.1123:ijsnem.2017-0161,=,0.01
10.1123:ijsnem.2017-0161,=,0.01
10.1123:ijsnem.2017-0161,=,0.03
10.1123:ijsnem.2017-0161,=,0.02
10.1123:ijsnem.2017-0161,=,0.01
10.1123:ijsnem.2017-0161,=,0.01
10.1123:ijsnem.2017-0161,<,0.05
10.1123:ijsnem.2017-0161,>,0.05
10.1123:ijsnem.2017-0161,>,0.05
10.1123:ijsnem.2017-0161,=,0.02
10.1123:ijsnem.2017-0161,=,0.07
10.1123:ijsnem.2017-0161,>,0.05
10.1123:ijsnem.2018-0214,<,0.05
10.1123:ijsnem.2018-0214,=,0.032
10.1123:ijsnem.2018-0214,=,0.01
10.1123:ijsnem.2018-0214,=,0.001
10.1123:ijsnem.2018-0214,=,0.001
10.1123:ijsnem.2018-0214,<,0.05
10.1123:ijsnem.2018-0214,<,0.05
10.1123:ijsnem.2018-0214,>,0.05
10.1123:ijsnem.2018-0214,>,0.05
10.1123:ijsnem.2018-0214,=,0.01
10.1123:ijsnem.2018-0214,=,0.42
10.1123:ijsnem.2018-0214,=,0.01
10.1123:ijsnem.2018-0214,=,0.17
10.1123:ijsnem.2018-0214,=,0.42
10.1123:ijsnem.2018-0214,=,0.49
10.1123:ijsnem.2018-0214,=,0.38
10.1123:ijsnem.2018-0214,=,0.54
10.1123:ijsnem.2018-0214,=,0.41
10.1123:ijsnem.2018-0214,=,0.38
10.1123:ijsnem.2018-0214,=,0.02
10.1123:ijsnem.2018-0214,=,0.005
10.1123:ijsnem.2018-0214,=,0.02
10.1123:ijsnem.2018-0214,=,0.012
10.1123:ijsnem.2018-0214,=,0.001
10.1123:ijsnem.2018-0214,=,0.032
10.1123:ijsnem.2018-0214,=,0.001
10.1123:ijsnem.2018-0214,=,0.04
10.1123:ijsnem.2018-0214,=,0.38
10.1123:ijsnem.2018-0214,=,0.47
10.1123:ijsnem.2018-0214,=,0.31
10.1123:ijsnem.2018-0214,=,0.01
10.1123:ijsnem.2018-0214,=,0.536
10.1123:ijsnem.2018-0214,=,0.11
10.1123:ijsnem.2018-0214,=,0.37
10.1123:ijsnem.2018-0214,=,0.014
10.1123:ijsnem.2018-0214,=,0.007
10.1123:ijsnem.2018-0214,=,0.78
10.1123:ijsnem.2018-0214,=,0.001
10.1123:ijsnem.2018-0214,=,0.001
10.1123:ijsnem.2018-0214,=,0.002
10.1123:ijsnem.2018-0214,=,0.12
10.1123:ijsnem.2018-0214,=,0.27
10.1123:ijsnem.2018-0214,<,0.05
10.1123:ijsnem.2018-0214,<,0.05
10.1123:ijsnem.2018-0214,<,0.05
10.1123:ijsnem.2018-0214,<,0.05
10.1123:ijsnem.2018-0214,<,0.05
10.1123:ijsnem.2018-0214,<,0.05
10.1123:ijsnem.2018-0286,<,0.01
10.1123:ijsnem.2018-0286,<,0.01
10.1123:ijsnem.2018-0286,<,0.01
10.1123:ijsnem.2018-0286,<,0.01
10.1123:ijsnem.2018-0286,>,0.05
10.1123:ijsnem.2018-0286,=,0.01
10.1123:ijsnem.2018-0286,>,0.05
10.1123:ijsnem.2018-0286,>,0.05
10.1123:ijsnem.2018-0286,>,0.05
10.1123:ijsnem.2018-0286,=,0.9
10.1123:ijsnem.2018-0286,<,0.001
10.1123:ijsnem.2018-0286,<,0.001
10.1123:ijsnem.2018-0286,<,0.001
10.1123:ijsnem.2018-0286,<,0.05
10.1123:ijsnem.2018-0286,<,0.001
10.1123:ijsnem.2018-0286,<,0.05
10.1123:ijsnem.2018-0286,≤,0.05
10.1123:ijsnem.2018-0286,>,0.05
10.1123:ijsnem.2018-0286,<,0.05
10.1123:ijsnem.2018-0286,<,0.001
10.1123:ijsnem.2018-0286,=,0.07
10.1123:ijsnem.2018-0286,<,0.01
10.1123:ijsnem.2018-0286,<,0.01
10.1123:ijsnem.2018-0286,=,0.01
10.1123:ijsnem.2018-0286,<,0.05
10.1123:ijsnem.2018-0286,<,0.05
10.1123:ijsnem.2018-0286,=,0.003
10.1123:ijsnem.2018-0398,=,0.005
10.1123:ijsnem.2018-0398,=,0.004
10.1123:ijsnem.2018-0398,=,0.044
10.1123:ijsnem.2018-0398,=,0.005
10.1123:ijsnem.2018-0398,=,0.004
10.1123:ijsnem.2018-0398,=,0.032
10.1123:ijsnem.2018-0398,=,0.14
10.1123:ijsnem.2018-0398,<,0.05
10.1123:ijsnem.2018-0398,=,0.221
10.1123:ijsnem.2018-0398,=,0.154
10.1123:ijsnem.2018-0398,=,0.52
10.1123:ijsnem.2018-0398,=,0.858
10.1123:ijsnem.2018-0398,=,0.442
10.1123:ijsnem.2018-0398,=,0.24
10.1123:ijsnem.2018-0398,=,0.958
10.1123:ijsnem.2018-0398,=,0.304
10.1123:ijsnem.2018-0398,=,0.954
10.1123:ijsnem.2018-0398,=,0.006
10.1123:ijsnem.2018-0398,=,0.019
10.1123:ijsnem.2018-0398,=,0.031
10.1123:ijsnem.2018-0398,=,0.023
10.1123:ijsnem.2018-0398,=,0.81
10.1123:ijsnem.2018-0398,=,0.902
10.1123:ijsnem.2018-0398,=,0.001
10.1123:ijsnem.2018-0398,=,0.001
10.1123:ijsnem.2018-0398,=,0.002
10.1123:ijsnem.2018-0398,=,0.676
10.1123:ijsnem.2018-0398,=,0.463
10.1123:ijsnem.2018-0398,=,0.696
10.1123:ijsnem.2018-0398,<,0.05
10.1123:ijsnem.2018-0398,=,0.001
10.1123:ijsnem.2018-0398,<,0.001
10.1123:ijsnem.2018-0398,=,0.032
10.1123:ijsnem.2018-0398,<,0.05
10.1123:ijsnem.2018-0398,=,0.001
10.1123:ijsnem.2018-0398,=,0.001
10.1123:ijsnem.2018-0398,=,0.001
10.1123:ijsnem.2018-0398,=,0.001
10.1123:ijsnem.2018-0398,<,0.001
10.1123:ijsnem.2018-0398,=,0.032
10.1123:ijsnem.2018-0398,<,0.05
10.1123:ijsnem.2018-0398,<,0.05
10.1123:ijsnem.2018-0398,<,0.05
10.1123:ijsnem.2018-0398,<,0.05
10.1123:ijsnem.2018-0398,=,0.001
10.1123:ijsnem.2018-0398,=,0.001
10.1123:ijsnem.2018-0398,=,0.001
10.1123:ijsnem.2019-0073,=,0.46
10.1123:ijsnem.2019-0073,>,0.05
10.1123:ijsnem.2019-0073,<,0.05
10.1123:ijsnem.2019-0073,=,0.2
10.1123:ijsnem.2019-0073,=,0.5
10.1123:ijsnem.2019-0073,=,0.8
10.1123:ijsnem.2019-0073,=,0.46
10.1123:ijsnem.2019-0073,=,0.62
10.1123:ijsnem.2019-0073,=,0.05
10.1123:ijsnem.2019-0073,=,0.64
10.1123:ijsnem.2019-0073,=,0.01
10.1123:ijsnem.2019-0073,<,0.001
10.1123:ijsnem.2019-0073,=,0.94
10.1123:ijsnem.2019-0073,<,0.001
10.1123:ijsnem.2019-0073,<,0.05
10.1123:ijsnem.2019-0073,=,0.02
10.1123:ijsnem.2019-0073,=,0.02
10.1123:ijsnem.2019-0073,=,0.03
10.1123:ijsnem.2019-0073,=,0.03
10.1123:ijsnem.2019-0073,<,0.05
10.1123:ijsnem.2019-0073,=,0.09
10.1123:ijsnem.2019-0073,=,0.11
10.1123:ijsnem.2019-0073,=,0.82
10.1123:ijsnem.2019-0073,=,0
10.1123:ijsnem.2019-0073,<,0.001
10.1123:ijsnem.2019-0073,=,0.86
10.1123:ijsnem.2019-0073,<,0.001
10.1123:ijsnem.2019-0073,<,0.05
10.1123:ijsnem.2019-0073,=,0.09
10.1123:ijsnem.2019-0073,<,0.05
10.1123:ijsnem.2019-0073,=,0.58
10.1123:ijsnem.2019-0073,=,0.05
10.1123:ijsnem.2019-0073,=,0.4
10.1123:ijsnem.2019-0073,=,0.05
10.1123:ijsnem.2019-0073,<,1e-4
10.1123:ijsnem.2019-0073,=,0.68
10.1123:ijsnem.2019-0073,<,1e-4
10.1123:ijsnem.2019-0073,<,0.05
10.1123:ijsnem.2019-0073,<,0.05
10.1123:ijsnem.2019-0073,<,0.05
10.1123:ijsnem.2019-0090,=,0.266
10.1123:ijsnem.2019-0090,=,0.65
10.1123:ijsnem.2019-0090,=,0.765
10.1123:ijsnem.2019-0090,=,0.466
10.1123:ijsnem.2019-0090,=,0.633
10.1123:ijsnem.2019-0090,=,0.262
10.1123:ijsnem.2019-0090,=,0.347
10.1123:ijsnem.2019-0090,=,0.08
10.1123:ijsnem.2019-0090,≤,0.05
10.1123:ijsnem.2019-0090,=,1
10.1123:ijsnem.2019-0090,=,0.513
10.1123:ijsnem.2019-0090,=,0.468
10.1123:ijsnem.2019-0090,<,0.001
10.1123:ijsnem.2019-0090,=,0.52
10.1123:ijsnem.2019-0090,<,0.05
10.1123:ijsnem.2019-0090,<,0.01
10.1123:ijsnem.2019-0090,<,0.001
10.1123:ijsnem.2019-0090,=,0.531
10.1123:ijsnem.2019-0090,<,0.05
10.1123:ijsnem.2019-0090,<,0.01
10.1123:ijsnem.2019-0090,=,0.08
10.1123:ijsnem.2019-0090,=,0.128
10.1123:ijsnem.2019-0090,<,0.05
10.1123:ijsnem.2019-0090,<,0.05
10.1123:ijsnem.2019-0090,=,0.266
10.1123:ijsnem.2019-0090,=,0.001
10.1123:ijsnem.2019-0090,=,0.002
10.1123:ijsnem.2019-0090,<,0.05
10.1123:ijsnem.2019-0090,=,0.65
10.1123:ijsnem.2019-0090,=,0.765
10.1123:ijsnem.2019-0090,<,0.001
10.1123:ijsnem.2019-0090,<,0.001
10.1123:ijsnem.2019-0090,<,0.05
10.1123:ijsnem.2019-0090,<,0.01
10.1123:ijsnem.2019-0090,<,0.05
10.1123:ijsnem.2019-0090,<,0.01
10.1123:ijsnem.2019-0090,=,0.466
10.1123:ijsnem.2019-0090,=,0.633
10.1123:ijsnem.2019-0090,>,0.05
10.1123:ijsnem.2019-0090,=,0.347
10.1123:ijsnem.2019-0090,=,0.127
10.1123:ijsnem.2019-0090,<,0.01
10.1123:ijsnem.2019-0090,<,0.05
10.1123:ijsnem.2019-0090,<,0.01
10.1123:ijsnem.2019-0090,<,0.05
10.1123:ijsnem.2019-0090,<,0.01
10.1123:ijsnem.2019-0090,<,0.05
10.1123:ijsnem.2019-0176,<,0.01
10.1123:ijsnem.2019-0176,<,0.05
10.1123:ijsnem.2019-0176,>,0.05
10.1123:ijsnem.2019-0176,>,0.05
10.1123:ijsnem.2019-0176,=,0.05
10.1123:ijsnem.2019-0176,<,0.05
10.1123:ijsnem.2019-0176,>,0.05
10.1123:ijsnem.2019-0176,<,0.01
10.1123:ijsnem.2019-0176,>,0.05
10.1123:ijsnem.2019-0176,<,0.01
10.1123:ijsnem.2019-0176,<,0.01
10.1123:ijsnem.2019-0176,>,0.05
10.1123:ijsnem.2019-0176,<,0.05
10.1123:ijsnem.2019-0176,>,0.05
10.1123:ijsnem.2019-0176,=,0.001
10.1123:ijsnem.2019-0176,<,0.001
10.1123:ijsnem.2019-0176,<,0.001
10.1123:ijsnem.2019-0176,<,0.001
10.1123:ijsnem.2019-0176,=,0.033
10.1123:ijsnem.2019-0176,>,0.05
10.1123:ijsnem.2019-0176,>,0.05
10.1123:ijsnem.2019-0176,<,0.01
10.1123:ijsnem.2019-0176,=,0.022
10.1123:ijsnem.2019-0176,=,0.014
10.1123:ijsnem.2019-0176,<,0.01
10.1123:ijsnem.2019-0176,<,0.01
10.1123:ijsnem.2019-0176,<,0.01
10.1123:ijsnem.2019-0176,<,0.01
10.1123:ijsnem.2019-0176,<,0.01
10.1123:ijsnem.2019-0176,<,0.01
10.1123:ijsnem.2019-0176,=,0.73
10.1123:ijsnem.2019-0211,>,0.05
10.1123:ijsnem.2019-0211,=,0.039
10.1123:ijsnem.2019-0211,=,0.026
10.1123:ijsnem.2019-0211,=,0.44
10.1123:ijsnem.2019-0211,=,0.83
10.1123:ijsnem.2019-0211,=,0.039
10.1123:ijsnem.2019-0211,<,0.01
10.1123:ijsnem.2019-0211,=,0.37
10.1123:ijsnem.2019-0211,=,0.54
10.1123:ijsnem.2019-0211,=,0.01
10.1123:ijsnem.2019-0211,<,0.01
10.1123:ijsnem.2019-0211,=,0.02
10.1123:ijsnem.2019-0211,=,0.99
10.1123:ijsnem.2019-0211,=,0.2
10.1123:ijsnem.2019-0211,>,0.05
10.1123:ijsnem.2019-0211,>,0.05
10.1123:ijsnem.2019-0211,>,0.05
10.1123:ijsnem.2019-0211,=,0.44
10.1123:ijsnem.2019-0211,=,0.48
10.1123:ijsnem.2019-0211,=,0.026
10.1123:ijsnem.2019-0211,=,0.004
10.1123:ijsnem.2019-0211,=,0.11
10.1123:ijsnem.2019-0211,=,0.74
10.1123:ijsnem.2019-0211,=,0.004
10.1123:ijsnem.2019-0211,=,0.12
10.1123:ijsnem.2019-0211,=,0.84
10.1123:ijsnem.2019-0211,>,0.05
10.1123:ijsnem.2019-0211,>,0.05
10.1123:ijsnem.2019-0211,>,0.05
10.1123:ijsnem.2019-0211,<,0.05
10.1123:ijsnem.2019-0275,<,0.05
10.1123:ijsnem.2019-0275,<,0.05
10.1123:ijsnem.2019-0275,<,0.05
10.1123:ijsnem.2019-0275,=,0.25
10.1123:ijsnem.2019-0275,<,0.05
10.1123:ijsnem.2019-0275,=,0.71
10.1123:ijsnem.2019-0275,=,0.258
10.1123:ijsnem.2019-0275,=,0.006
10.1123:ijsnem.2019-0275,<,0.001
10.1123:ijsnem.2019-0275,=,0.299
10.1123:ijsnem.2019-0275,<,0.001
10.1123:ijsnem.2019-0275,<,0.001
10.1123:ijsnem.2019-0275,<,0.001
10.1123:ijsnem.2019-0275,=,0.019
10.1123:ijsnem.2019-0275,=,0.012
10.1123:ijsnem.2019-0275,=,0.016
10.1123:ijsnem.2019-0275,=,0.002
10.1123:ijsnem.2019-0275,=,0.021
10.1123:ijsnem.2019-0275,<,0.001
10.1123:ijsnem.2019-0275,=,0.016
10.1123:ijsnem.2019-0275,=,0.023
10.1123:ijsnem.2019-0275,<,0.001
10.1123:ijsnem.2019-0275,=,0.005
10.1123:ijsnem.2019-0275,=,0.001
10.1123:ijsnem.2019-0275,=,0.025
10.1123:ijsnem.2019-0275,=,0.849
10.1123:ijsnem.2019-0275,<,0.05
10.1123:ijsnem.2019-0308,=,0.92
10.1123:ijsnem.2019-0308,=,0.24
10.1123:ijsnem.2019-0308,=,0.55
10.1123:ijsnem.2019-0308,=,0.55
10.1123:ijsnem.2019-0308,=,0.59
10.1123:ijsnem.2019-0308,=,0.2
10.1123:ijsnem.2019-0308,=,0.57
10.1123:ijsnem.2019-0308,=,0.87
10.1123:ijsnem.2019-0308,=,0.49
10.1123:ijsnem.2019-0308,=,0.03
10.1123:ijsnem.2019-0308,=,0.94
10.1123:ijsnem.2019-0308,=,0.57
10.1123:ijsnem.2019-0308,=,0.55
10.1123:ijsnem.2019-0308,=,0.34
10.1123:ijsnem.2019-0308,≤,0.005
10.1123:ijsnem.2019-0308,<,0.01
10.1123:ijsnem.2019-0308,<,0.01
10.1123:ijsnem.2019-0308,=,0.88
10.1123:ijsnem.2019-0308,=,0.16
10.1123:ijsnem.2019-0308,=,0.39
10.1123:ijsnem.2019-0308,=,0.09
10.1123:ijsnem.2019-0308,=,0.44
10.1123:ijsnem.2019-0308,=,0.21
10.1123:ijsnem.2019-0308,=,0.51
10.1123:ijsnem.2019-0308,=,0.36
10.1123:ijsnem.2019-0308,=,0.13
10.1123:ijsnem.2019-0308,=,0.02
10.1123:ijsnem.2019-0308,=,0.19
10.1123:ijsnem.2019-0308,=,0.02
10.1123:ijsnem.2019-0308,=,0.59
10.1123:ijsnem.2019-0308,=,0.06
10.1123:ijsnem.2019-0308,=,0.29
10.1123:ijsnem.2019-0308,=,0.19
10.1123:ijsnem.2019-0308,<,0.001
10.1123:ijsnem.2019-0308,<,0.001
10.1123:ijsnem.2019-0308,<,0.001
10.1123:ijsnem.2019-0308,<,0.001
10.1123:ijsnem.2019-0308,=,0.005
10.1123:ijsnem.2019-0308,<,0.001
10.1123:ijsnem.2019-0308,<,0.001
10.1123:ijsnem.2019-0308,<,0.001
10.1123:ijsnem.2019-0308,=,0.76
10.1123:ijsnem.2019-0308,=,0.13
10.1123:ijsnem.2019-0308,=,0.69
10.1123:ijsnem.2019-0308,=,0.18
10.1123:ijsnem.2019-0308,=,0.78
10.1123:ijsnem.2019-0308,=,0.14
10.1123:ijsnem.2019-0308,=,0.38
10.1123:ijsnem.2019-0308,=,0.19
10.1123:ijsnem.2019-0308,=,0.55
10.1123:ijsnem.2019-0308,=,0.59
10.1123:ijsnem.2019-0308,=,0.57
10.1123:ijsnem.2019-0308,=,0.49
10.1123:ijsnem.2019-0308,=,0.94
10.1123:ijsnem.2019-0308,=,0.55
10.1123:ijsnem.2019-0308,=,0.96
10.1123:ijsnem.2019-0308,=,0.92
10.1123:ijsnem.2019-0308,=,0.004
10.1123:ijsnem.2019-0308,<,0.001
10.1123:ijsnem.2019-0308,=,0.003
10.1123:ijsnem.2019-0308,=,0.001
10.1123:ijsnem.2019-0308,<,0.001
10.1123:ijsnem.2019-0308,=,0.009
10.1123:ijsnem.2019-0308,=,0.012
10.1123:ijsnem.2019-0308,=,0.02
10.1123:ijsnem.2019-0308,=,0.34
10.1123:ijsnem.2019-0308,=,0.12
10.1123:ijsnem.2019-0308,=,0.19
10.1123:ijsnem.2019-0308,=,0.09
10.1123:ijsnem.2019-0308,=,0.44
10.1123:ijsnem.2019-0308,=,0.44
10.1123:ijsnem.2019-0308,=,0.18
10.1123:ijsnem.2019-0308,=,0.15
10.1123:ijsnem.2019-0308,=,0.55
10.1123:ijsnem.2019-0308,=,0.19
10.1123:ijsnem.2019-0308,=,0.87
10.1123:ijsnem.2019-0308,=,0.03
10.1123:ijsnem.2019-0308,=,0.57
10.1123:ijsnem.2019-0308,=,0.34
10.1123:ijsnem.2019-0308,=,0.29
10.1123:ijsnem.2019-0308,=,0.24
10.1123:ijsnem.2019-0308,=,0.001
10.1123:ijsnem.2019-0308,<,0.001
10.1123:ijsnem.2019-0308,<,0.001
10.1123:ijsnem.2019-0308,=,0.001
10.1123:ijsnem.2019-0308,=,0.001
10.1123:ijsnem.2019-0308,=,0.07
10.1123:ijsnem.2019-0308,=,0.21
10.1123:ijsnem.2019-0308,=,0.29
10.1123:ijsnem.2019-0308,<,0.01
10.1123:ijsnem.2019-0308,<,0.01
10.1123:ijsnem.2019-0312,<,0.05
10.1123:ijsnem.2019-0312,<,0.05
10.1123:ijsnem.2019-0312,>,0.05
10.1123:ijsnem.2019-0312,<,0.01
10.1123:ijsnem.2019-0312,>,0.05
10.1123:ijsnem.2019-0312,<,0.01
10.1123:ijsnem.2019-0312,>,0.05
10.1123:ijsnem.2019-0312,=,0.67
10.1123:ijsnem.2019-0312,=,0.9
10.1123:ijsnem.2019-0312,=,0.51
10.1123:ijsnem.2019-0312,=,0.36
10.1123:ijsnem.2019-0312,=,0.63
10.1123:ijsnem.2019-0312,=,0.99
10.1123:ijsnem.2019-0312,<,0.01
10.1123:ijsnem.2019-0312,<,0.01
10.1123:ijsnem.2019-0312,<,0.01
10.1123:ijsnem.2019-0312,>,0.05
10.1123:ijsnem.2019-0312,<,0.01
10.1123:ijsnem.2019-0312,>,0.05
10.1123:ijsnem.2019-0312,>,0.05
10.1123:ijsnem.2019-0312,<,0.01
10.1123:ijsnem.2019-0312,<,0.01
10.1123:ijsnem.2019-0312,<,0.01
10.1123:ijsnem.2019-0312,<,0.01
10.1123:ijsnem.2019-0312,=,0.02
10.1123:ijsnem.2019-0312,>,0.05
10.1123:ijsnem.2019-0312,<,0.05
10.1123:ijsnem.2019-0312,<,0.05
10.1123:ijsnem.2019-0312,>,0.05
10.1123:ijsnem.2019-0312,<,0.01
10.1123:ijsnem.2019-0359,=,0.08
10.1123:ijsnem.2019-0359,=,0.026
10.1123:ijsnem.2019-0359,=,0.016
10.1123:ijsnem.2019-0359,<,0.05
10.1123:ijsnem.2019-0359,=,0.58
10.1123:ijsnem.2019-0359,=,0.08
10.1123:ijsnem.2019-0359,=,0.027
10.1123:ijsnem.2019-0359,<,0.05
10.1123:ijsnem.2019-0359,<,0.05
10.1123:ijsnem.2020-0031,<,0.001
10.1123:ijsnem.2020-0031,<,0.001
10.1123:ijsnem.2020-0031,=,0.553
10.1123:ijsnem.2020-0031,=,0.263
10.1123:ijsnem.2020-0031,=,0.525
10.1123:ijsnem.2020-0031,=,0.383
10.1123:ijsnem.2020-0031,=,0.696
10.1123:ijsnem.2020-0031,<,0.001
10.1123:ijsnem.2020-0031,<,0.001
10.1123:ijsnem.2020-0031,<,0.001
10.1123:ijsnem.2020-0031,<,0.001
10.1123:ijsnem.2020-0031,<,0.001
10.1123:ijsnem.2020-0031,=,0.63
10.1123:ijsnem.2020-0031,<,0.05
10.1123:ijsnem.2020-0031,=,0.04
10.1123:ijsnem.2020-0031,=,0.029
10.1123:ijsnem.2020-0031,<,0.001
10.1123:ijsnem.2020-0031,=,0.025
10.1123:ijsnem.2020-0031,<,0.001
10.1123:ijsnem.2020-0031,=,0.496
10.1123:ijsnem.2020-0031,=,0.39
10.1123:ijsnem.2020-0031,=,0.147
10.1123:ijsnem.2020-0031,=,0.008
10.1123:ijsnem.2020-0031,<,0.05
10.1123:ijsnem.2020-0031,<,0.05
10.1123:ijsnem.2020-0034,=,0.128
10.1123:ijsnem.2020-0034,<,0.001
10.1123:ijsnem.2020-0034,<,0.001
10.1123:ijsnem.2020-0034,<,0.875
10.1123:ijsnem.2020-0034,<,0.05
10.1123:ijsnem.2020-0034,=,0.128
10.1123:ijsnem.2020-0034,=,0.457
10.1123:ijsnem.2020-0034,<,0.001
10.1123:ijsnem.2020-0034,<,0.001
10.1123:ijsnem.2020-0034,<,0.001
10.1123:ijsnem.2020-0034,=,0.875
10.1123:ijsnem.2020-0034,<,0.001
10.1123:ijsnem.2020-0051,<,0.05
10.1123:ijsnem.2020-0051,=,0.77
10.1123:ijsnem.2020-0051,=,0.013
10.1123:ijsnem.2020-0051,<,0.05
10.1123:ijsnem.2020-0051,<,0.05
10.1123:ijsnem.2020-0051,=,0.009
10.1123:ijsnem.2020-0051,>,0.05
10.1123:ijsnem.2020-0051,>,0.05
10.1123:ijsnem.2020-0051,>,0.05
10.1123:ijsnem.2020-0051,<,0.05
10.1123:ijsnem.2020-0051,=,0.013
10.1123:ijsnem.2020-0051,=,0.009
10.1123:ijsnem.2020-0054,<,0.05
10.1123:ijsnem.2020-0054,<,0.05
10.1123:ijsnem.2020-0054,<,0.05
10.1123:ijsnem.2020-0054,<,0.05
10.1123:ijsnem.2020-0054,≤,0.05
10.1123:ijsnem.2020-0054,=,1e-4
10.1123:ijsnem.2020-0054,=,1e-4
10.1123:ijsnem.2020-0054,<,0.05
10.1123:ijsnem.2020-0054,=,1e-4
10.1123:ijsnem.2020-0054,=,1e-4
10.1123:ijsnem.2020-0054,<,0.05
10.1123:ijsnem.2020-0054,<,0.05
10.1123:ijsnem.2020-0054,=,1e-4
10.1123:ijsnem.2020-0054,=,1e-4
10.1123:ijsnem.2020-0054,<,0.05
10.1123:ijsnem.2020-0054,=,1e-4
10.1123:ijsnem.2020-0054,=,0.005
10.1123:ijsnem.2020-0054,<,0.05
10.1123:ijsnem.2020-0054,<,0.05
10.1123:ijsnem.2020-0054,<,0.05
10.1123:ijsnem.2020-0054,<,0.05
10.1123:ijsnem.2020-0054,<,0.05
10.1123:ijsnem.2020-0057,<,0.05
10.1123:ijsnem.2020-0057,≥,0.17
10.1123:ijsnem.2020-0057,=,0.17
10.1123:ijsnem.2020-0057,=,0.26
10.1123:ijsnem.2020-0057,=,0.24
10.1123:ijsnem.2020-0057,=,0.25
10.1123:ijsnem.2020-0057,≤,0.05
10.1123:ijsnem.2020-0057,≥,0.33
10.1123:ijsnem.2020-0057,<,0.05
10.1123:ijsnem.2020-0057,=,0.99
10.1123:ijsnem.2020-0057,=,0.95
10.1123:ijsnem.2020-0057,<,0.05
10.1123:ijsnem.2020-0057,≥,0.17
10.1123:ijsnem.2020-0057,≥,0.55
10.1123:ijsnem.2020-0057,≤,0.05
10.1123:ijsnem.2020-0057,≥,0.39
10.1123:ijsnem.2020-0057,≥,0.75
10.1123:ijsnem.2020-0113,=,0.001
10.1123:ijsnem.2020-0113,=,0.421
10.1123:ijsnem.2020-0113,=,0.822
10.1123:ijsnem.2020-0113,=,0.012
10.1123:ijsnem.2020-0113,=,0.005
10.1123:ijsnem.2020-0113,=,0.282
10.1123:ijsnem.2020-0113,=,0.585
10.1123:ijsnem.2020-0113,=,0.083
10.1123:ijsnem.2020-0113,<,0.05
10.1123:ijsnem.2020-0113,>,0.05
10.1123:ijsnem.2020-0113,<,0.05
10.1123:ijsnem.2020-0113,<,0.05
10.1123:ijsnem.2020-0113,>,0.05
10.1123:ijsnem.2020-0113,<,0.05
10.1123:ijsnem.2020-0113,=,0.001
10.1123:ijsnem.2020-0113,=,0.421
10.1123:ijsnem.2020-0113,=,0.822
10.1123:ijsnem.2020-0113,=,0.012
10.1123:ijsnem.2020-0113,=,0.049
10.1123:ijsnem.2020-0113,=,0.172
10.1123:ijsnem.2020-0113,=,0.363
10.1123:ijsnem.2020-0113,=,0.058
10.1123:ijsnem.2020-0113,=,0.005
10.1123:ijsnem.2020-0113,=,0.282
10.1123:ijsnem.2020-0113,=,0.585
10.1123:ijsnem.2020-0113,=,0.083
10.1123:ijsnem.2020-0113,=,0.359
10.1123:ijsnem.2020-0113,=,0.062
10.1123:ijsnem.2020-0113,=,0.779
10.1123:ijsnem.2020-0113,=,0.006
10.1123:ijsnem.2020-0113,=,0.783
10.1123:ijsnem.2020-0113,=,0.015
10.1123:ijsnem.2020-0113,=,0.905
10.1123:ijsnem.2020-0113,=,0.006
10.1123:ijsnem.2020-0113,=,0.497
10.1123:ijsnem.2020-0113,=,0.039
10.1123:ijsnem.2020-0113,=,0.159
10.1123:ijsnem.2020-0113,=,0.133
10.1123:ijsnem.2020-0113,=,0.772
10.1123:ijsnem.2020-0113,=,0.009
10.1123:ijsnem.2020-0113,=,0.685
10.1123:ijsnem.2020-0113,=,0.016
10.1123:ijsnem.2020-0113,<,0.05
10.1123:ijsnem.2020-0126,=,0.001
10.1123:ijsnem.2020-0126,=,0.71
10.1123:ijsnem.2020-0126,=,0.001
10.1123:ijsnem.2020-0126,=,0.79
10.1123:ijsnem.2020-0126,=,0.001
10.1123:ijsnem.2020-0126,=,0.8
10.1123:ijsnem.2020-0126,=,0.001
10.1123:ijsnem.2020-0126,=,0.64
10.1123:ijsnem.2020-0126,≤,0.05
10.1123:ijsnem.2020-0126,=,0.451
10.1123:ijsnem.2020-0126,=,0.19
10.1123:ijsnem.2020-0126,=,0.001
10.1123:ijsnem.2020-0126,=,0.71
10.1123:ijsnem.2020-0126,=,0.866
10.1123:ijsnem.2020-0126,=,0.01
10.1123:ijsnem.2020-0126,=,0.001
10.1123:ijsnem.2020-0126,=,0.79
10.1123:ijsnem.2020-0126,=,0.082
10.1123:ijsnem.2020-0126,=,0.14
10.1123:ijsnem.2020-0126,=,0.001
10.1123:ijsnem.2020-0126,=,0.8
10.1123:ijsnem.2020-0126,=,0.088
10.1123:ijsnem.2020-0126,=,0.13
10.1123:ijsnem.2020-0126,=,0.411
10.1123:ijsnem.2020-0126,=,0.1
10.1123:ijsnem.2020-0126,=,0.124
10.1123:ijsnem.2020-0126,=,0.14
10.1123:ijsnem.2020-0126,=,0.133
10.1123:ijsnem.2020-0126,=,0.15
10.1123:ijsnem.2020-0126,=,0.098
10.1123:ijsnem.2020-0126,=,0.19
10.1123:ijsnem.2020-0126,=,0.245
10.1123:ijsnem.2020-0126,=,0.09
10.1123:ijsnem.2020-0126,=,0.108
10.1123:ijsnem.2020-0126,=,0.12
10.1123:ijsnem.2020-0126,=,0.001
10.1123:ijsnem.2020-0126,=,0.64
10.1123:ijsnem.2020-0126,=,0.322
10.1123:ijsnem.2020-0126,=,0.1
10.1123:ijsnem.2020-0126,=,0.001
10.1123:ijsnem.2020-0126,=,0.97
10.1123:ijsnem.2020-0126,=,0.143
10.1123:ijsnem.2020-0126,=,0.15
10.1123:ijsnem.2020-0126,<,0.001
10.1123:ijsnem.2020-0126,<,0.001
10.1123:ijsnem.2020-0139,<,0.05
10.1123:ijsnem.2020-0164,=,0.21
10.1123:ijsnem.2020-0164,=,0.4
10.1123:ijsnem.2020-0164,=,0.46
10.1123:ijsnem.2020-0164,=,0.015
10.1123:ijsnem.2020-0164,=,0.003
10.1123:ijsnem.2020-0164,=,0.007
10.1123:ijsnem.2020-0164,=,0.013
10.1123:ijsnem.2020-0164,=,0.013
10.1123:ijsnem.2020-0164,=,0.48
10.1123:ijsnem.2020-0164,=,0.06
10.1123:ijsnem.2020-0164,=,0.06
10.1123:ijsnem.2020-0164,=,0.46
10.1123:ijsnem.2020-0164,=,0.46
10.1123:ijsnem.2020-0164,=,0.21
10.1123:ijsnem.2020-0164,=,0.4
10.1123:ijsnem.2020-0164,=,0.46
10.1123:ijsnem.2020-0198,<,0.05
10.1123:ijsnem.2020-0198,<,0.05
10.1123:ijsnem.2020-0198,>,0.05
10.1123:ijsnem.2020-0198,<,0.05
10.1123:ijsnem.2020-0198,<,0.05
10.1123:ijsnem.2020-0198,>,0.05
10.1123:ijsnem.2020-0198,<,0.05
10.1123:ijsnem.2020-0198,>,0.05
10.1123:ijsnem.2020-0198,<,0.05
10.1123:ijsnem.2020-0198,<,0.05
10.1123:ijsnem.2020-0198,<,0.05
10.1123:ijsnem.2020-0198,<,0.05
10.1123:ijsnem.2020-0198,>,0.05
10.1123:ijsnem.2020-0198,>,0.05
10.1123:ijsnem.2020-0198,≥,0.05
10.1123:ijsnem.2020-0198,=,0.05
10.1123:ijsnem.2020-0198,=,0.066
10.1123:ijsnem.2020-0198,>,0.05
10.1123:ijsnem.2020-0198,>,0.05
10.1123:ijsnem.2020-0198,<,0.05
10.1123:ijsnem.2020-0198,<,0.05
10.1123:ijsnem.2020-0198,>,0.05
10.1123:ijsnem.2020-0198,<,0.05
10.1123:ijsnem.2020-0198,<,0.05
10.1123:ijsnem.2020-0198,<,0.05
10.1123:ijsnem.2020-0198,<,0.05
10.1123:ijsnem.2020-0198,<,0.05
10.1123:ijsnem.2020-0198,<,0.05
10.1123:ijsnem.2020-0198,<,0.05
10.1123:ijsnem.2020-0352,<,0.01
10.1123:ijsnem.2020-0352,<,0.05
10.1123:ijsnem.2020-0352,<,0.01
10.1123:ijsnem.2020-0352,<,0.05
10.1123:ijsnem.2020-0352,<,0.05
10.1123:ijsnem.2020-0352,<,0.01
10.1123:ijsnem.2020-0352,<,0.01
10.1123:ijsnem.2020-0352,<,0.01
10.1123:ijsnem.2020-0352,<,0.01
10.1123:ijsnem.2020-0352,<,0.001
10.1123:ijsnem.2020-0352,=,0.09
10.1123:ijsnem.2020-0352,<,0.05
10.1123:ijsnem.2020-0352,<,0.01
10.1123:ijsnem.2020-0363,=,0.001
10.1123:ijsnem.2020-0363,=,0.004
10.1123:ijsnem.2020-0363,=,0.004
10.1123:ijsnem.2020-0363,=,1e-4
10.1123:ijsnem.2020-0363,>,0.05
10.1123:ijsnem.2020-0363,≤,0.05
10.1123:ijsnem.2020-0363,=,0.017
10.1123:ijsnem.2020-0363,=,0.173
10.1123:ijsnem.2020-0363,=,0.027
10.1123:ijsnem.2020-0363,=,0.044
10.1123:ijsnem.2020-0363,=,0.979
10.1123:ijsnem.2020-0363,=,0.004
10.1123:ijsnem.2020-0363,=,0.802
10.1123:ijsnem.2020-0363,=,0.223
10.1123:ijsnem.2020-0363,=,0.247
10.1123:ijsnem.2020-0363,=,0.551
10.1123:ijsnem.2020-0363,=,0.299
10.1123:ijsnem.2020-0363,=,0.467
10.1123:ijsnem.2020-0363,<,1e-4
10.1123:ijsnem.2020-0363,=,0.836
10.1123:ijsnem.2020-0363,=,2e-4
10.1123:ijsnem.2020-0363,=,1e-4
10.1123:ijsnem.2020-0363,=,0.988
10.1123:ijsnem.2020-0363,=,1e-4
10.1123:ijsnem.2020-0363,=,0.768
10.1123:ijsnem.2020-0363,=,0.877
10.1123:ijsnem.2020-0363,=,0.591
10.1123:ijsnem.2020-0363,=,0.299
10.1123:ijsnem.2020-0363,=,0.614
10.1123:ijsnem.2020-0363,=,0.77
10.1123:ijsnem.2020-0363,<,1e-4
10.1123:ijsnem.2020-0363,=,0.889
10.1123:ijsnem.2020-0363,=,0.408
10.1123:ijsnem.2020-0363,=,0.195
10.1123:ijsnem.2020-0363,=,0.592
10.1123:ijsnem.2020-0363,=,0.201
10.1123:ijsnem.2021-0069,=,0.83
10.1123:ijsnem.2021-0069,=,0.036
10.1123:ijsnem.2021-0069,=,0.83
10.1123:ijsnem.2021-0069,<,0.001
10.1123:ijsnem.2021-0069,<,0.01
10.1123:ijsnem.2021-0069,=,0.38
10.1123:ijsnem.2021-0069,=,0.38
10.1123:ijsnem.2021-0069,=,0.81
10.1123:ijsnem.2021-0069,=,0.036
10.1123:ijsnem.2021-0069,=,1
10.1123:ijsnem.2021-0069,=,0.44
10.1123:ijsnem.2021-0069,=,0.004
10.1123:ijsnem.2021-0069,<,0.05
10.1123:ijsnem.2021-0117,>,0.05
10.1123:ijsnem.2021-0117,=,0.634
10.1123:ijsnem.2021-0117,=,0.014
10.1123:ijsnem.2021-0117,=,0.838
10.1123:ijsnem.2021-0117,=,0.003
10.1123:ijsnem.2021-0117,=,0.862
10.1123:ijsnem.2021-0117,=,0.002
10.1123:ijsnem.2021-0117,=,0.968
10.1123:ijsnem.2021-0117,=,1e-4
10.1123:ijsnem.2021-0117,=,0.836
10.1123:ijsnem.2021-0117,=,0.003
10.1123:ijsnem.2021-0117,=,0.883
10.1123:ijsnem.2021-0117,=,0.001
10.1123:ijsnem.2021-0117,=,0.978
10.1123:ijsnem.2021-0117,=,1e-4
10.1123:ijsnem.2021-0117,=,0.842
10.1123:ijsnem.2021-0117,=,0.002
10.1123:ijsnem.2021-0117,=,0.759
10.1123:ijsnem.2021-0117,=,0.006
10.1123:ijsnem.2021-0117,=,0.94
10.1123:ijsnem.2021-0117,=,1e-4
10.1123:ijsnem.2021-0117,=,0.631
10.1123:ijsnem.2021-0117,=,0.014
10.1123:ijsnem.2021-0117,=,0.754
10.1123:ijsnem.2021-0117,=,0.006
10.1123:ijsnem.2021-0117,=,0.818
10.1123:ijsnem.2021-0117,=,0.003
10.1123:ijsnem.2021-0117,=,0.829
10.1123:ijsnem.2021-0117,=,0.003
10.1123:ijsnem.2021-0117,=,0.723
10.1123:ijsnem.2021-0117,=,0.008
10.1123:ijsnem.2021-0117,=,0.961
10.1123:ijsnem.2021-0117,=,1e-4
10.1123:ijsnem.2021-0265,<,0.05
10.1123:ijsnem.2021-0265,<,0.05
10.1123:ijsnem.2021-0265,=,0.3
10.1123:ijsnem.2021-0265,<,0.05
10.1123:ijsnem.2021-0265,>,0.05
10.1123:ijsnem.2021-0265,=,0.015
10.1123:ijsnem.2021-0265,=,0.037
10.1123:ijsnem.2021-0265,=,0.014
10.1123:ijsnem.2021-0265,=,0.017
10.1123:ijsnem.2021-0265,>,0.05
10.1123:ijsnem.2021-0265,>,0.05
10.1123:ijsnem.2021-0265,>,0.05
10.1123:ijsnem.2021-0265,<,0.001
10.1123:ijsnem.2021-0265,>,0.05
10.1123:ijsnem.2021-0265,>,0.05
10.1123:ijsnem.2021-0265,<,0.001
10.1123:ijsnem.2021-0265,<,0.001
10.1123:ijsnem.2021-0265,=,0.142
10.1123:ijsnem.2021-0265,>,0.05
10.1123:ijsnem.2021-0265,>,0.05
10.1123:ijsnem.2021-0265,<,0.05
10.1123:ijsnem.2021-0265,<,0.05
10.1123:ijsnem.2021-0265,<,0.05
10.1123:ijsnem.2021-0265,<,0.05
10.1123:ijsnem.2021-0265,>,0.05
10.1123:ijsnem.2021-0265,<,0.05
10.1123:ijsnem.2021-0265,>,0.05
10.1123:ijsnem.2021-0265,<,0.05
10.1123:ijsnem.2021-0265,>,0.05
10.1123:ijsnem.2021-0346,=,0.04
10.1123:ijsnem.2021-0346,<,0.001
10.1123:ijsnem.2021-0346,<,0.05
10.1123:ijsnem.2021-0346,=,0.04
10.1123:ijsnem.2021-0346,=,0.8
10.1123:ijsnem.2021-0346,=,0.12
10.1123:ijsnem.2021-0346,≥,0.11
10.1123:ijsnem.2021-0346,=,0.26
10.1123:ijsnem.2021-0346,<,0.001
10.1123:ijsnem.2021-0346,<,0.001
10.1123:ijsnem.2021-0346,<,0.001
10.1123:ijsnem.2021-0346,<,0.05
10.1123:ijsnem.2021-0346,=,0.02
10.1123:ijsnem.2021-0346,<,0.001
10.1123:ijsnem.2021-0346,<,0.05
10.1123:ijsnem.2021-0346,=,0.07
10.1123:ijsnem.2021-0346,<,0.01
10.1123:ijsnem.2021-0346,<,0.001
10.1123:ijsnem.2021-0346,<,0.05
10.1123:ijsnem.2021-0346,<,0.05
10.1123:ijsnem.2021-0346,=,0.08
10.1123:ijsnem.2021-0346,<,0.001
10.1123:ijsnem.2021-0346,=,0.04
10.1123:ijsnem.2021-0346,<,0.05
10.1123:ijsnem.2021-0346,<,0.001
10.1123:ijsnem.2021-0346,<,1e-4
10.1123:ijsnem.2021-0346,<,0.05
10.1123:ijspp.2019-0790,=,0.242
10.1123:ijspp.2019-0790,=,0.517
10.1123:ijspp.2019-1005,=,0.474
10.1123:ijspp.2019-1005,=,0.307
10.1123:ijspp.2019-1005,=,0.043
10.1123:ijspp.2019-1005,=,0.016
10.1123:ijspp.2019-1005,=,0.016
10.1123:ijspp.2020-0142,=,0.48
10.1123:ijspp.2020-0142,=,0.02
10.1123:ijspp.2020-0142,=,0.19
10.1123:ijspp.2020-0142,=,0.02
10.1123:ijspp.2020-0142,=,0.01
10.1123:ijspp.2020-0295,=,0.01
10.1123:ijspp.2020-0295,=,0.06
10.1123:ijspp.2020-0295,=,0.14
10.1123:ijspp.2020-0295,=,0.14
10.1123:ijspp.2020-0295,=,0.12
10.1123:ijspp.2020-0295,=,0.03
10.1123:ijspp.2020-0295,=,0.12
10.1123:ijspp.2020-0295,=,0.08
10.1123:ijspp.2020-0295,=,0.15
10.1123:ijspp.2020-0295,=,0.15
10.1123:ijspp.2020-0295,=,0.08
10.1123:ijspp.2020-0295,=,0.47
10.1123:ijspp.2020-0295,=,0.49
10.1123:ijspp.2020-0295,=,0.08
10.1123:ijspp.2020-0295,=,0.12
10.1123:ijspp.2020-0295,=,0.22
10.1123:ijspp.2021-0020,=,0.01
10.1123:ijspp.2021-0020,<,0.001
10.1123:ijspp.2021-0020,=,0.036
10.1123:ijspp.2021-0020,=,0.023
10.1123:ijspp.2021-0020,<,0.05
10.1123:ijspp.2021-0020,=,0.125
10.1123:ijspp.2021-0020,=,0.99
10.1123:ijspp.2021-0020,=,0.008
10.1123:ijspp.2021-0020,=,0.716
10.1123:ijspp.2021-0020,=,0.025
10.1123:ijspp.2021-0020,<,0.001
10.1123:ijspp.2021-0020,=,2e-4
10.1123:ijspp.2021-0020,=,0.036
10.1123:ijspp.2021-0020,=,0.023
10.1123:ijspp.2021-0020,=,0.371
10.1123:ijspp.2021-0020,=,0.258
10.1123:ijspp.2021-0020,<,0.05
10.1123:ijspp.2021-0190,=,0.44
10.1123:ijspp.2021-0190,=,0.01
10.1123:ijspp.2021-0190,=,0.2
10.1123:ijspp.2021-0190,=,0.3
10.1123:ijspp.2021-0190,=,0.2
10.1123:ijspp.2021-0190,<,0.01
10.1123:ijspp.2021-0190,<,0.01
10.1123:ijspp.2021-0190,=,0.04
10.1123:ijspp.2021-0190,=,0.09
10.1123:ijspp.2021-0190,=,0.25
10.1123:ijspp.2021-0190,=,0.02
10.1123:ijspp.2021-0190,=,0.01
10.1123:ijspp.2021-0190,=,0.62
10.1123:ijspp.2021-0190,<,0.05
10.1123:ijspp.2021-0190,=,0.05
10.1123:ijspp.2021-0190,=,0.6
10.1123:ijspp.2021-0190,=,0.93
10.1123:ijspp.2021-0190,<,0.01
10.1123:ijspp.2021-0190,<,0.01
10.1123:ijspp.2021-0190,<,0.01
10.1123:ijspp.2021-0190,=,0.35
10.1123:ijspp.2021-0190,=,0.67
10.1123:ijspp.2021-0190,=,0.12
10.1123:ijspp.2021-0190,<,0.01
10.1123:ijspp.2021-0190,=,0.19
10.1123:ijspp.2021-0190,=,0.44
10.1123:ijspp.2021-0190,=,0.01
10.1123:ijspp.2021-0190,=,0.2
10.1123:ijspp.2021-0190,=,0.3
10.1123:ijspp.2021-0190,<,0.01
10.1123:ijspp.2021-0190,=,0.18
10.1123:ijspp.2021-0190,=,0.2
10.1123:ijspp.2021-0190,<,0.01
10.1123:ijspp.2021-0190,=,0.04
10.1123:ijspp.2021-0190,=,0.09
10.1123:ijspp.2021-0190,=,0.25
10.1123:ijspp.2021-0190,=,0.02
10.1123:ijspp.2021-0190,=,0.01
10.1123:ijspp.2021-0190,=,0.62
10.1123:ijspp.2021-0190,<,0.05
10.1123:ijspp.2021-0190,<,0.05
10.1123:ijspp.2021-0190,<,0.05
10.1123:ijspp.2021-0190,<,0.05
10.1123:ijspp.2022-0144,=,0.09
10.1123:ijspp.2022-0144,=,0.01
10.1123:ijspp.2022-0144,=,0.14
10.1123:ijspp.2022-0144,=,0.01
10.1123:ijspp.2022-0144,=,0.09
10.1123:ijspp.2022-0144,=,0.04
10.1123:ijspp.2022-0144,=,0.08
10.1123:ijspp.2022-0144,=,0.08
10.1123:ijspp.2022-0144,=,0.02
10.1123:ijspp.2022-0144,=,0.13
10.1123:ijspp.2022-0144,=,0.11
10.1123:ijspp.2022-0144,=,0.13
10.1123:ijspp.2022-0144,=,0.26
10.1123:ijspp.2022-0144,=,0
10.1123:ijspp.2022-0144,=,0.02
10.1123:ijspp.2022-0144,=,0.01
10.1123:ijspp.2022-0144,=,0.17
10.1123:ijspp.2022-0144,=,0.24
10.1123:ijspp.2022-0144,=,0.02
10.1123:ijspp.2022-0144,=,0
10.1123:ijspp.2022-0144,=,0.02
10.1123:ijspp.2022-0144,=,0.02
10.1123:ijspp.2022-0144,=,0.01
10.1123:ijspp.2022-0144,=,0.14
10.1123:ijspp.2022-0144,=,0.02
10.1123:ijspp.2022-0144,=,0.09
10.1123:ijspp.2022-0144,=,0.02
10.1123:ijspp.2022-0144,=,0.04
10.1123:ijspp.2022-0144,=,0.04
10.1123:ijspp.2022-0144,=,0.02
10.1123:ijspp.2022-0144,=,0.05
10.1123:ijspp.2022-0144,=,0.08
10.1123:ijspp.2022-0144,=,0.06
10.1123:ijspp.2022-0144,=,0.06
10.1123:ijspp.2022-0144,=,0
10.1123:ijspp.2022-0144,=,0.1
10.1123:ijspp.2022-0144,=,0.18
10.1123:ijspp.2022-0144,=,0.1
10.1123:ijspp.2022-0144,=,0.07
10.1123:ijspp.2022-0144,=,0.08
10.1123:ijspp.2022-0144,=,0.04
10.1123:ijspp.2022-0356,<,0.01
10.1123:ijspp.2022-0356,<,0.05
10.1123:ijspp.2022-0356,<,0.01
10.1123:ijspp.2022-0356,<,0.05
10.1123:ijspp.2022-0356,<,0.05
10.1123:ijspp.2022-0356,<,0.01
10.1123:ijspp.2022-0356,<,0.01
10.1123:ijspp.2022-0356,<,0.01
10.1123:ijspp.2022-0356,<,0.01
10.1123:ijspp.2022-0356,<,0.001
10.1123:ijspp.2022-0356,=,0.09
10.1123:ijspp.2022-0356,<,0.05
10.1123:ijspp.2022-0356,<,0.01
10.1123:ijspp.2023-0103,>,0.44
10.1123:ijspp.2023-0103,<,0.11
10.1123:ijspp.2023-0103,=,0.44
10.1123:ijspp.2023-0103,=,0.49
10.1123:ijspp.2023-0103,=,0.1
10.1123:ijspp.2023-0103,=,0.11
10.1123:ijspp.2024-0041,≤,0.102
10.1123:ijspp.2024-0041,=,0.258
10.1123:ijspp.2024-0041,=,0.193
10.1123:ijspp.2024-0041,=,0.133
10.1123:ijspp.2024-0041,=,0.143
10.1123:ijspp.2024-0041,=,0.136
10.1123:ijspp.2024-0041,=,0.26
10.1123:ijspp.2024-0041,=,0.13
10.1123:ijspp.2024-0041,=,0.142
10.1152:japplphysiol.00402.2021,=,0.37
10.1152:japplphysiol.00402.2021,=,0.55
10.1152:japplphysiol.00402.2021,=,0.4
10.1152:japplphysiol.00402.2021,=,0.88
10.1152:japplphysiol.00402.2021,=,0.03
10.1152:japplphysiol.00402.2021,=,0.51
10.1152:japplphysiol.00402.2021,=,0.66
10.1152:japplphysiol.00402.2021,=,0.57
10.1152:japplphysiol.00402.2021,=,0.01
10.1152:japplphysiol.00402.2021,=,0.45
10.1152:japplphysiol.00402.2021,=,0.08
10.1152:japplphysiol.00402.2021,=,0.72
10.1152:japplphysiol.00402.2021,=,0.43
10.1152:japplphysiol.00402.2021,=,0.17
10.1152:japplphysiol.00402.2021,=,0.44
10.1152:japplphysiol.00402.2021,=,0.84
10.1152:japplphysiol.00402.2021,=,0.89
10.1152:japplphysiol.00402.2021,=,0.02
10.1152:japplphysiol.00402.2021,=,0.89
10.1152:japplphysiol.00402.2021,=,0.3
10.1152:japplphysiol.00402.2021,=,0.02
10.1152:japplphysiol.00402.2021,=,0.65
10.1152:japplphysiol.00402.2021,=,0.05
10.1152:japplphysiol.00402.2021,=,0.37
10.1152:japplphysiol.00402.2021,=,0.15
10.1152:japplphysiol.00402.2021,=,0.001
10.1152:japplphysiol.00402.2021,=,0.55
10.1152:japplphysiol.00402.2021,=,0.4
10.1152:japplphysiol.00402.2021,=,0.54
10.1152:japplphysiol.00402.2021,=,0.34
10.1152:japplphysiol.00402.2021,=,0.29
10.1152:japplphysiol.00402.2021,=,0.2
10.1152:japplphysiol.00402.2021,=,0.37
10.1152:japplphysiol.00543.2021,=,0.3
10.1152:japplphysiol.00543.2021,=,0.8
10.1152:japplphysiol.00543.2021,=,0.15
10.1152:japplphysiol.00543.2021,=,0.1
10.1152:japplphysiol.00701.2019,=,0.009
10.1152:japplphysiol.00701.2019,=,0.44
10.1152:japplphysiol.00701.2019,=,0.496
10.1152:japplphysiol.00701.2019,=,0.007
10.1152:japplphysiol.00701.2019,=,0.465
10.1152:japplphysiol.00701.2019,=,0.53
10.1152:japplphysiol.00701.2019,=,0.087
10.1152:japplphysiol.00701.2019,=,0.617
10.1152:japplphysiol.00701.2019,=,0.444
10.1152:japplphysiol.00701.2019,=,0.72
10.1152:japplphysiol.00701.2019,=,0.487
10.1152:japplphysiol.00701.2019,=,0.302
10.1152:japplphysiol.00701.2019,=,0.909
10.1152:japplphysiol.00701.2019,=,0.34
10.1152:japplphysiol.00701.2019,=,0.99
10.1152:japplphysiol.00701.2019,=,0.275
10.1152:japplphysiol.00701.2019,=,0.422
10.1152:japplphysiol.00701.2019,=,0.516
10.1152:japplphysiol.00701.2019,=,0.375
10.1152:japplphysiol.00701.2019,=,0.522
10.1152:japplphysiol.00701.2019,=,0.861
10.1152:japplphysiol.00701.2019,=,0.389
10.1152:japplphysiol.00701.2019,=,0.678
10.1152:japplphysiol.00701.2019,=,0.76
10.1152:japplphysiol.00701.2019,=,0.003
10.1152:japplphysiol.00701.2019,=,0.071
10.1152:japplphysiol.00701.2019,=,0.26
10.1152:japplphysiol.00701.2019,=,0.201
10.1152:japplphysiol.00701.2019,=,0.583
10.1152:japplphysiol.00701.2019,=,0.915
10.1152:japplphysiol.00796.2020,=,0.024
10.1152:japplphysiol.00796.2020,=,0.51
10.1152:japplphysiol.00892.2020,=,0.972
10.1152:japplphysiol.00892.2020,=,0.247
10.1152:japplphysiol.00892.2020,=,0.243
10.1152:japplphysiol.00892.2020,=,0.128
10.1152:japplphysiol.00892.2020,=,0.228
10.1152:japplphysiol.00892.2020,=,0.603
10.1152:japplphysiol.00892.2020,=,0.283
10.1152:japplphysiol.00892.2020,=,0.724
10.1152:japplphysiol.00892.2020,=,0.036
10.1152:japplphysiol.00892.2020,=,0.279
10.1152:japplphysiol.00892.2020,=,0.724
10.1152:japplphysiol.00892.2020,=,0.01
10.1152:japplphysiol.00892.2020,=,0.065
10.1152:japplphysiol.00892.2020,=,0.121
10.1152:japplphysiol.00892.2020,=,0.01
10.1152:japplphysiol.00892.2020,=,0.054
10.1152:japplphysiol.00892.2020,=,0.153
10.1152:japplphysiol.00892.2020,=,0.196
10.1152:japplphysiol.00892.2020,=,0.045
10.1152:japplphysiol.00892.2020,=,0.019
10.1152:japplphysiol.00892.2020,=,0.025
10.1152:japplphysiol.00892.2020,=,0.097
10.1152:japplphysiol.00892.2020,=,0.125
10.1152:japplphysiol.00892.2020,=,0.088
10.1152:japplphysiol.00892.2020,=,0.054
10.1152:japplphysiol.00892.2020,=,0.596
10.1152:japplphysiol.00892.2020,=,0.283
10.1152:japplphysiol.00892.2020,=,0.822
10.1152:japplphysiol.00892.2020,=,0.72
10.1152:japplphysiol.00892.2020,=,0.59
10.1152:japplphysiol.00892.2020,=,0.748
10.1152:japplphysiol.00892.2020,=,0.24
10.1152:japplphysiol.00892.2020,=,0.084
10.1152:japplphysiol.00892.2020,=,0.079
10.1152:japplphysiol.00892.2020,=,0.181
10.1152:japplphysiol.00892.2020,=,0.001
10.1152:japplphysiol.00892.2020,=,0.477
10.1152:japplphysiol.00892.2020,=,0.276
10.1152:japplphysiol.00892.2020,=,0.089
10.1152:japplphysiol.00892.2020,=,0.09
10.1152:japplphysiol.00892.2020,=,0.132
10.1152:japplphysiol.00892.2020,=,0.008
10.1152:japplphysiol.00892.2020,=,0.027
10.1152:japplphysiol.00892.2020,=,0.306
10.1152:japplphysiol.00892.2020,=,0.199
10.1152:japplphysiol.00892.2020,<,0.001
10.1152:japplphysiol.00892.2020,=,0.167
10.1152:japplphysiol.00892.2020,=,0.114
10.1152:japplphysiol.00892.2020,=,0.109
10.1152:japplphysiol.00892.2020,=,0.03
10.1152:japplphysiol.00892.2020,=,0.352
10.1152:japplphysiol.00892.2020,=,0.546
10.1152:japplphysiol.00892.2020,=,0.543
10.1152:japplphysiol.00892.2020,=,0.168
10.1152:japplphysiol.00892.2020,=,0.316
10.1152:japplphysiol.00892.2020,=,0.439
10.1152:japplphysiol.00892.2020,=,0.748
10.1152:japplphysiol.00892.2020,=,0.008
10.1249:MSS.0000000000002129,=,0.066
10.1249:MSS.0000000000002129,=,0.02
10.1249:MSS.0000000000002129,=,0.041
10.1249:MSS.0000000000002129,=,0.037
10.1249:MSS.0000000000002129,=,0.063
10.1249:MSS.0000000000002129,=,0.043
10.1249:MSS.0000000000002129,=,0.562
10.1249:MSS.0000000000002129,=,0.129
10.1249:MSS.0000000000002129,=,0.058
10.1249:MSS.0000000000002129,=,0.03
10.1249:MSS.0000000000002129,=,0.036
10.1249:MSS.0000000000002129,=,0.134
10.1249:MSS.0000000000002129,=,0.98
10.1249:MSS.0000000000002129,=,0.089
10.1249:MSS.0000000000002129,=,0.066
10.1249:MSS.0000000000002129,=,0.004
10.1249:MSS.0000000000002129,=,0.15
10.1249:MSS.0000000000002129,=,0.821
10.1249:MSS.0000000000002129,=,0.177
10.1249:MSS.0000000000002129,=,0.05
10.1249:MSS.0000000000002129,=,0.025
10.1249:MSS.0000000000002129,=,0
10.1249:MSS.0000000000002129,=,0.027
10.1249:MSS.0000000000002129,=,0.37
10.1249:MSS.0000000000002129,=,0.018
10.1249:MSS.0000000000002129,=,0.209
10.1249:MSS.0000000000002129,=,0.03
10.1249:MSS.0000000000002129,=,0.167
10.1249:MSS.0000000000002129,=,0.084
10.1249:MSS.0000000000002129,=,0.237
10.1249:MSS.0000000000002129,=,0.221
10.1249:MSS.0000000000002129,=,0.016
10.1249:MSS.0000000000002129,=,0.011
10.1249:MSS.0000000000002129,=,0.004
10.1249:MSS.0000000000002129,=,0.005
10.1249:MSS.0000000000002129,=,0.025
10.1249:MSS.0000000000002129,=,0.092
10.1249:MSS.0000000000002129,=,0.021
10.1249:MSS.0000000000002129,=,0.016
10.1249:MSS.0000000000002129,=,0.066
10.1249:MSS.0000000000002129,=,0.057
10.1249:MSS.0000000000002129,=,0.052
10.1249:MSS.0000000000002129,=,0.022
10.1249:MSS.0000000000002129,=,0.066
10.1249:MSS.0000000000002129,=,0.071
10.1249:MSS.0000000000002129,=,0.065
10.1249:MSS.0000000000002129,=,0.001
10.1249:MSS.0000000000002129,=,0.09
10.1249:MSS.0000000000002129,=,0.136
10.1249:MSS.0000000000002444,=,0.6
10.1249:MSS.0000000000002444,=,0.51
10.1249:MSS.0000000000002444,=,0.67
10.1249:MSS.0000000000002444,=,0.35
10.1249:MSS.0000000000002444,=,0.63
10.1249:MSS.0000000000002444,=,0.85
10.1249:MSS.0000000000002444,=,0.61
10.1249:MSS.0000000000002444,=,0.24
10.1249:MSS.0000000000002444,=,0.26
10.1249:MSS.0000000000002444,=,0.53
10.1249:MSS.0000000000002444,=,0.39
10.1249:MSS.0000000000002444,=,0.48
10.1249:MSS.0000000000002477,=,0.01
10.1249:MSS.0000000000002477,=,0.1
10.1249:MSS.0000000000002477,=,0.25
10.1249:MSS.0000000000002477,=,0.17
10.1249:MSS.0000000000002608,=,0.01
10.1249:MSS.0000000000002608,=,0.06
10.1249:MSS.0000000000002608,=,0.14
10.1249:MSS.0000000000002608,=,0.73
10.1249:MSS.0000000000002608,=,0.56
10.1249:MSS.0000000000002608,=,0.06
10.1249:MSS.0000000000002608,=,0.67
10.1249:MSS.0000000000002608,=,0.21
10.1249:MSS.0000000000002608,=,0.02
10.1249:MSS.0000000000002608,=,0.56
10.1249:MSS.0000000000002608,=,0.33
10.1519:JSC.0000000000002496,=,0.023
10.1519:JSC.0000000000002496,=,0.048
10.1519:JSC.0000000000002496,=,0.14
10.1519:JSC.0000000000002496,=,0.282
10.1519:JSC.0000000000002496,>,0.05
10.1519:JSC.0000000000002496,<,0.05
10.1519:JSC.0000000000002496,>,0.2
10.1519:JSC.0000000000002496,=,0.147
10.1519:JSC.0000000000002496,=,0.067
10.1519:JSC.0000000000002496,=,0.023
10.1519:JSC.0000000000002496,=,0.14
10.1519:JSC.0000000000002496,=,0.374
10.1519:JSC.0000000000002496,=,0.051
10.1519:JSC.0000000000002496,=,0.425
10.1519:JSC.0000000000002496,=,0.048
10.1519:JSC.0000000000002496,=,0.127
10.1519:JSC.0000000000002496,=,0.127
10.1519:JSC.0000000000002496,<,0.05
10.1519:JSC.0000000000002496,<,0.05
10.1519:JSC.0000000000002524,<,0.05
10.1519:JSC.0000000000002524,=,0.63
10.1519:JSC.0000000000002524,=,0.33
10.1519:JSC.0000000000002524,=,0.32
10.1519:JSC.0000000000002524,=,0.2
10.1519:JSC.0000000000002524,=,0.28
10.1519:JSC.0000000000002524,=,0.56
10.1519:JSC.0000000000002632,=,0.655
10.1519:JSC.0000000000002632,=,0.471
10.1519:JSC.0000000000002632,=,0.057
10.1519:JSC.0000000000002632,=,0.67
10.1519:JSC.0000000000002632,=,0.645
10.1519:JSC.0000000000002632,=,0.669
10.1519:JSC.0000000000002632,=,0.639
10.1519:JSC.0000000000002632,=,0.152
10.1519:JSC.0000000000002632,=,0.118
10.1519:JSC.0000000000002632,=,0.531
10.1519:JSC.0000000000002632,=,0.698
10.1519:JSC.0000000000002632,=,0.024
10.1519:JSC.0000000000002632,=,0.002
10.1519:JSC.0000000000002632,=,0.345
10.1519:JSC.0000000000002632,=,0.303
10.1519:JSC.0000000000002632,=,0.076
10.1519:JSC.0000000000002632,=,0.783
10.1519:JSC.0000000000002632,=,0.416
10.1519:JSC.0000000000002632,=,0.057
10.1519:JSC.0000000000002632,=,0.606
10.1519:JSC.0000000000002632,=,0.082
10.1519:JSC.0000000000002632,=,0.01
10.1519:JSC.0000000000002632,=,0.013
10.1519:JSC.0000000000002649,=,0.007
10.1519:JSC.0000000000002649,=,0.001
10.1519:JSC.0000000000002649,=,0.001
10.1519:JSC.0000000000002649,=,0.005
10.1519:JSC.0000000000002649,=,0.01
10.1519:JSC.0000000000002649,=,0.155
10.1519:JSC.0000000000002649,=,0.025
10.1519:JSC.0000000000002649,=,0.002
10.1519:JSC.0000000000002649,=,0.003
10.1519:JSC.0000000000002649,=,0.244
10.1519:JSC.0000000000002649,=,0.018
10.1519:JSC.0000000000002649,=,0.022
10.1519:JSC.0000000000002649,=,0.122
10.1519:JSC.0000000000002649,=,0.01
10.1519:JSC.0000000000002649,=,0.004
10.1519:JSC.0000000000002649,=,0.273
10.1519:JSC.0000000000002649,=,0.19
10.1519:JSC.0000000000002649,=,0.108
10.1519:JSC.0000000000002649,=,0.288
10.1519:JSC.0000000000002649,=,0.514
10.1519:JSC.0000000000002649,=,0.006
10.1519:JSC.0000000000002649,=,0.173
10.1519:JSC.0000000000002670,=,0.76
10.1519:JSC.0000000000002767,=,0.64
10.1519:JSC.0000000000002767,=,0.39
10.1519:JSC.0000000000002767,=,0.14
10.1519:JSC.0000000000002767,=,0.94
10.1519:JSC.0000000000002767,=,0.61
10.1519:JSC.0000000000002767,=,0.57
10.1519:JSC.0000000000002767,=,1
10.1519:JSC.0000000000002852,=,0.9
10.1519:JSC.0000000000002852,=,0.39
10.1519:JSC.0000000000002852,=,0.7
10.1519:JSC.0000000000002852,=,0.7
10.1519:JSC.0000000000002852,=,0.9
10.1519:JSC.0000000000002852,=,0.3
10.1519:JSC.0000000000002852,=,0.5
10.1519:JSC.0000000000002852,=,0.2
10.1519:JSC.0000000000002852,=,0.8
10.1519:JSC.0000000000002852,=,0.03
10.1519:JSC.0000000000002852,=,0.8
10.1519:JSC.0000000000002852,=,0.2
10.1519:JSC.0000000000002852,=,0.7
10.1519:JSC.0000000000002897,=,0.001
10.1519:JSC.0000000000002897,=,0.006
10.1519:JSC.0000000000002897,=,0.001
10.1519:JSC.0000000000002897,=,0.001
10.1519:JSC.0000000000002897,=,0.006
10.1519:JSC.0000000000002897,=,0.07
10.1519:JSC.0000000000002897,=,0.317
10.1519:JSC.0000000000002897,=,0.108
10.1519:JSC.0000000000002899,=,0.81
10.1519:JSC.0000000000002899,=,0.17
10.1519:JSC.0000000000002899,=,0.38
10.1519:JSC.0000000000002899,=,0.16
10.1519:JSC.0000000000002899,=,0.17
10.1519:JSC.0000000000002899,=,0.97
10.1519:JSC.0000000000002899,=,0.03
10.1519:JSC.0000000000002899,=,0.06
10.1519:JSC.0000000000002899,=,0.81
10.1519:JSC.0000000000002905,=,0.67
10.1519:JSC.0000000000002905,=,0.551
10.1519:JSC.0000000000002905,=,0.359
10.1519:JSC.0000000000002905,=,0.322
10.1519:JSC.0000000000002905,=,0.369
